source_city,target_city,edge_weight,shared_projects
New York,San Francisco,595,595
Beijing,Shanghai,593,593
San Francisco,Tokyo,565,565
London,San Francisco,516,516
Beijing,Tokyo,498,498
San Francisco,Seattle,455,455
New York,Tokyo,440,440
Beijing,Hangzhou,436,436
Beijing,San Francisco,426,426
Shanghai,Tokyo,415,415
London,Tokyo,408,408
London,New York,407,407
Hangzhou,San Francisco,403,403
Hangzhou,Shanghai,361,361
Paris,San Francisco,353,353
San Francisco,Shanghai,352,352
New York,Seattle,344,344
Beijing,Shenzhen,337,337
Seattle,Tokyo,334,334
Beijing,Singapore,332,332
Berlin,San Francisco,321,321
Bengaluru,San Francisco,316,316
Beijing,London,314,314
Beijing,New York,307,307
Shanghai,Shenzhen,303,303
London,Seattle,299,299
Singapore,Tokyo,296,296
Hangzhou,Tokyo,290,290
San Francisco,Singapore,285,285
San Francisco,Toronto,283,283
New York,Shanghai,275,275
New York,Paris,273,273
Shanghai,Singapore,270,270
Paris,Tokyo,263,263
New York,Singapore,259,259
London,Shanghai,259,259
Berlin,New York,256,256
Berlin,London,252,252
London,Paris,250,250
New York,Toronto,249,249
Beijing,Hong Kong,248,248
Bengaluru,New York,248,248
Berlin,Tokyo,247,247
Beijing,Seattle,247,247
Bengaluru,Tokyo,246,246
Shenzhen,Tokyo,240,240
San Francisco,Seoul,240,240
Seoul,Tokyo,239,239
London,Singapore,235,235
Bengaluru,London,231,231
Hangzhou,Shenzhen,225,225
Hong Kong,Shanghai,224,224
Hangzhou,Seattle,221,221
Los Angeles,San Francisco,216,216
Beijing,Seoul,213,213
Boston,San Francisco,210,210
London,Toronto,208,208
Austin,San Francisco,205,205
New York,Seoul,205,205
Berlin,Seattle,204,204
Seattle,Shanghai,199,199
Tokyo,Toronto,197,197
London,Seoul,195,195
Munich,San Francisco,195,195
Bengaluru,Seattle,194,194
Paris,Seattle,193,193
Beijing,Guangzhou,189,189
Austin,New York,189,189
San Francisco,Zurich,188,188
Seattle,Singapore,187,187
Hong Kong,Tokyo,187,187
San Francisco,Vancouver,186,186
Boston,New York,186,186
San Francisco,Shenzhen,183,183
Seoul,Shanghai,183,183
Seattle,Toronto,179,179
Berlin,Paris,179,179
Los Angeles,New York,177,177
Beijing,Berlin,176,176
Hangzhou,Singapore,176,176
Los Angeles,Tokyo,176,176
Boston,London,175,175
Hangzhou,London,175,175
Beijing,Paris,175,175
Beijing,Bengaluru,173,173
Beijing,Toronto,171,171
Amsterdam,San Francisco,170,170
Boston,Tokyo,169,169
Chicago,San Francisco,169,169
Beijing,Chengdu,169,169
Hangzhou,New York,165,165
Seattle,Seoul,164,164
Guangzhou,Shanghai,164,164
Shenzhen,Singapore,163,163
New York,Zurich,162,162
Tokyo,Vancouver,161,161
Bengaluru,Paris,159,159
London,Los Angeles,158,158
New York,Vancouver,157,157
Chengdu,Shanghai,157,157
Austin,London,157,157
Munich,Tokyo,156,156
Chicago,New York,156,156
Berlin,Singapore,155,155
Austin,Tokyo,155,155
London,Munich,154,154
Bengaluru,Berlin,154,154
Beijing,Los Angeles,153,153
Cambridge,San Francisco,153,153
Berlin,Shanghai,152,152
Hong Kong,San Francisco,152,152
Shanghai,Toronto,151,151
Bengaluru,Shanghai,151,151
Mountain View,San Francisco,150,150
Munich,New York,150,150
London,Shenzhen,150,150
New York,Shenzhen,150,150
Amsterdam,Tokyo,149,149
Austin,Seattle,148,148
Boston,Seattle,147,147
Beijing,Nanjing,147,147
Paris,Toronto,146,146
Tokyo,Zurich,145,145
Hong Kong,Singapore,145,145
Paris,Shanghai,145,145
Seoul,Singapore,145,145
Los Angeles,Seattle,144,144
Paris,Seoul,143,143
Amsterdam,London,142,142
Paris,Singapore,142,142
Amsterdam,New York,141,141
Beijing,Boston,140,140
Chicago,Tokyo,140,140
Hong Kong,New York,140,140
London,Vancouver,139,139
San Francisco,San Jose,138,138
London,Zurich,138,138
Bengaluru,Singapore,137,137
Bengaluru,Seoul,137,137
Berlin,Toronto,136,136
Melbourne,San Francisco,136,136
Chicago,London,135,135
Singapore,Toronto,135,135
Seattle,Vancouver,134,134
Montreal,San Francisco,134,134
Hong Kong,Shenzhen,133,133
Munich,Seattle,133,133
Berlin,Seoul,133,133
Beijing,Munich,132,132
Bengaluru,Toronto,132,132
San Francisco,Sydney,131,131
Sydney,Tokyo,131,131
Palo Alto,San Francisco,130,130
Nanjing,Shanghai,130,130
Seattle,Zurich,128,128
Seoul,Toronto,128,128
Barcelona,San Francisco,128,128
Hangzhou,Hong Kong,127,127
Cambridge,Tokyo,127,127
Melbourne,New York,127,127
Barcelona,New York,127,127
Guangzhou,Hangzhou,126,126
Cambridge,New York,125,125
Hong Kong,London,125,125
Chengdu,Hangzhou,125,125
Munich,Paris,125,125
Los Angeles,Shanghai,124,124
Montreal,New York,124,124
Beijing,Wuhan,123,123
New York,San Jose,121,121
Hangzhou,Toronto,121,121
Guangzhou,Tokyo,121,121
Mumbai,San Francisco,121,121
Amsterdam,Berlin,121,121
London,Montreal,121,121
Boston,Shanghai,120,120
Berlin,Munich,119,119
New York,Sydney,119,119
Austin,Beijing,119,119
Madrid,San Francisco,119,119
Cambridge,London,118,118
Redmond,Seattle,117,117
Montreal,Tokyo,117,117
San Francisco,Taipei,116,116
Beijing,Cambridge,116,116
Chicago,Seattle,115,115
Beijing,Zurich,115,115
London,Melbourne,115,115
San Jose,Tokyo,115,115
Munich,Shanghai,115,115
Barcelona,Tokyo,115,115
Shanghai,Wuhan,114,114
Bengaluru,Boston,114,114
Amsterdam,Seattle,114,114
Nanjing,Tokyo,113,113
Los Angeles,Paris,112,112
Melbourne,Tokyo,112,112
Palo Alto,Tokyo,112,112
Pune,San Francisco,112,112
London,Sydney,112,112
Mountain View,New York,112,112
Austin,Shanghai,112,112
Taipei,Tokyo,111,111
Hangzhou,Seoul,111,111
Amsterdam,Paris,109,109
Los Angeles,Singapore,109,109
Pune,Tokyo,109,109
Beijing,Vancouver,109,109
Atlanta,San Francisco,109,109
Hangzhou,Paris,109,109
Chengdu,Tokyo,109,109
Madrid,New York,109,109
Bengaluru,Pune,108,108
Redmond,San Francisco,108,108
London,San Jose,108,108
Berlin,Boston,108,108
Pittsburgh,San Francisco,107,107
San Francisco,Washington,107,107
Austin,Toronto,107,107
Austin,Berlin,107,107
Austin,Bengaluru,107,107
Hangzhou,Nanjing,106,106
Boston,Singapore,106,106
Seattle,Shenzhen,105,105
Barcelona,London,105,105
Portland,San Francisco,105,105
Guangzhou,Shenzhen,105,105
Beijing,San Jose,104,104
Chengdu,Shenzhen,104,104
London,Mountain View,104,104
New York,Washington,104,104
Boston,Toronto,104,104
Atlanta,New York,103,103
Berlin,Zurich,102,102
Bengaluru,Los Angeles,102,102
Boston,Seoul,102,102
Bengaluru,Hangzhou,102,102
Bengaluru,Munich,102,102
Beijing,Chicago,101,101
Austin,Paris,101,101
Los Angeles,Seoul,101,101
Amsterdam,Beijing,101,101
Bengaluru,Mumbai,101,101
Shanghai,Zurich,100,100
Seoul,Shenzhen,100,100
Shanghai,Vancouver,100,100
Guangzhou,San Francisco,100,100
Toronto,Vancouver,100,100
San Jose,Seattle,99,99
Paris,Zurich,99,99
Berlin,Chicago,99,99
Munich,Toronto,99,99
Pittsburgh,Tokyo,99,99
Munich,Singapore,98,98
San Francisco,Vienna,98,98
Austin,Singapore,98,98
San Diego,San Francisco,98,98
Los Angeles,Toronto,98,98
Mountain View,Tokyo,98,98
Chicago,Shanghai,98,98
Boston,Paris,97,97
New York,Pune,97,97
Berlin,Vancouver,97,97
Beijing,Sydney,97,97
New York,Palo Alto,97,97
Seattle,Sydney,97,97
Hyderabad,San Francisco,97,97
Bengaluru,Vancouver,96,96
Berlin,Los Angeles,96,96
San Francisco,Stockholm,96,96
Atlanta,London,96,96
San Jose,Shanghai,96,96
Chicago,Singapore,95,95
London,Taipei,95,95
Berlin,Hangzhou,95,95
Atlanta,Tokyo,95,95
Amsterdam,Shanghai,95,95
Nanjing,Shenzhen,95,95
Montreal,Seattle,95,95
Amsterdam,Singapore,95,95
Chengdu,San Francisco,95,95
Mumbai,Tokyo,95,95
Mountain View,Seattle,94,94
New York,Portland,94,94
Hong Kong,Seoul,94,94
Redmond,Tokyo,94,94
London,Madrid,94,94
Shanghai,Sydney,94,94
Dublin,San Francisco,94,94
Tokyo,Washington,93,93
London,Mumbai,93,93
London,Pune,93,93
Berlin,Shenzhen,93,93
Beijing,Melbourne,93,93
Beijing,Taipei,92,92
Raleigh,San Francisco,92,92
Bengaluru,Chicago,92,92
Bengaluru,Zurich,92,92
Beijing,Palo Alto,92,92
Munich,Seoul,92,92
Hamburg,San Francisco,91,91
Singapore,Zurich,91,91
Cambridge,Seattle,91,91
New York,Redmond,91,91
Paris,Shenzhen,91,91
Hamburg,New York,90,90
Hyderabad,New York,90,90
Amsterdam,Bengaluru,90,90
Melbourne,Seattle,90,90
Hong Kong,Seattle,90,90
Beijing,Pittsburgh,90,90
Mumbai,New York,90,90
Beijing,Mountain View,90,90
London,Redmond,90,90
New York,Stockholm,90,90
San Francisco,Sunnyvale,90,90
Dublin,New York,89,89
Bengaluru,Hyderabad,89,89
Amsterdam,Toronto,89,89
Tokyo,Wuhan,89,89
Austin,Seoul,89,89
Toronto,Zurich,89,89
Chicago,Toronto,89,89
New York,Pittsburgh,88,88
New York,Taipei,88,88
London,Palo Alto,88,88
Hangzhou,Los Angeles,88,88
Singapore,Vancouver,87,87
Hyderabad,Tokyo,87,87
Beijing,Montreal,87,87
New York,San Diego,87,87
Chicago,Paris,87,87
Barcelona,Beijing,86,86
Chengdu,Singapore,86,86
Atlanta,Seattle,86,86
Prague,San Francisco,86,86
London,Stockholm,86,86
Paris,Vancouver,86,86
Hangzhou,Wuhan,86,86
Cambridge,Shanghai,86,86
Guangzhou,Singapore,86,86
Mountain View,Shanghai,86,86
New York,Vienna,85,85
Madrid,Tokyo,85,85
San Francisco,Warsaw,85,85
Denver,San Francisco,84,84
Seoul,Zurich,84,84
New Delhi,San Francisco,84,84
Seoul,Vancouver,84,84
Austin,Boston,84,84
Los Angeles,Zurich,83,83
Amsterdam,Seoul,82,82
Hyderabad,London,82,82
Berlin,Montreal,82,82
Bengaluru,Shenzhen,82,82
London,Pittsburgh,82,82
Shenzhen,Toronto,82,82
Munich,Zurich,82,82
Shanghai,Taipei,82,82
Beijing,Redmond,82,82
Barcelona,Paris,82,82
Austin,Los Angeles,82,82
Austin,Chicago,81,81
Shenzhen,Wuhan,81,81
London,Prague,81,81
Dublin,London,81,81
Singapore,Sydney,81,81
San Francisco,Sao Paulo,81,81
Seattle,Washington,81,81
Bengaluru,Cambridge,81,81
Melbourne,Shanghai,80,80
London,Washington,80,80
Chicago,Seoul,80,80
Stockholm,Tokyo,79,79
London,Vienna,79,79
Chengdu,New York,79,79
Portland,Tokyo,79,79
Guangzhou,London,79,79
Bengaluru,New Delhi,79,79
Cambridge,Paris,79,79
Austin,Munich,79,79
Madrid,Paris,78,78
Melbourne,Singapore,78,78
New York,Prague,78,78
Guangzhou,New York,78,78
Nanjing,San Francisco,78,78
Atlanta,Beijing,78,78
Sydney,Toronto,78,78
Montreal,Toronto,78,78
Tokyo,Vienna,78,78
Cambridge,Singapore,78,78
Boston,Munich,77,77
Hamburg,London,77,77
Seoul,Sydney,77,77
Barcelona,Seattle,77,77
Portland,Seattle,77,77
Los Angeles,Vancouver,76,76
Pittsburgh,Seattle,76,76
Barcelona,Shanghai,76,76
New York,Sunnyvale,76,76
Berlin,Cambridge,75,75
Montreal,Paris,75,75
Melbourne,Paris,75,75
Lisbon,San Francisco,75,75
Berlin,Melbourne,75,75
New Delhi,Tokyo,75,75
Boston,Los Angeles,75,75
Bengaluru,Montreal,74,74
Austin,Vancouver,74,74
Pittsburgh,Shanghai,74,74
Hong Kong,Toronto,74,74
Dublin,Tokyo,74,74
Beijing,Pune,74,74
Barcelona,Singapore,74,74
Pune,Seattle,74,74
Palo Alto,Seattle,74,74
Austin,Zurich,73,73
Bengaluru,Melbourne,73,73
Sunnyvale,Tokyo,73,73
Montreal,Shanghai,73,73
Barcelona,Bengaluru,73,73
Boston,Hangzhou,73,73
Chengdu,London,73,73
Redmond,Shanghai,72,72
Mountain View,Paris,72,72
Boston,Cambridge,72,72
Tokyo,Warsaw,72,72
Chicago,Zurich,72,72
Amsterdam,Boston,72,72
Boston,Vancouver,71,71
Prague,Tokyo,71,71
Barcelona,Berlin,71,71
Barcelona,Toronto,71,71
Montreal,Seoul,71,71
Mumbai,Seattle,71,71
Bengaluru,San Jose,71,71
Montreal,Singapore,71,71
Singapore,Taipei,71,71
San Diego,Seattle,71,71
Denver,New York,71,71
Guangzhou,Hong Kong,70,70
Melbourne,Toronto,70,70
Hangzhou,Munich,70,70
Atlanta,Singapore,70,70
Chicago,Los Angeles,70,70
Boston,Shenzhen,70,70
Amsterdam,Munich,70,70
Hamburg,Tokyo,70,70
Beijing,Sunnyvale,70,70
Palo Alto,Shanghai,70,70
Hyderabad,Seattle,70,70
Cambridge,Toronto,70,70
London,Portland,70,70
Berlin,Sydney,70,70
Seattle,Sunnyvale,70,70
Hong Kong,Paris,69,69
Amsterdam,Hangzhou,69,69
London,New Delhi,69,69
Guangzhou,Seoul,68,68
Boston,Chicago,68,68
Atlanta,Shanghai,68,68
Atlanta,Berlin,68,68
Austin,Hangzhou,68,68
Los Angeles,Munich,68,68
Mumbai,Paris,68,68
Chicago,Munich,68,68
Beijing,Dublin,68,68
Seoul,Taipei,68,68
New Delhi,New York,68,68
Barcelona,Seoul,68,68
Seattle,Taipei,68,68
Milan,San Francisco,68,68
Amsterdam,Austin,68,68
Boston,Hong Kong,68,68
Bengaluru,Sydney,67,67
San Jose,Seoul,67,67
Chennai,San Francisco,67,67
Lisbon,London,67,67
Paris,Sydney,67,67
Nanjing,Singapore,67,67
New York,Raleigh,66,66
Berlin,Pune,66,66
Philadelphia,San Francisco,66,66
Dallas,San Francisco,66,66
Madrid,Seattle,66,66
San Diego,Tokyo,66,66
Houston,San Francisco,66,66
Bengaluru,Stockholm,66,66
Beijing,Washington,66,66
Berlin,Mumbai,66,66
London,Sunnyvale,66,66
Beijing,San Diego,66,66
Cambridge,Seoul,66,66
Mountain View,Singapore,66,66
Shenzhen,Vancouver,65,65
London,Warsaw,65,65
Boston,Zurich,65,65
Berlin,Hong Kong,65,65
Munich,Vancouver,65,65
Amsterdam,Shenzhen,65,65
London,Sao Paulo,65,65
Bengaluru,Hong Kong,65,65
Seattle,Stockholm,65,65
New York,Philadelphia,64,64
Chengdu,Hong Kong,64,64
New York,Sao Paulo,64,64
Hangzhou,Vancouver,64,64
Hamburg,Seattle,64,64
Denver,London,64,64
Miami,San Francisco,64,64
Palo Alto,Singapore,64,64
Austin,Montreal,64,64
Melbourne,Seoul,64,64
Shanghai,Sunnyvale,64,64
Atlanta,Bengaluru,63,63
Atlanta,Seoul,63,63
Sao Paulo,Tokyo,63,63
Paris,Pune,63,63
Moscow,San Francisco,63,63
Beijing,Mumbai,63,63
Mountain View,Seoul,63,63
Austin,Melbourne,63,63
Hong Kong,Los Angeles,62,62
Lisbon,New York,62,62
Bengaluru,Mountain View,62,62
Los Angeles,Shenzhen,62,62
Beijing,Madrid,62,62
Mountain View,Toronto,62,62
Chennai,Tokyo,62,62
Berlin,Mountain View,62,62
Berlin,Hyderabad,62,62
Amsterdam,Melbourne,62,62
Dublin,Seattle,62,62
Nanjing,New York,62,62
Mumbai,Toronto,62,62
Pittsburgh,Singapore,62,62
Bengaluru,Chennai,62,62
San Jose,Singapore,62,62
Paris,Stockholm,61,61
Pune,Shanghai,61,61
Bengaluru,Dublin,61,61
Shenzhen,Sydney,61,61
Taipei,Toronto,61,61
Paris,Prague,61,61
Philadelphia,Tokyo,61,61
New York,Warsaw,61,61
Montreal,Munich,61,61
Lisbon,Tokyo,61,61
Los Angeles,Mountain View,61,61
Beijing,Xi'an,61,61
Beijing,Suzhou,61,61
Munich,Shenzhen,61,61
Berlin,San Jose,61,61
London,San Diego,61,61
Hong Kong,Nanjing,60,60
Hangzhou,Zurich,60,60
Chicago,Hangzhou,60,60
Atlanta,Toronto,60,60
Atlanta,Paris,60,60
Toronto,Washington,60,60
Amsterdam,Barcelona,60,60
Munich,Sydney,60,60
Chennai,London,60,60
Seattle,Vienna,59,59
Milan,New York,59,59
Amsterdam,Los Angeles,59,59
Mumbai,Shanghai,59,59
San Diego,Shanghai,59,59
San Francisco,Wuhan,59,59
Berlin,Stockholm,59,59
Paris,San Jose,59,59
Bengaluru,Madrid,59,59
Austin,Barcelona,59,59
Paris,Taipei,59,59
Amsterdam,Zurich,59,59
Hamburg,Paris,59,59
Bengaluru,Kolkata,58,58
Chengdu,Guangzhou,58,58
Montreal,Vancouver,58,58
Hamburg,Toronto,58,58
Berlin,Sao Paulo,58,58
Delhi,San Francisco,58,58
Singapore,Wuhan,58,58
Sydney,Vancouver,58,58
Dublin,Paris,58,58
New Delhi,Seattle,58,58
Berlin,Vienna,58,58
Beijing,Warsaw,58,58
Chennai,New York,58,58
Madrid,Singapore,58,58
Hangzhou,Taipei,58,58
Milan,Tokyo,58,58
London,Nanjing,58,58
Beijing,Philadelphia,58,58
Cambridge,Los Angeles,58,58
Pune,Seoul,58,58
Beijing,Hyderabad,57,57
Boston,Montreal,57,57
Berlin,Madrid,57,57
Chicago,Vancouver,57,57
Berlin,Taipei,57,57
Paris,Washington,57,57
Toronto,Vienna,57,57
San Francisco,Tel Aviv,57,57
Paris,Vienna,57,57
Houston,London,57,57
Cambridge,Chicago,57,57
Vancouver,Zurich,57,57
San Jose,Toronto,57,57
Montreal,Sydney,57,57
Hyderabad,Pune,57,57
Mumbai,Pune,57,57
Madrid,Shanghai,57,57
Hyderabad,Shanghai,57,57
Houston,Tokyo,57,57
Hyderabad,Toronto,56,56
Beijing,Vienna,56,56
London,Milan,56,56
Hyderabad,Paris,56,56
Mountain View,San Jose,56,56
Austin,Mountain View,56,56
Dubai,San Francisco,56,56
Bengaluru,Delhi,56,56
London,Tel Aviv,56,56
Madrid,Seoul,56,56
London,Wuhan,56,56
Barcelona,Hangzhou,56,56
New York,Tel Aviv,56,56
Singapore,Stockholm,56,56
Miami,Tokyo,56,56
Berlin,Portland,56,56
Amsterdam,Chicago,56,56
Istanbul,San Francisco,56,56
Beijing,Moscow,56,56
Paris,Warsaw,56,56
Dallas,New York,56,56
Bengaluru,Taipei,56,56
Berlin,Palo Alto,56,56
Guangzhou,Seattle,56,56
Boston,Melbourne,56,56
Hong Kong,Wuhan,55,55
Beijing,Stockholm,55,55
Moscow,Shanghai,55,55
Mountain View,Zurich,55,55
Bengaluru,Hamburg,55,55
Austin,San Jose,55,55
Dublin,Shanghai,55,55
Hangzhou,Sydney,55,55
Shanghai,Xi'an,55,55
Los Angeles,Madrid,55,55
Los Angeles,San Jose,55,55
Denver,Tokyo,54,54
Beijing,Hamburg,54,54
Dubai,London,54,54
Chengdu,Seattle,54,54
Berlin,Hamburg,54,54
Montreal,Zurich,54,54
Bengaluru,Portland,54,54
New York,Wuhan,54,54
Guangzhou,Nanjing,54,54
Pune,Singapore,54,54
Denver,Seattle,54,54
Kolkata,New York,54,54
Shanghai,Washington,54,54
Dubai,Tokyo,54,54
Moscow,New York,54,54
Mumbai,Singapore,54,54
Shanghai,Suzhou,54,54
Seattle,Warsaw,54,54
Shanghai,Vienna,53,53
Barcelona,Shenzhen,53,53
Hangzhou,San Jose,53,53
Moscow,Tokyo,53,53
Kolkata,Tokyo,53,53
Paris,Portland,53,53
Hyderabad,Seoul,53,53
Bengaluru,Palo Alto,53,53
Miami,New York,53,53
Pune,Toronto,53,53
Los Angeles,Montreal,53,53
Hong Kong,Munich,53,53
Cambridge,Zurich,53,53
Kolkata,San Francisco,53,53
Melbourne,Vancouver,52,52
Singapore,Washington,52,52
Sao Paulo,Seattle,52,52
Melbourne,Munich,52,52
Mumbai,Seoul,52,52
Paris,Pittsburgh,52,52
Madrid,Toronto,52,52
Houston,New York,52,52
Delhi,London,52,52
Austin,Sydney,52,52
Beijing,Prague,52,52
Beijing,New Delhi,52,52
Barcelona,Los Angeles,52,52
Paris,Redmond,52,52
Shenzhen,Zurich,52,52
Atlanta,Austin,52,52
Guangzhou,Wuhan,52,52
Barcelona,Munich,52,52
Hyderabad,Mumbai,52,52
Beijing,Portland,52,52
Prague,Seattle,52,52
Bengaluru,Sunnyvale,52,52
Los Angeles,Sydney,52,52
Bengaluru,Washington,52,52
Hangzhou,Melbourne,52,52
Seoul,Vienna,52,52
Hangzhou,Palo Alto,52,52
Melbourne,Shenzhen,52,52
Mumbai,Munich,51,51
Austin,Pune,51,51
Madrid,Zurich,51,51
Bengaluru,Redmond,51,51
Redmond,Toronto,51,51
Boston,San Jose,51,51
Bengaluru,San Diego,51,51
London,Miami,51,51
Mumbai,Vancouver,51,51
Berlin,Prague,51,51
Stockholm,Toronto,51,51
Beijing,Hefei,51,51
Amsterdam,Vancouver,51,51
Dubai,New York,51,51
Shanghai,Stockholm,50,50
Barcelona,Vancouver,50,50
Paris,Sao Paulo,50,50
Berlin,Warsaw,50,50
Beijing,Denver,50,50
Austin,Cambridge,50,50
Portland,Toronto,50,50
Chicago,Montreal,50,50
Delhi,Tokyo,50,50
Hamburg,Shanghai,50,50
Boulder,New York,50,50
Hong Kong,Vancouver,50,50
Amsterdam,Hong Kong,50,50
Austin,Shenzhen,50,50
Palo Alto,Seoul,50,50
Singapore,Vienna,50,50
Munich,Pune,50,50
Palo Alto,Paris,50,50
Palo Alto,Toronto,50,50
Atlanta,Vancouver,50,50
San Francisco,Waterloo,49,49
Boston,Taipei,49,49
Hangzhou,Mountain View,49,49
Shenzhen,Taipei,49,49
San Diego,Singapore,49,49
Munich,San Jose,49,49
Redmond,Singapore,49,49
Hyderabad,Munich,49,49
Boston,Pune,49,49
London,Moscow,49,49
Denver,Singapore,49,49
Austin,Hong Kong,49,49
Austin,Mumbai,49,49
Austin,Portland,49,49
New Delhi,Paris,49,49
Cambridge,Hangzhou,49,49
Hefei,Shanghai,49,49
Suzhou,Tokyo,49,49
Copenhagen,San Francisco,49,49
Hyderabad,Singapore,49,49
Bengaluru,Vienna,49,49
Hangzhou,Suzhou,49,49
Dublin,Seoul,49,49
Houston,Seattle,49,49
Istanbul,London,49,49
Dallas,Tokyo,49,49
Pittsburgh,Seoul,49,49
San Diego,Toronto,48,48
Chicago,San Jose,48,48
Hong Kong,Melbourne,48,48
Austin,Taipei,48,48
Chicago,Melbourne,48,48
Mumbai,New Delhi,48,48
Berlin,Pittsburgh,48,48
Hong Kong,Sydney,48,48
Dallas,Seattle,48,48
Seoul,Warsaw,48,48
Los Angeles,Palo Alto,48,48
London,Raleigh,48,48
Atlanta,Los Angeles,48,48
Mountain View,Munich,48,48
Barcelona,Hong Kong,48,48
Ottawa,San Francisco,48,48
Barcelona,Boston,48,48
Berlin,Washington,48,48
Boston,Sydney,48,48
Delhi,New York,48,48
Amsterdam,Mumbai,48,48
Chengdu,Toronto,48,48
Dallas,London,48,48
Chicago,Sydney,48,48
Munich,Vienna,48,48
Melbourne,Sydney,48,48
Boston,Madrid,48,48
London,Lyon,47,47
Amsterdam,Montreal,47,47
Seoul,Stockholm,47,47
Philadelphia,Seattle,47,47
Portland,Shanghai,47,47
Munich,Washington,47,47
Berlin,Dublin,47,47
Guangzhou,Los Angeles,47,47
Atlanta,Chicago,47,47
Boston,Mountain View,47,47
San Jose,Vancouver,47,47
Cambridge,Montreal,47,47
London,Philadelphia,47,47
Amsterdam,Sydney,47,47
Berlin,New Delhi,47,47
Boston,Dublin,47,47
Berlin,Denver,47,47
Chicago,Mountain View,47,47
San Jose,Zurich,46,46
Atlanta,Zurich,46,46
Los Angeles,Melbourne,46,46
Bengaluru,Prague,46,46
Chicago,Hong Kong,46,46
Chengdu,Seoul,46,46
Austin,Dublin,46,46
Austin,Hyderabad,46,46
Melbourne,Zurich,46,46
Chennai,Seattle,46,46
New York,Ottawa,46,46
Cambridge,Munich,46,46
Boulder,San Francisco,46,46
Atlanta,Munich,46,46
Redmond,Sydney,46,46
Lisbon,Seattle,46,46
Los Angeles,Mumbai,46,46
Istanbul,Tokyo,46,46
Beijing,Sao Paulo,46,46
Philadelphia,Shanghai,46,46
Raleigh,Tokyo,46,46
Hong Kong,Pittsburgh,46,46
Melbourne,Montreal,46,46
Cambridge,Hong Kong,46,46
Mountain View,Vancouver,46,46
Hangzhou,Pittsburgh,46,46
Dublin,Singapore,46,46
Barcelona,Chicago,46,46
Austin,Redmond,46,46
Vancouver,Washington,46,46
San Diego,Seoul,45,45
Copenhagen,New York,45,45
Lyon,San Francisco,45,45
Budapest,San Francisco,45,45
Beijing,Raleigh,45,45
Atlanta,Shenzhen,45,45
Cambridge,Mountain View,45,45
Bengaluru,Guangzhou,45,45
Bengaluru,Pittsburgh,45,45
Hong Kong,San Jose,45,45
Chengdu,Los Angeles,45,45
Chengdu,Nanjing,45,45
Austin,Madrid,45,45
Bengaluru,Chengdu,45,45
Hong Kong,Montreal,45,45
New Delhi,Toronto,45,45
Seoul,Washington,45,45
Hong Kong,Zurich,45,45
Madrid,Munich,45,45
Paris,San Diego,45,45
Chicago,Washington,45,45
Sao Paulo,Singapore,45,45
Barcelona,Sydney,44,44
Istanbul,New York,44,44
Prague,Seoul,44,44
Hyderabad,New Delhi,44,44
Chennai,Paris,44,44
Hamburg,Seoul,44,44
Sao Paulo,Shanghai,44,44
Copenhagen,London,44,44
Atlanta,Hangzhou,44,44
Pittsburgh,Shenzhen,44,44
Bengaluru,Warsaw,44,44
Copenhagen,Tokyo,44,44
Munich,Taipei,44,44
Edinburgh,San Francisco,44,44
Chicago,Madrid,44,44
Amsterdam,Hyderabad,44,44
Tel Aviv,Tokyo,44,44
Austin,Stockholm,44,44
Redmond,Seoul,44,44
Sao Paulo,Toronto,44,44
Lyon,New York,44,44
Paris,Sunnyvale,44,44
Berlin,Redmond,44,44
Toronto,Warsaw,44,44
Dubai,Seattle,44,44
Boston,Hamburg,44,44
Chicago,Shenzhen,44,44
Los Angeles,Washington,43,43
Miami,Seattle,43,43
Vancouver,Vienna,43,43
Lyon,Paris,43,43
Los Angeles,Pune,43,43
Milan,Seattle,43,43
Redmond,Vancouver,43,43
Chennai,Mumbai,43,43
Hamburg,Singapore,43,43
Austin,Sunnyvale,43,43
Copenhagen,Seattle,43,43
Lyon,Tokyo,43,43
Los Angeles,San Diego,43,43
Boston,Mumbai,43,43
Tokyo,Xi'an,43,43
New Delhi,Pune,43,43
New Delhi,Shanghai,43,43
Nanjing,Wuhan,43,43
Boston,Redmond,43,43
Shanghai,Warsaw,43,43
Prague,Toronto,43,43
Portland,Seoul,43,43
Portland,Singapore,43,43
Hangzhou,Pune,43,43
Beijing,Lisbon,43,43
Beijing,Tianjin,43,43
Singapore,Sunnyvale,43,43
Singapore,Warsaw,43,43
Montreal,Shenzhen,43,43
Cambridge,Vancouver,43,43
Los Angeles,Stockholm,42,42
Austin,Hamburg,42,42
Hangzhou,Mumbai,42,42
Boston,Palo Alto,42,42
Beijing,Istanbul,42,42
Guangzhou,Munich,42,42
Milan,Shanghai,42,42
Denver,Shanghai,42,42
Amsterdam,Portland,42,42
Berlin,Lisbon,42,42
Raleigh,Seattle,42,42
Bengaluru,Sao Paulo,42,42
Hong Kong,Mountain View,42,42
New Delhi,Seoul,42,42
Prague,Shanghai,42,42
Nanjing,Seattle,42,42
Dublin,Zurich,42,42
Sydney,Zurich,42,42
Seoul,Sunnyvale,42,42
Delhi,Seattle,42,42
Beijing,Dallas,42,42
Austin,Washington,42,42
Kolkata,Seattle,42,42
Shenzhen,Suzhou,42,42
Lisbon,Paris,42,42
Boston,Pittsburgh,42,42
Hong Kong,Palo Alto,42,42
Amsterdam,Pune,42,42
Hyderabad,Los Angeles,42,42
Denver,Toronto,42,42
Raleigh,Shanghai,41,41
Pittsburgh,Toronto,41,41
Kolkata,Mumbai,41,41
Bengaluru,Lisbon,41,41
Munich,Stockholm,41,41
Beijing,Dubai,41,41
Chicago,Mumbai,41,41
Helsinki,San Francisco,41,41
Bengaluru,Dubai,41,41
Boston,Denver,41,41
Barcelona,Zurich,41,41
Boston,Washington,41,41
Budapest,Tokyo,41,41
Taipei,Vancouver,41,41
Amsterdam,Stockholm,41,41
Cambridge,Shenzhen,41,41
Cambridge,San Jose,41,41
Beijing,Edinburgh,41,41
Amsterdam,Taipei,41,41
Kolkata,London,41,41
Boulder,London,41,41
Paris,Raleigh,41,41
Raleigh,Toronto,41,41
Redmond,Zurich,41,41
Boston,Hyderabad,40,40
Budapest,New York,40,40
Hamburg,Munich,40,40
Helsinki,New York,40,40
Austin,San Diego,40,40
Amsterdam,Prague,40,40
Berlin,Chengdu,40,40
Boston,Stockholm,40,40
Bengaluru,Raleigh,40,40
Dallas,Singapore,40,40
Berlin,Chennai,40,40
Boston,Chengdu,40,40
Nanjing,Seoul,40,40
Denver,Paris,40,40
Rome,San Francisco,40,40
Chengdu,Wuhan,40,40
New York,Oslo,40,40
Shanghai,Tianjin,40,40
Prague,Singapore,40,40
Boston,Portland,40,40
Dublin,Toronto,40,40
Chicago,Portland,40,40
Beijing,Houston,40,40
Munich,Redmond,40,40
Moscow,Singapore,40,40
Berlin,San Diego,40,40
Guangzhou,Paris,40,40
Hamburg,Los Angeles,40,40
Madrid,Vancouver,40,40
Seoul,Wuhan,40,40
Chicago,Taipei,40,40
Barcelona,Mumbai,40,40
Dubai,Shanghai,40,40
Sydney,Washington,39,39
Atlanta,Boston,39,39
Berlin,Philadelphia,39,39
Taipei,Zurich,39,39
Beijing,Milan,39,39
Hong Kong,Taipei,39,39
Chicago,Vienna,39,39
Hong Kong,San Diego,39,39
Raleigh,Singapore,39,39
Dallas,Shanghai,39,39
Munich,Prague,39,39
Hangzhou,Hyderabad,39,39
San Jose,Washington,39,39
Atlanta,Montreal,39,39
Sydney,Taipei,39,39
Austin,Vienna,39,39
Austin,Palo Alto,39,39
Ho Chi Minh City,San Francisco,39,39
Amsterdam,Atlanta,39,39
Delhi,Mumbai,39,39
Chicago,San Diego,39,39
Budapest,London,39,39
Beijing,Chennai,39,39
London,Oxford,39,39
Milan,Singapore,39,39
Berlin,Tel Aviv,39,39
Shenzhen,Xi'an,39,39
Moscow,Seattle,38,38
Singapore,Tel Aviv,38,38
Amsterdam,San Jose,38,38
Chicago,Stockholm,38,38
Boulder,Seattle,38,38
Mountain View,Palo Alto,38,38
Austin,Sao Paulo,38,38
Chennai,Toronto,38,38
Hangzhou,Montreal,38,38
Bengaluru,Denver,38,38
Portland,Zurich,38,38
New York,Waterloo,38,38
Houston,Toronto,38,38
New Delhi,Singapore,38,38
Buenos Aires,New York,38,38
Philadelphia,Seoul,38,38
Bengaluru,Istanbul,38,38
Mountain View,Shenzhen,38,38
San Francisco,Xi'an,38,38
Athens,London,38,38
Beijing,Tel Aviv,38,38
Los Angeles,Portland,38,38
Austin,Denver,38,38
Amsterdam,Madrid,38,38
Palo Alto,Zurich,38,38
Munich,Warsaw,38,38
Barcelona,Melbourne,38,38
Bengaluru,Nanjing,38,38
Hangzhou,Xi'an,38,38
Los Angeles,Taipei,38,38
Lausanne,San Francisco,38,38
Miami,Seoul,38,38
Miami,Shanghai,38,38
Los Angeles,Redmond,38,38
Hamburg,Vancouver,37,37
Los Angeles,Sunnyvale,37,37
Austin,Warsaw,37,37
Bangkok,San Francisco,37,37
Oxford,San Francisco,37,37
Beijing,Copenhagen,37,37
Guangzhou,Toronto,37,37
Beijing,Miami,37,37
Austin,Raleigh,37,37
Oslo,Tokyo,37,37
Athens,San Francisco,37,37
Amsterdam,New Delhi,37,37
Amsterdam,Cambridge,37,37
Vienna,Zurich,37,37
Mountain View,Sunnyvale,37,37
Seattle,Wuhan,37,37
Athens,New York,37,37
Austin,Pittsburgh,37,37
Berlin,Dallas,37,37
Barcelona,Montreal,37,37
Stockholm,Zurich,37,37
London,Ottawa,37,37
Chicago,Dublin,37,37
Dallas,Toronto,37,37
Berlin,Houston,37,37
Lisbon,Shanghai,37,37
Atlanta,Hong Kong,37,37
Dublin,Los Angeles,37,37
Cambridge,Palo Alto,37,37
Singapore,Xi'an,37,37
Hefei,Shenzhen,37,37
Sunnyvale,Toronto,37,37
Munich,Portland,37,37
Brisbane,New York,37,37
Pittsburgh,Zurich,37,37
Hyderabad,Zurich,37,37
Houston,Paris,36,36
Palo Alto,Shenzhen,36,36
Guangzhou,Vancouver,36,36
Chicago,Hyderabad,36,36
Houston,Shanghai,36,36
Amsterdam,Hamburg,36,36
Boston,Vienna,36,36
Bengaluru,Houston,36,36
Hangzhou,Tianjin,36,36
Cambridge,San Diego,36,36
Atlanta,Sydney,36,36
Sydney,Vienna,36,36
Houston,Singapore,36,36
Cambridge,Sydney,36,36
Dubai,Toronto,36,36
Tokyo,Waterloo,36,36
Hangzhou,Hefei,36,36
Lagos,San Francisco,36,36
Ankara,San Francisco,36,36
Miami,Toronto,36,36
Berlin,Copenhagen,36,36
Moscow,Seoul,36,36
Montreal,Mountain View,36,36
Miami,Singapore,36,36
Los Angeles,Pittsburgh,36,36
Berlin,Raleigh,36,36
Dublin,Munich,36,36
San Jose,Shenzhen,36,36
Hangzhou,Sunnyvale,36,36
Delhi,Shanghai,35,35
Los Angeles,New Delhi,35,35
Boston,Lisbon,35,35
Delhi,Toronto,35,35
Austin,Miami,35,35
London,Rome,35,35
Mumbai,Zurich,35,35
Amsterdam,Vienna,35,35
Frankfurt,San Francisco,35,35
Chicago,Redmond,35,35
Beijing,Budapest,35,35
Chicago,Pune,35,35
Berlin,Lyon,35,35
Ho Chi Minh City,Tokyo,35,35
Cambridge,Hamburg,35,35
Washington,Zurich,35,35
Auckland,San Francisco,35,35
Atlanta,Melbourne,35,35
Istanbul,Singapore,35,35
Sao Paulo,Seoul,35,35
Brisbane,San Francisco,35,35
Beijing,Kolkata,35,35
Boulder,Tokyo,35,35
Boston,San Diego,35,35
Dallas,Seoul,35,35
Paris,Philadelphia,35,35
London,Oslo,35,35
San Francisco,Suzhou,35,35
Munich,Sunnyvale,35,35
Chengdu,Paris,35,35
Berlin,Sunnyvale,35,35
Berlin,Milan,35,35
Oslo,San Francisco,35,35
Prague,Vancouver,35,35
Munich,Pittsburgh,35,35
Austin,Chengdu,35,35
Ottawa,Tokyo,35,35
Ho Chi Minh City,London,35,35
Montreal,Washington,35,35
Oxford,Singapore,35,35
Bangkok,Tokyo,35,35
Delhi,Singapore,34,34
Chennai,Singapore,34,34
Chennai,Pune,34,34
Austin,New Delhi,34,34
Chennai,Shanghai,34,34
Moscow,Toronto,34,34
Helsinki,Paris,34,34
Istanbul,Seoul,34,34
Chicago,Palo Alto,34,34
Berlin,Guangzhou,34,34
London,Waterloo,34,34
Copenhagen,Paris,34,34
Bengaluru,Dallas,34,34
Mountain View,San Diego,34,34
Lagos,New York,34,34
Kolkata,New Delhi,34,34
Delhi,Paris,34,34
Istanbul,Paris,34,34
Mountain View,Washington,34,34
Chicago,Warsaw,34,34
Toronto,Waterloo,34,34
Bengaluru,Miami,34,34
Denver,Seoul,34,34
Munich,San Diego,34,34
Chengdu,Vancouver,34,34
Hyderabad,Shenzhen,34,34
Tianjin,Tokyo,34,34
Hyderabad,Sydney,34,34
Kolkata,Shanghai,34,34
San Diego,Zurich,34,34
Lyon,Seattle,34,34
New York,Xi'an,34,34
Philadelphia,Singapore,34,34
Hamburg,Zurich,34,34
Munich,New Delhi,34,34
Beijing,Lyon,34,34
Dublin,San Jose,33,33
Hyderabad,San Jose,33,33
Palo Alto,San Jose,33,33
Chicago,Pittsburgh,33,33
Kolkata,Seoul,33,33
Kolkata,Paris,33,33
Delhi,New Delhi,33,33
Bangkok,New York,33,33
Delhi,Pune,33,33
Boston,Chennai,33,33
Boston,Dallas,33,33
Oxford,Tokyo,33,33
Lisbon,Toronto,33,33
Milan,Paris,33,33
Denver,Los Angeles,33,33
New York,Oxford,33,33
Berlin,Nanjing,33,33
Perth,San Francisco,33,33
Ho Chi Minh City,New York,33,33
Chennai,Hyderabad,33,33
Raleigh,Seoul,33,33
Pune,Zurich,33,33
Manchester,San Francisco,33,33
Portland,Vancouver,33,33
Dublin,Hangzhou,33,33
Cupertino,San Francisco,33,33
Beijing,Helsinki,33,33
Hangzhou,Redmond,33,33
Istanbul,Seattle,33,33
Abu Dhabi,San Francisco,33,33
Beijing,Delhi,33,33
Berlin,Delhi,33,33
Helsinki,Tokyo,33,33
Hyderabad,Kolkata,33,33
Pune,Vancouver,33,33
San Francisco,Santiago,33,33
Guangzhou,Pittsburgh,33,33
Atlanta,Barcelona,33,33
Helsinki,London,33,33
Atlanta,Mumbai,33,33
Boston,Sunnyvale,33,33
Buenos Aires,Tokyo,33,33
Buenos Aires,San Francisco,33,33
Seattle,Tel Aviv,33,33
Portland,Sydney,33,33
Montreal,Redmond,33,33
Hangzhou,Vienna,33,33
Tel Aviv,Toronto,33,33
Chicago,Sao Paulo,33,33
Beijing,Cupertino,33,33
Boston,Sao Paulo,33,33
Mountain View,Taipei,33,33
Barcelona,Taipei,33,33
Munich,Palo Alto,33,33
Milan,Toronto,33,33
Boston,Guangzhou,33,33
Melbourne,Mumbai,33,33
Cupertino,Tokyo,32,32
Amsterdam,Warsaw,32,32
Istanbul,Shanghai,32,32
Berlin,Istanbul,32,32
Moscow,Paris,32,32
Chicago,New Delhi,32,32
Hangzhou,Philadelphia,32,32
Cambridge,Melbourne,32,32
Brussels,San Francisco,32,32
Beijing,Ottawa,32,32
Cairo,San Francisco,32,32
Boston,Warsaw,32,32
Dubai,Seoul,32,32
Madrid,Montreal,32,32
Austin,Dallas,32,32
Hyderabad,Vancouver,32,32
Cambridge,Pune,32,32
Brisbane,Seattle,32,32
Stockholm,Vancouver,32,32
Lausanne,London,32,32
Mumbai,Sydney,32,32
Philadelphia,Toronto,32,32
Beijing,Ho Chi Minh City,32,32
Dublin,Shenzhen,32,32
Pittsburgh,Vancouver,32,32
Barcelona,Palo Alto,32,32
Austin,Guangzhou,32,32
Mountain View,Pittsburgh,32,32
Copenhagen,Shanghai,32,32
Shanghai,Tel Aviv,32,32
Melbourne,Portland,32,32
Miami,Paris,32,32
Boston,Raleigh,32,32
Frankfurt,Tokyo,32,32
Hangzhou,Portland,32,32
Melbourne,Pune,32,32
Rio de Janeiro,San Francisco,32,32
Dubai,Los Angeles,32,32
Hangzhou,Madrid,32,32
Hefei,Tokyo,32,32
Atlanta,Washington,32,32
Berlin,Moscow,32,32
Dallas,Paris,31,31
Chicago,Houston,31,31
Redmond,Washington,31,31
Brussels,New York,31,31
Hangzhou,San Diego,31,31
Brisbane,Tokyo,31,31
Ankara,London,31,31
Buenos Aires,London,31,31
Auckland,New York,31,31
Chengdu,San Jose,31,31
Los Angeles,Vienna,31,31
Kolkata,Toronto,31,31
Cambridge,Mumbai,31,31
Amsterdam,Sao Paulo,31,31
Milan,Seoul,31,31
Manchester,Seattle,31,31
Barcelona,Hyderabad,31,31
Frankfurt,New York,31,31
Ankara,New York,31,31
Chicago,Sunnyvale,31,31
Boston,Prague,31,31
Los Angeles,Milan,31,31
Montreal,San Jose,31,31
London,Suzhou,31,31
Rome,Tokyo,31,31
Ottawa,Singapore,31,31
Amsterdam,Denver,31,31
Delhi,Hyderabad,31,31
Hamburg,Hong Kong,31,31
Barcelona,Vienna,31,31
Amsterdam,Palo Alto,31,31
Boulder,Seoul,31,31
Atlanta,Hyderabad,31,31
Madrid,Mumbai,31,31
Phoenix,San Francisco,31,31
Kolkata,Pune,31,31
Hong Kong,Mumbai,31,31
Montreal,Portland,31,31
Shenzhen,Vienna,31,31
Athens,Seattle,31,31
Barcelona,San Jose,31,31
Mountain View,Sydney,31,31
Hangzhou,Prague,31,31
Mumbai,Shenzhen,31,31
London,Manchester,31,31
San Jose,Sydney,31,31
Austin,Lisbon,31,31
Amsterdam,Lisbon,31,31
Berlin,Kolkata,31,31
Budapest,Paris,31,31
Hangzhou,Stockholm,31,31
Guangzhou,San Jose,30,30
Barcelona,Washington,30,30
Ho Chi Minh City,Seattle,30,30
Rome,Shanghai,30,30
Buenos Aires,Seattle,30,30
Cambridge,Portland,30,30
Cape Town,San Francisco,30,30
Amsterdam,Mountain View,30,30
Shenzhen,Warsaw,30,30
Madrid,Sydney,30,30
Cambridge,Pittsburgh,30,30
Amsterdam,Dublin,30,30
Delft,Tokyo,30,30
Cambridge,Sunnyvale,30,30
Barcelona,Guangzhou,30,30
Delft,New York,30,30
Los Angeles,Warsaw,30,30
Nanjing,Paris,30,30
San Francisco,Stuttgart,30,30
Bengaluru,Wuhan,30,30
Hangzhou,Moscow,30,30
Atlanta,Mountain View,30,30
London,Xi'an,30,30
Dublin,Pune,30,30
Pune,San Jose,30,30
Edinburgh,London,30,30
Austin,Prague,30,30
Delhi,Seoul,30,30
Portland,Shenzhen,30,30
Los Angeles,Sao Paulo,30,30
New York,Stuttgart,30,30
Ann Arbor,Beijing,30,30
Montreal,Stockholm,30,30
Hangzhou,Washington,30,30
Montreal,Mumbai,30,30
Barcelona,Stockholm,30,30
Edinburgh,New York,30,30
Edinburgh,Tokyo,30,30
Mumbai,San Jose,30,30
Auckland,London,30,30
Kuala Lumpur,New York,30,30
Sunnyvale,Vancouver,30,30
Philadelphia,Zurich,30,30
New York,Rome,30,30
Seattle,Waterloo,30,30
Bengaluru,Copenhagen,30,30
Singapore,Suzhou,30,30
Helsinki,Shanghai,30,30
New York,Suzhou,30,30
Hong Kong,Suzhou,30,30
Hong Kong,Xi'an,30,30
Chennai,Los Angeles,30,30
Chicago,Guangzhou,30,30
Bengaluru,Lyon,30,30
Denver,Hangzhou,30,30
Pittsburgh,Taipei,30,30
Cambridge,Madrid,30,30
San Diego,Vancouver,30,30
Cambridge,Redmond,30,30
Houston,Zurich,30,30
Lisbon,Seoul,30,30
Chennai,Seoul,30,30
Bucharest,San Francisco,30,30
Berlin,Miami,30,30
Hamburg,Shenzhen,30,30
San Jose,Taipei,30,30
Ho Chi Minh City,Shanghai,30,30
San Jose,Sunnyvale,30,30
Chicago,Hamburg,30,30
Chennai,New Delhi,30,30
Lisbon,Vancouver,30,30
Pune,Shenzhen,29,29
Melbourne,Taipei,29,29
Pune,Sydney,29,29
Pune,Taipei,29,29
Melbourne,Stockholm,29,29
Amsterdam,Guangzhou,29,29
Beijing,Waterloo,29,29
Barcelona,Warsaw,29,29
New York,Rio de Janeiro,29,29
Cape Town,London,29,29
Edinburgh,Singapore,29,29
Cairo,New York,29,29
Madrid,Pune,29,29
Hefei,Singapore,29,29
Barcelona,Madrid,29,29
Melbourne,Prague,29,29
Frankfurt,London,29,29
Hong Kong,Philadelphia,29,29
Moscow,Munich,29,29
Chennai,Munich,29,29
Cape Town,New York,29,29
Berlin,Oslo,29,29
Austin,Houston,29,29
Hong Kong,Moscow,29,29
Montreal,Pune,29,29
Redmond,San Jose,29,29
Oslo,Seattle,29,29
Bangkok,Beijing,29,29
Madrid,Shenzhen,29,29
Beijing,Boulder,29,29
Amsterdam,Houston,29,29
Paris,Tel Aviv,29,29
Guangzhou,Mountain View,29,29
Hamburg,Montreal,29,29
Ann Arbor,San Francisco,29,29
Guangzhou,Suzhou,29,29
Hyderabad,Montreal,29,29
Hyderabad,Mountain View,29,29
Sao Paulo,Vancouver,29,29
Denver,Vancouver,29,29
Atlanta,Pune,29,29
Melbourne,Mountain View,29,29
Cambridge,Washington,29,29
Montreal,Wuhan,29,29
Dublin,Hong Kong,29,29
Berlin,Wuhan,29,29
Amsterdam,Washington,29,29
Denver,Mountain View,29,29
Dubai,Paris,29,29
Austin,Chennai,29,29
Amsterdam,San Diego,29,29
New York,Perth,29,29
Barcelona,Hamburg,29,29
Chengdu,Munich,29,29
Ankara,Tokyo,29,29
Palo Alto,Vancouver,29,29
Ottawa,Paris,29,29
New Delhi,Vancouver,29,29
Beijing,Oxford,29,29
Pittsburgh,San Jose,29,29
Auckland,Tokyo,29,29
Oxford,Seattle,29,29
Atlanta,San Jose,29,29
San Diego,San Jose,28,28
Madrid,Melbourne,28,28
Minneapolis,San Francisco,28,28
Redmond,Shenzhen,28,28
Boston,Houston,28,28
Sydney,Wuhan,28,28
Los Angeles,Moscow,28,28
Dublin,Madrid,28,28
Dublin,Montreal,28,28
Pune,Stockholm,28,28
Mumbai,Taipei,28,28
Bengaluru,Moscow,28,28
Amsterdam,Chengdu,28,28
Bengaluru,Rome,28,28
Cambridge,Dublin,28,28
Beijing,Oslo,28,28
Beijing,Frankfurt,28,28
Amsterdam,Dallas,28,28
Bengaluru,Budapest,28,28
Chicago,Denver,28,28
Denver,Zurich,28,28
Berlin,Budapest,28,28
Berlin,Ottawa,28,28
Stuttgart,Tokyo,28,28
Budapest,Shanghai,28,28
Atlanta,Cambridge,28,28
New York,Santiago,28,28
Cairo,London,28,28
Barcelona,Prague,28,28
Los Angeles,Miami,28,28
Amsterdam,Pittsburgh,28,28
Delhi,Los Angeles,28,28
Denver,Melbourne,28,28
Mumbai,Pittsburgh,28,28
Oslo,Paris,28,28
Boston,Philadelphia,28,28
Sao Paulo,Zurich,28,28
Ottawa,Toronto,28,28
Abu Dhabi,Tokyo,28,28
Hyderabad,Melbourne,28,28
Abu Dhabi,Shanghai,28,28
Hyderabad,Stockholm,28,28
Vancouver,Warsaw,28,28
Brussels,London,28,28
Barcelona,Cambridge,28,28
Bangkok,Seattle,28,28
Lisbon,Singapore,28,28
Edinburgh,Shanghai,28,28
Hong Kong,Stockholm,28,28
Mumbai,Washington,28,28
Denver,Montreal,28,28
Barcelona,Pune,28,28
Shanghai,Waterloo,28,28
Beijing,Lausanne,28,28
Milan,Sydney,28,28
Los Angeles,Prague,28,28
Cambridge,Guangzhou,28,28
New York,Phoenix,28,28
Boston,New Delhi,28,28
Auckland,Beijing,28,28
Chennai,Kolkata,28,28
Barcelona,New Delhi,28,28
London,Stuttgart,28,28
Athens,Berlin,28,28
Lagos,London,28,28
Madrid,San Jose,28,28
Chengdu,Chicago,28,28
Rome,Seattle,27,27
Lyon,Seoul,27,27
Dubai,Singapore,27,27
Moscow,Shenzhen,27,27
Hong Kong,Washington,27,27
Lisbon,Munich,27,27
Houston,Los Angeles,27,27
Kolkata,Singapore,27,27
Lyon,Munich,27,27
Ottawa,Seattle,27,27
Budapest,Seattle,27,27
Hangzhou,Raleigh,27,27
Chicago,Dubai,27,27
Barcelona,Dublin,27,27
Istanbul,Toronto,27,27
Bangkok,Berlin,27,27
Cambridge,Hyderabad,27,27
Berlin,Dubai,27,27
Palo Alto,Sunnyvale,27,27
Chennai,Vancouver,27,27
Brisbane,London,27,27
Chicago,Miami,27,27
Cambridge,Denver,27,27
Chicago,Raleigh,27,27
Sao Paulo,Shenzhen,27,27
Melbourne,Warsaw,27,27
Athens,Beijing,27,27
Athens,Paris,27,27
Amsterdam,Moscow,27,27
Milan,Munich,27,27
Chengdu,Sydney,27,27
San Diego,Shenzhen,27,27
Guangzhou,Zurich,27,27
Pune,Washington,27,27
Chengdu,Hefei,27,27
Montreal,Vienna,27,27
Manchester,New York,27,27
Austin,Tel Aviv,27,27
Sunnyvale,Zurich,27,27
Nanjing,Suzhou,27,27
Bengaluru,Ho Chi Minh City,27,27
Atlanta,Portland,27,27
Ottawa,Shanghai,27,27
Bengaluru,Waterloo,27,27
Los Angeles,Nanjing,27,27
Miami,Vancouver,27,27
Istanbul,Munich,27,27
Abu Dhabi,Beijing,27,27
Mumbai,Prague,27,27
Bengaluru,Philadelphia,27,27
Madrid,Prague,27,27
Austin,Wuhan,27,27
Brussels,Tokyo,27,27
Dallas,Vancouver,27,27
Austin,Moscow,27,27
Montreal,Taipei,27,27
Denver,San Jose,27,27
Mountain View,Pune,27,27
Denver,Munich,26,26
Atlanta,Pittsburgh,26,26
Lyon,Shanghai,26,26
Shenzhen,Sunnyvale,26,26
Berlin,Waterloo,26,26
Cologne,San Francisco,26,26
Cupertino,Shanghai,26,26
Boston,Moscow,26,26
Barcelona,Mountain View,26,26
Prague,Stockholm,26,26
Ankara,Seattle,26,26
Cambridge,Taipei,26,26
Bengaluru,Buenos Aires,26,26
Stockholm,Sydney,26,26
Hamburg,Mountain View,26,26
Cairo,Tokyo,26,26
Atlanta,Sao Paulo,26,26
Montreal,Palo Alto,26,26
Chicago,Lisbon,26,26
Cupertino,New York,26,26
Minneapolis,Tokyo,26,26
Minneapolis,New York,26,26
Athens,Tokyo,26,26
Mountain View,Redmond,26,26
Dublin,Vancouver,26,26
Munich,Raleigh,26,26
Chengdu,Mountain View,26,26
Barcelona,Chengdu,26,26
Manchester,Tokyo,26,26
Dublin,Mountain View,26,26
Austin,Dubai,26,26
Barcelona,San Diego,26,26
Montreal,New Delhi,26,26
Melbourne,Palo Alto,26,26
Dublin,Taipei,26,26
Chengdu,Suzhou,26,26
Montreal,Prague,26,26
Copenhagen,Singapore,26,26
Paris,Rome,26,26
Delhi,Munich,26,26
Houston,Munich,26,26
Moscow,Zurich,26,26
Boston,Wuhan,26,26
Lagos,Tokyo,26,26
Munich,Sao Paulo,26,26
Milan,Vancouver,26,26
Hyderabad,Vienna,26,26
Lisbon,Melbourne,26,26
Beijing,Rome,26,26
Lagos,Seattle,26,26
Beijing,Buenos Aires,26,26
Mountain View,Vienna,26,26
Hong Kong,Vienna,26,26
Hangzhou,Istanbul,26,26
Melbourne,Washington,26,26
Miami,Munich,26,26
Hamburg,Hangzhou,26,26
Bengaluru,Milan,26,26
Delft,San Francisco,26,26
Lyon,Toronto,26,26
Prague,Zurich,26,26
Munich,Nanjing,26,26
London,Toulouse,26,26
Dubai,Zurich,26,26
Ann Arbor,New York,26,26
Hangzhou,Milan,26,26
Seattle,Xi'an,26,26
Hong Kong,Madrid,26,26
Budapest,Toronto,26,26
Athens,Boston,26,26
Chicago,Prague,26,26
Helsinki,Toronto,26,26
Seoul,Tel Aviv,26,26
Boulder,Shanghai,26,26
Shenzhen,Washington,26,26
Portland,San Diego,26,26
Chengdu,Zurich,25,25
New Delhi,Zurich,25,25
Paris,Stuttgart,25,25
Auckland,Singapore,25,25
Dublin,Sydney,25,25
Lausanne,New York,25,25
Milan,Shenzhen,25,25
Guangzhou,Montreal,25,25
Nanjing,Sydney,25,25
Bengaluru,Lagos,25,25
Oxford,Shanghai,25,25
Oxford,Paris,25,25
Montreal,Warsaw,25,25
Berlin,Ho Chi Minh City,25,25
Boulder,Singapore,25,25
Nanjing,Zurich,25,25
Melbourne,San Diego,25,25
Barcelona,Portland,25,25
Melbourne,San Jose,25,25
Portland,Vienna,25,25
Hyderabad,Taipei,25,25
Hamburg,Stockholm,25,25
Portland,Stockholm,25,25
Sao Paulo,Sydney,25,25
Helsinki,Seattle,25,25
Helsinki,Seoul,25,25
Guangzhou,Sydney,25,25
Helsinki,Singapore,25,25
Oslo,Shanghai,25,25
Perth,Seattle,25,25
Madrid,Stockholm,25,25
Abu Dhabi,Singapore,25,25
Cologne,New York,25,25
Dallas,Los Angeles,25,25
Melbourne,Pittsburgh,25,25
Cambridge,Vienna,25,25
Berlin,Buenos Aires,25,25
Cambridge,Milan,25,25
Boston,Milan,25,25
Hangzhou,Houston,25,25
San Jose,Vienna,25,25
Delhi,Zurich,25,25
Madrid,Washington,25,25
Hamburg,Madrid,25,25
Melbourne,Sao Paulo,25,25
Lausanne,Tokyo,25,25
Ho Chi Minh City,Seoul,25,25
Chicago,Copenhagen,25,25
Hong Kong,New Delhi,25,25
Amsterdam,Budapest,25,25
Boulder,Paris,25,25
Perth,Tokyo,25,25
Bengaluru,Tel Aviv,25,25
Miami,San Jose,25,25
Amsterdam,Chennai,25,25
London,Perth,25,25
Amsterdam,Raleigh,25,25
Hamburg,Sydney,25,25
Dubai,Hangzhou,25,25
Hangzhou,Warsaw,25,25
Pittsburgh,Washington,25,25
Bangkok,Shanghai,25,25
Atlanta,Prague,25,25
Palo Alto,Pittsburgh,25,25
Ho Chi Minh City,Paris,25,25
Bangkok,London,25,25
Seoul,Waterloo,25,25
Delhi,Kolkata,25,25
Denver,Hong Kong,25,25
Kolkata,Los Angeles,25,25
Barcelona,Pittsburgh,25,25
Palo Alto,Sydney,25,25
Ankara,Beijing,25,25
Bengaluru,Ottawa,25,25
Cambridge,New Delhi,25,25
Ho Chi Minh City,Singapore,25,25
Hangzhou,New Delhi,25,25
Berlin,Boulder,24,24
Copenhagen,Munich,24,24
Copenhagen,Toronto,24,24
Bucharest,London,24,24
Seattle,Toulouse,24,24
San Francisco,Toulouse,24,24
Berlin,Lagos,24,24
Atlanta,Lisbon,24,24
Cape Town,Tokyo,24,24
Mumbai,Stockholm,24,24
Bangkok,Seoul,24,24
Boston,Copenhagen,24,24
Boston,Istanbul,24,24
Madrid,Redmond,24,24
Beijing,Manchester,24,24
Ann Arbor,Shanghai,24,24
London,Rio de Janeiro,24,24
Chennai,Montreal,24,24
Cambridge,Stockholm,24,24
Bangkok,Paris,24,24
Pittsburgh,Sydney,24,24
Montreal,Sao Paulo,24,24
Houston,Seoul,24,24
Raleigh,Zurich,24,24
New York,Toulouse,24,24
Barcelona,Delhi,24,24
Amsterdam,Copenhagen,24,24
Boston,Nanjing,24,24
Dublin,Melbourne,24,24
Milan,Zurich,24,24
Guangzhou,Taipei,24,24
Dubai,San Jose,24,24
Munich,Philadelphia,24,24
Lagos,Toronto,24,24
Lausanne,Zurich,24,24
Ankara,Shanghai,24,24
Atlanta,Hamburg,24,24
Shenzhen,Tianjin,24,24
Mountain View,Mumbai,24,24
Melbourne,Wuhan,24,24
Austin,Istanbul,24,24
Munich,Wuhan,24,24
Dublin,Palo Alto,24,24
Los Angeles,Philadelphia,24,24
Pittsburgh,San Diego,24,24
Atlanta,Guangzhou,24,24
Rio de Janeiro,Tokyo,24,24
Barcelona,Chennai,24,24
Paris,Toulouse,24,24
Hamburg,Pune,24,24
Shenzhen,Stockholm,24,24
Stockholm,Taipei,24,24
Los Angeles,Tel Aviv,24,24
Paris,Wuhan,24,24
Hamburg,Taipei,24,24
Barcelona,Sao Paulo,24,24
Melbourne,Vienna,24,24
Austin,Brisbane,24,24
Austin,Boulder,24,24
Seattle,Stuttgart,24,24
Hyderabad,Washington,24,24
Montreal,Pittsburgh,24,24
Beijing,Stuttgart,24,24
Kuala Lumpur,Tokyo,24,24
Barcelona,Miami,24,24
Austin,Philadelphia,24,24
Atlanta,Vienna,24,24
Amsterdam,Redmond,24,24
Cupertino,Seattle,24,24
Oslo,Singapore,24,24
Berlin,Helsinki,24,24
Houston,Vancouver,24,24
Dallas,Shenzhen,24,24
Portland,Washington,24,24
Budapest,Singapore,24,24
Athens,Bengaluru,24,24
Boston,Delhi,24,24
Atlanta,Madrid,24,24
Oslo,Seoul,24,24
Delhi,Hong Kong,24,24
Nanjing,Pittsburgh,24,24
Hangzhou,Sao Paulo,24,24
Bengaluru,Oslo,24,24
Chennai,Hangzhou,23,23
Cupertino,London,23,23
Kuala Lumpur,San Francisco,23,23
Salt Lake City,San Francisco,23,23
Vancouver,Wuhan,23,23
New Delhi,Sydney,23,23
Atlanta,Stockholm,23,23
Ottawa,Seoul,23,23
Auckland,Seattle,23,23
Auckland,Toronto,23,23
Copenhagen,Seoul,23,23
Frankfurt,Seattle,23,23
Istanbul,Vancouver,23,23
Barcelona,Copenhagen,23,23
Hamburg,Melbourne,23,23
Hamburg,Hyderabad,23,23
Frankfurt,Shanghai,23,23
Chicago,Nanjing,23,23
Ann Arbor,Tokyo,23,23
Beijing,Delft,23,23
Bengaluru,Boulder,23,23
Austin,Manchester,23,23
Melbourne,Miami,23,23
Melbourne,Nanjing,23,23
New York,Salt Lake City,23,23
Moscow,Vancouver,23,23
Chengdu,Melbourne,23,23
Sydney,Warsaw,23,23
Chengdu,Montreal,23,23
Edinburgh,Seoul,23,23
Edinburgh,Hangzhou,23,23
Philadelphia,Shenzhen,23,23
Prague,Sydney,23,23
Hong Kong,Pune,23,23
Boston,Dubai,23,23
Bengaluru,Cairo,23,23
Boston,Miami,23,23
Lyon,Singapore,23,23
Dubai,Vancouver,23,23
Rio de Janeiro,Seattle,23,23
Hanoi,Tokyo,23,23
Seoul,Suzhou,23,23
Athens,Munich,23,23
Cologne,Paris,23,23
Bucharest,Tokyo,23,23
Rome,Toronto,23,23
New Delhi,San Jose,23,23
Brisbane,Toronto,23,23
Rome,Seoul,23,23
Dublin,Mumbai,23,23
Houston,San Jose,23,23
Chennai,Delhi,23,23
Oslo,Toronto,23,23
Chicago,Delhi,23,23
Los Angeles,Raleigh,23,23
Montreal,San Diego,23,23
Taipei,Vienna,23,23
Perth,Toronto,23,23
Beijing,Brisbane,23,23
Lisbon,Montreal,23,23
Berlin,Rome,23,23
Mountain View,Portland,23,23
Hong Kong,Miami,23,23
Chennai,Chicago,23,23
Beijing,Hsinchu,23,23
Athens,Seoul,23,23
Lisbon,Zurich,23,23
Bangkok,Bengaluru,23,23
Helsinki,Shenzhen,22,22
Perth,Shanghai,22,22
Boston,Tel Aviv,22,22
Dubai,Hyderabad,22,22
London,Minneapolis,22,22
Sunnyvale,Taipei,22,22
Hangzhou,Lisbon,22,22
Amsterdam,Delhi,22,22
Austin,Ottawa,22,22
Beijing,Cairo,22,22
Guangzhou,Xi'an,22,22
Dublin,Washington,22,22
Calgary,San Francisco,22,22
Cairo,Toronto,22,22
Vienna,Washington,22,22
Paris,Perth,22,22
Singapore,Waterloo,22,22
Athens,Singapore,22,22
Kuala Lumpur,London,22,22
Denver,Sydney,22,22
Miami,Sydney,22,22
Abu Dhabi,London,22,22
Melbourne,Milan,22,22
Taipei,Warsaw,22,22
Guangzhou,Melbourne,22,22
Jakarta,San Francisco,22,22
Ankara,Bengaluru,22,22
Chicago,Philadelphia,22,22
Pune,Sao Paulo,22,22
Budapest,Seoul,22,22
San Jose,Stockholm,22,22
Houston,Palo Alto,22,22
Lisbon,Mumbai,22,22
Hamburg,Portland,22,22
Barcelona,Denver,22,22
Cologne,Tokyo,22,22
Lisbon,Sydney,22,22
Prague,Pune,22,22
Edinburgh,Paris,22,22
Boston,Ottawa,22,22
Pune,San Diego,22,22
Moscow,San Diego,22,22
Redmond,San Diego,22,22
Brussels,Paris,22,22
Atlanta,Taipei,22,22
Amsterdam,Milan,22,22
Lagos,Paris,22,22
Atlanta,Dublin,22,22
Hong Kong,Warsaw,22,22
Pune,Raleigh,22,22
Copenhagen,Los Angeles,22,22
Atlanta,Palo Alto,22,22
Berlin,Brisbane,22,22
Nanjing,Toronto,22,22
Suzhou,Wuhan,22,22
San Diego,Taipei,22,22
Calgary,New York,22,22
Rome,Singapore,22,22
Seattle,Suzhou,22,22
Madrid,Taipei,22,22
Hanoi,Singapore,22,22
Hyderabad,Istanbul,22,22
Beijing,Lagos,22,22
Hangzhou,Kolkata,22,22
Melbourne,Raleigh,22,22
Melbourne,Redmond,22,22
Austin,Kolkata,22,22
Bengaluru,Delft,22,22
Los Angeles,Wuhan,22,22
Oxford,Toronto,22,22
Dublin,Hyderabad,22,22
Boston,Lyon,22,22
Pittsburgh,Wuhan,22,22
Hong Kong,Oxford,22,22
Cambridge,Warsaw,22,22
Prague,Shenzhen,22,22
Palo Alto,Taipei,22,22
Raleigh,Vancouver,22,22
Brisbane,Seoul,22,22
Hong Kong,Sunnyvale,22,22
Mumbai,Vienna,22,22
London,Phoenix,22,22
Dublin,San Diego,22,22
Abu Dhabi,New York,22,22
Copenhagen,Zurich,22,22
Pittsburgh,Redmond,22,22
Cologne,London,22,22
Chengdu,Xi'an,22,22
Hsinchu,Tokyo,22,22
Seoul,Stuttgart,21,21
Montreal,Moscow,21,21
Amsterdam,Ho Chi Minh City,21,21
Cairo,Paris,21,21
Cambridge,Chengdu,21,21
Melbourne,New Delhi,21,21
Phoenix,Tokyo,21,21
Lausanne,Paris,21,21
San Jose,Sao Paulo,21,21
San Diego,Washington,21,21
Hyderabad,Madrid,21,21
Mumbai,Sunnyvale,21,21
Lausanne,Seattle,21,21
Miami,Zurich,21,21
Budapest,Shenzhen,21,21
Cairo,Shanghai,21,21
Eindhoven,San Francisco,21,21
Boulder,Toronto,21,21
Auckland,Shanghai,21,21
Munich,Oxford,21,21
Kolkata,Vancouver,21,21
Cupertino,Seoul,21,21
Seoul,Xi'an,21,21
Cambridge,Prague,21,21
Mountain View,New Delhi,21,21
Hong Kong,Prague,21,21
Cambridge,Moscow,21,21
Munich,Tel Aviv,21,21
Los Angeles,Xi'an,21,21
Hong Kong,Sao Paulo,21,21
Delhi,San Jose,21,21
Geneva,New York,21,21
Cupertino,Hangzhou,21,21
Chengdu,Palo Alto,21,21
Santiago,Toronto,21,21
Tel Aviv,Vancouver,21,21
Bengaluru,Rio de Janeiro,21,21
Bengaluru,Manchester,21,21
Brussels,Seattle,21,21
Dublin,Redmond,21,21
Berlin,Perth,21,21
Edinburgh,Seattle,21,21
Dubai,Munich,21,21
Santiago,Shanghai,21,21
Athens,Austin,21,21
Delft,London,21,21
London,Santiago,21,21
Bengaluru,Suzhou,21,21
Delhi,Sydney,21,21
Philadelphia,Vancouver,21,21
Madrid,Vienna,21,21
Barcelona,Raleigh,21,21
Boston,Kolkata,21,21
Amsterdam,Sunnyvale,21,21
Salt Lake City,Tokyo,21,21
Dublin,Portland,21,21
Miami,Shenzhen,21,21
Kolkata,Zurich,21,21
Hamburg,San Diego,21,21
Chennai,Sydney,21,21
New Delhi,Stockholm,21,21
Hangzhou,Ho Chi Minh City,21,21
Dallas,Hangzhou,21,21
Bengaluru,Oxford,21,21
Madrid,Raleigh,21,21
Toronto,Wuhan,21,21
Ho Chi Minh City,Melbourne,21,21
Hamburg,Mumbai,21,21
Abu Dhabi,Shenzhen,21,21
Lagos,Shanghai,21,21
Portland,Taipei,21,21
Buenos Aires,Paris,21,21
Lima,San Francisco,21,21
Kolkata,Madrid,21,21
Boulder,Vancouver,21,21
Minneapolis,Paris,21,21
Atlanta,San Diego,21,21
Pittsburgh,Vienna,21,21
Hanoi,San Francisco,21,21
Buenos Aires,Seoul,21,21
Ankara,Seoul,21,21
Mumbai,San Diego,21,21
Mountain View,Sao Paulo,21,21
Minneapolis,Seattle,21,21
Palo Alto,San Diego,21,21
Lisbon,Shenzhen,21,21
Sao Paulo,Stockholm,21,21
Budapest,Vancouver,20,20
Manchester,Seoul,20,20
Shanghai,Stuttgart,20,20
Bengaluru,Helsinki,20,20
Chicago,Perth,20,20
Bengaluru,Lausanne,20,20
Cupertino,Singapore,20,20
Beijing,Bucharest,20,20
Chennai,Madrid,20,20
Barcelona,Moscow,20,20
Delhi,Vancouver,20,20
Portland,San Jose,20,20
Boulder,Chicago,20,20
Nanjing,Xi'an,20,20
Delhi,Melbourne,20,20
Ankara,Singapore,20,20
Hyderabad,Sao Paulo,20,20
Copenhagen,Vancouver,20,20
Eindhoven,New York,20,20
Raleigh,Washington,20,20
Boulder,Zurich,20,20
Ankara,Hangzhou,20,20
Istanbul,Pune,20,20
Mumbai,Sao Paulo,20,20
Atlanta,Dallas,20,20
Hamburg,San Jose,20,20
Atlanta,Miami,20,20
Ann Arbor,Cambridge,20,20
Hamburg,New Delhi,20,20
Moscow,Taipei,20,20
Atlanta,Boulder,20,20
Moscow,Sydney,20,20
San Jose,Tel Aviv,20,20
Melbourne,Moscow,20,20
Berlin,Oxford,20,20
Amsterdam,Istanbul,20,20
Barcelona,Lisbon,20,20
Mumbai,Palo Alto,20,20
Amsterdam,Kolkata,20,20
New Delhi,Washington,20,20
Athens,Toronto,20,20
Hyderabad,Palo Alto,20,20
Heidelberg,San Francisco,20,20
Singapore,Stuttgart,20,20
Eindhoven,Tokyo,20,20
Paris,Waterloo,20,20
Dallas,Washington,20,20
Austin,Copenhagen,20,20
Dallas,Munich,20,20
Hamburg,Palo Alto,20,20
New Delhi,Portland,20,20
Ankara,Berlin,20,20
Boston,Budapest,20,20
Hamburg,Vienna,20,20
Calgary,London,20,20
Amsterdam,Nanjing,20,20
Abu Dhabi,Seattle,20,20
Kolkata,Shenzhen,20,20
Jakarta,Tokyo,20,20
Pune,Vienna,20,20
Tokyo,Toulouse,20,20
Guangzhou,Sunnyvale,20,20
Bristol,Tokyo,20,20
Frankfurt,Singapore,20,20
Bengaluru,Santiago,20,20
Cairo,Seattle,20,20
Geneva,San Francisco,20,20
Hong Kong,Tel Aviv,20,20
Bengaluru,Kuala Lumpur,20,20
Amsterdam,Ottawa,20,20
Abu Dhabi,Paris,20,20
Cambridge,Philadelphia,20,20
Raleigh,Sydney,20,20
Austin,Oslo,20,20
Lyon,Madrid,20,20
Dublin,Pittsburgh,20,20
Denver,Mumbai,20,20
Austin,Xi'an,20,20
Auckland,Munich,20,20
Istanbul,Shenzhen,20,20
Sao Paulo,Warsaw,20,20
Beijing,Perth,20,20
Amsterdam,Miami,20,20
Madrid,New Delhi,20,20
Amsterdam,Wuhan,20,20
Beijing,Hanoi,20,20
Nairobi,New York,20,20
Mumbai,Warsaw,20,20
Edmonton,San Francisco,20,20
Abu Dhabi,Hangzhou,20,20
Lisbon,Pune,20,20
Hamburg,Pittsburgh,20,20
Dallas,Sydney,20,20
Budapest,Melbourne,20,20
Cambridge,Houston,20,20
Ho Chi Minh City,Toronto,20,20
Oxford,Seoul,20,20
Helsinki,Vancouver,20,20
Lausanne,Shanghai,20,20
Dallas,Montreal,20,20
Helsinki,Sydney,20,20
Helsinki,Munich,20,20
Chicago,Wuhan,20,20
Brussels,Singapore,20,20
Warsaw,Zurich,20,20
Austin,Perth,20,20
Ann Arbor,Singapore,19,19
Houston,Mumbai,19,19
Delft,Shanghai,19,19
Chicago,Kolkata,19,19
Pittsburgh,Sunnyvale,19,19
Los Angeles,Perth,19,19
Houston,Pune,19,19
Sao Paulo,Washington,19,19
Austin,Delhi,19,19
Lyon,Zurich,19,19
Hong Kong,Portland,19,19
Berlin,Frankfurt,19,19
Istanbul,Mumbai,19,19
Brisbane,Shanghai,19,19
Copenhagen,Hangzhou,19,19
Chicago,Dallas,19,19
Atlanta,Houston,19,19
Prague,Washington,19,19
Hamburg,Sao Paulo,19,19
Mountain View,Warsaw,19,19
Montreal,Sunnyvale,19,19
Hsinchu,Shanghai,19,19
Hyderabad,Redmond,19,19
Dubai,Mumbai,19,19
Madrid,Philadelphia,19,19
Helsinki,Zurich,19,19
Pittsburgh,Stockholm,19,19
Frankfurt,Paris,19,19
Hong Kong,Milan,19,19
Atlanta,New Delhi,19,19
Bangkok,Toronto,19,19
Geneva,Tokyo,19,19
Berlin,Lausanne,19,19
Boston,Manchester,19,19
Dallas,Redmond,19,19
Boulder,Mountain View,19,19
Denver,New Delhi,19,19
Munich,Oslo,19,19
Austin,Nanjing,19,19
Istanbul,Sydney,19,19
Denver,Pune,19,19
Manchester,Vancouver,19,19
Chengdu,Pittsburgh,19,19
Denver,Washington,19,19
Cambridge,Sao Paulo,19,19
Ho Chi Minh City,Hong Kong,19,19
Amsterdam,Lyon,19,19
Austin,Budapest,19,19
Chennai,Vienna,19,19
Berlin,Bucharest,19,19
Berlin,Brussels,19,19
Dublin,Stockholm,19,19
Frankfurt,Seoul,19,19
Chicago,Moscow,19,19
Raleigh,Taipei,19,19
New Delhi,Shenzhen,19,19
Ann Arbor,London,19,19
Guangzhou,Moscow,19,19
Edinburgh,Hong Kong,19,19
Osaka,Tokyo,19,19
Sydney,Waterloo,19,19
Lausanne,Munich,19,19
Beijing,Brussels,19,19
Dubai,Shenzhen,19,19
Madrid,Mountain View,19,19
Atlanta,Warsaw,19,19
Berlin,Minneapolis,19,19
Hong Kong,Raleigh,19,19
New Delhi,San Diego,19,19
Moscow,Mountain View,19,19
Nanjing,Tianjin,19,19
Bristol,San Francisco,19,19
Bristol,New York,19,19
Santiago,Tokyo,19,19
Wuhan,Xi'an,19,19
San Diego,Vienna,19,19
Montreal,Nanjing,19,19
Austin,Milan,19,19
Guangzhou,Hefei,19,19
Chennai,Shenzhen,19,19
Manchester,Shanghai,19,19
Phoenix,Seattle,19,19
Suzhou,Toronto,19,19
Hefei,Hong Kong,19,19
New Delhi,Taipei,19,19
London,Nairobi,19,19
Hefei,New York,19,19
Lima,London,19,19
Lagos,Mumbai,19,19
Bucharest,Toronto,19,19
Buenos Aires,Vancouver,19,19
Lyon,Vancouver,19,19
Madrid,Palo Alto,19,19
Bengaluru,Brisbane,19,19
Chicago,Ottawa,19,19
London,Salt Lake City,19,19
Portland,Warsaw,19,19
Auckland,Paris,18,18
Budapest,Hangzhou,18,18
Buenos Aires,Toronto,18,18
New Delhi,Rome,18,18
San Diego,Sydney,18,18
Prague,Warsaw,18,18
Copenhagen,Hong Kong,18,18
Oxford,Sydney,18,18
Paris,Xi'an,18,18
Denver,Stockholm,18,18
Mountain View,Prague,18,18
Austin,Oxford,18,18
Berlin,Toulouse,18,18
San Jose,Warsaw,18,18
Portland,Sunnyvale,18,18
Geneva,London,18,18
Rio de Janeiro,Vancouver,18,18
Berlin,Manchester,18,18
Copenhagen,Montreal,18,18
Hangzhou,Miami,18,18
Gothenburg,San Francisco,18,18
Hangzhou,Ottawa,18,18
Hong Kong,Redmond,18,18
Dublin,Prague,18,18
Cambridge,Raleigh,18,18
Houston,Hyderabad,18,18
Taipei,Washington,18,18
Hsinchu,New York,18,18
New Delhi,Sunnyvale,18,18
Kuala Lumpur,Shanghai,18,18
Berlin,Cologne,18,18
Pune,Warsaw,18,18
Amsterdam,Philadelphia,18,18
Hong Kong,Hyderabad,18,18
Cambridge,Copenhagen,18,18
Barcelona,Tel Aviv,18,18
Perth,Seoul,18,18
Bengaluru,Nairobi,18,18
Brisbane,Paris,18,18
Cambridge,Chennai,18,18
Boulder,Sunnyvale,18,18
Chennai,Washington,18,18
Calgary,Toronto,18,18
Cambridge,Dallas,18,18
Portland,Pune,18,18
Frankfurt,Toronto,18,18
Lisbon,Washington,18,18
Atlanta,Denver,18,18
Mountain View,Philadelphia,18,18
Ann Arbor,Hong Kong,18,18
Lagos,Singapore,18,18
Auckland,Bengaluru,18,18
Atlanta,Philadelphia,18,18
Madrid,Milan,18,18
Austin,Buenos Aires,18,18
Hanoi,New York,18,18
Lagos,Pune,18,18
Dallas,Miami,18,18
Eindhoven,London,18,18
Copenhagen,Vienna,18,18
Edinburgh,Los Angeles,18,18
Chengdu,Taipei,18,18
Miami,Pune,18,18
Milan,San Jose,18,18
Philadelphia,San Jose,18,18
Berlin,Stuttgart,18,18
Ann Arbor,Berlin,18,18
Miami,Mumbai,18,18
Palo Alto,Philadelphia,18,18
Nairobi,Tokyo,18,18
Nairobi,Seattle,18,18
Istanbul,Taipei,18,18
Cambridge,Edinburgh,18,18
Nairobi,San Francisco,18,18
Santiago,Singapore,18,18
Santiago,Seattle,18,18
Mumbai,Portland,18,18
Dallas,Hong Kong,18,18
Hamburg,Washington,18,18
Lagos,Vancouver,18,18
Milan,Montreal,18,18
Philadelphia,Taipei,18,18
Guangzhou,Vienna,18,18
Stuttgart,Toronto,18,18
Kolkata,Munich,18,18
Beijing,Cape Town,18,18
Munich,Rome,18,18
Abu Dhabi,Seoul,18,18
Melbourne,Philadelphia,18,18
Atlanta,Sunnyvale,18,18
Berlin,Edinburgh,18,18
Pittsburgh,Pune,18,18
Montreal,Tel Aviv,18,18
Boston,Suzhou,18,18
Hyderabad,Pittsburgh,18,18
Chengdu,Dublin,18,18
Bucharest,Shanghai,18,18
Chengdu,Madrid,18,18
Chennai,Zurich,18,18
Atlanta,Chennai,18,18
Ann Arbor,Seattle,18,18
Delft,Singapore,18,18
Montreal,Raleigh,18,18
Ottawa,Taipei,18,18
Dubai,Melbourne,18,18
Lisbon,Sao Paulo,18,18
Ankara,Paris,18,18
Dubai,Sydney,18,18
Miami,Mountain View,18,18
Guangzhou,Warsaw,18,18
Chengdu,Pune,18,18
Bucharest,Singapore,18,18
Madrid,Portland,18,18
Edmonton,Tokyo,18,18
Barcelona,Istanbul,18,18
Chennai,Dublin,18,18
Houston,Mountain View,18,18
Nanjing,Pune,18,18
Austin,Rome,18,18
New Delhi,Prague,18,18
Dublin,New Delhi,18,18
Dubai,Pune,18,18
Brisbane,Chicago,18,18
Bucharest,New York,18,18
Edinburgh,Shenzhen,18,18
Dallas,Melbourne,18,18
Delhi,Hangzhou,18,18
Miami,Taipei,18,18
Bengaluru,Perth,18,18
Berlin,Xi'an,18,18
Raleigh,Stockholm,18,18
Boston,Oslo,18,18
Beijing,Santiago,18,18
Austin,Stuttgart,18,18
Manchester,Singapore,18,18
Atlanta,Ho Chi Minh City,18,18
Austin,Santiago,18,18
Bangkok,Shenzhen,18,18
Brussels,Toronto,18,18
Lisbon,Prague,18,18
Mumbai,Redmond,18,18
Barcelona,Sunnyvale,18,18
Buenos Aires,Shanghai,18,18
Beijing,Rio de Janeiro,18,18
Barcelona,Rome,18,18
Atlanta,Buenos Aires,18,18
Boston,Lausanne,18,18
Denver,San Diego,18,18
Los Angeles,Lyon,17,17
Budapest,Hong Kong,17,17
Houston,San Diego,17,17
Guangzhou,Pune,17,17
Palo Alto,Stockholm,17,17
Dallas,Taipei,17,17
Denver,Madrid,17,17
Bristol,London,17,17
Philadelphia,Vienna,17,17
Ankara,Toronto,17,17
Amsterdam,Stuttgart,17,17
Brisbane,Munich,17,17
Toronto,Toulouse,17,17
Moscow,San Jose,17,17
Delhi,Mountain View,17,17
Munich,Ottawa,17,17
Nanjing,Sunnyvale,17,17
Vienna,Warsaw,17,17
Dallas,Portland,17,17
Chengdu,Denver,17,17
Lisbon,San Diego,17,17
Mumbai,Waterloo,17,17
Delft,Seattle,17,17
Bucharest,Seattle,17,17
Brisbane,Hangzhou,17,17
Amsterdam,Oslo,17,17
Delft,Seoul,17,17
Munich,Stuttgart,17,17
Singapore,Tianjin,17,17
Delft,Paris,17,17
Cape Town,Paris,17,17
Raleigh,San Jose,17,17
Amsterdam,Helsinki,17,17
Palo Alto,Portland,17,17
Amsterdam,Edinburgh,17,17
Lisbon,San Jose,17,17
Hong Kong,Lisbon,17,17
Atlanta,Redmond,17,17
Berlin,Cape Town,17,17
Austin,Brussels,17,17
Beijing,Dalian,17,17
Berlin,Suzhou,17,17
Bengaluru,Stuttgart,17,17
Istanbul,Montreal,17,17
Atlanta,Delhi,17,17
Beijing,Cologne,17,17
Lagos,Los Angeles,17,17
Guangzhou,San Diego,17,17
Atlanta,Istanbul,17,17
Istanbul,Vienna,17,17
Suzhou,Sydney,17,17
Chengdu,San Diego,17,17
Palo Alto,Washington,17,17
Chengdu,Vienna,17,17
Tianjin,Wuhan,17,17
Barcelona,Brisbane,17,17
Palo Alto,Pune,17,17
Amsterdam,Rome,17,17
Sydney,Tel Aviv,17,17
Atlanta,Dubai,17,17
Gothenburg,Tokyo,17,17
Dublin,Philadelphia,17,17
Buenos Aires,Chicago,17,17
Boston,Waterloo,17,17
Taipei,Wuhan,17,17
Redmond,Sunnyvale,17,17
Santiago,Seoul,17,17
Tel Aviv,Zurich,17,17
Cambridge,Nanjing,17,17
Nanjing,Palo Alto,17,17
Houston,Sunnyvale,17,17
Mountain View,Waterloo,17,17
Montreal,Oslo,17,17
Barcelona,Wuhan,17,17
Guangzhou,Mumbai,17,17
Amsterdam,Brisbane,17,17
Hanoi,London,17,17
Dublin,Houston,17,17
Kuala Lumpur,Seoul,17,17
Guangzhou,Palo Alto,17,17
Amsterdam,Bangkok,17,17
Edinburgh,Zurich,17,17
Athens,Shanghai,17,17
Berlin,Santiago,17,17
Ho Chi Minh City,Munich,17,17
Ho Chi Minh City,Montreal,17,17
Dallas,Zurich,17,17
Madrid,San Diego,17,17
Lisbon,Portland,17,17
Lima,Toronto,17,17
Austin,Ho Chi Minh City,17,17
Lima,Tokyo,17,17
Sao Paulo,Taipei,17,17
Houston,Madrid,17,17
Los Angeles,Stuttgart,17,17
Boston,Brussels,17,17
Bengaluru,Lima,17,17
Dubai,Stockholm,17,17
Ann Arbor,Bengaluru,17,17
Hong Kong,Istanbul,17,17
Milan,Washington,17,17
Shenzhen,Tel Aviv,17,17
Ankara,Vancouver,17,17
Budapest,Munich,17,17
Melbourne,Tel Aviv,17,17
Palo Alto,Vienna,17,17
Raleigh,Vienna,17,17
Berlin,Delft,17,17
Lausanne,Singapore,17,17
Hefei,San Francisco,17,17
Cambridge,Tel Aviv,17,17
San Diego,Sunnyvale,17,17
Prague,San Diego,17,17
Philadelphia,Portland,17,17
Hyderabad,Lisbon,17,17
Rome,Vancouver,17,17
Kolkata,Washington,17,17
Hyderabad,Portland,17,17
Calgary,Tokyo,17,17
Dublin,Ottawa,17,17
Austin,Lyon,17,17
Barcelona,Philadelphia,17,17
Redmond,Stockholm,17,17
Chicago,Waterloo,17,17
Hyderabad,Warsaw,17,17
Buenos Aires,Singapore,17,17
Chicago,Tel Aviv,17,17
Portland,Prague,17,17
Nanjing,Vienna,17,17
Delhi,Stockholm,17,17
Bengaluru,Frankfurt,17,17
Dallas,Mumbai,17,17
Bengaluru,Cupertino,17,17
Salt Lake City,Shanghai,17,17
Salt Lake City,Seoul,17,17
Chicago,Istanbul,17,17
Ho Chi Minh City,Shenzhen,17,17
Helsinki,Los Angeles,17,17
Boston,Lagos,17,17
Oxford,Shenzhen,17,17
Frankfurt,Munich,17,17
Bengaluru,Minneapolis,17,17
Chennai,Melbourne,17,17
Chennai,Stockholm,17,17
Berlin,Rio de Janeiro,17,17
Minneapolis,Singapore,17,17
Boulder,Munich,17,17
Los Angeles,Manchester,17,17
Hyderabad,Prague,17,17
Toulouse,Zurich,17,17
Manchester,Toronto,17,17
Dublin,Sunnyvale,17,17
Wuhan,Zurich,17,17
Lisbon,Vienna,17,17
Stockholm,Washington,17,17
Lyon,Montreal,17,17
Barcelona,Budapest,17,17
Philadelphia,Pittsburgh,17,17
Jakarta,London,17,17
Ho Chi Minh City,Vancouver,16,16
Hsinchu,San Francisco,16,16
Oslo,Vancouver,16,16
Chennai,Sao Paulo,16,16
Edinburgh,Munich,16,16
Barcelona,Stuttgart,16,16
Toronto,Xi'an,16,16
Lagos,Munich,16,16
Raleigh,Shenzhen,16,16
Helsinki,Montreal,16,16
Bengaluru,Bucharest,16,16
Munich,Suzhou,16,16
Cambridge,Kolkata,16,16
Boston,Boulder,16,16
Montreal,Philadelphia,16,16
Portland,Sao Paulo,16,16
Bangkok,Zurich,16,16
Cambridge,Helsinki,16,16
Jakarta,New York,16,16
Ottawa,Shenzhen,16,16
Hefei,Wuhan,16,16
Montreal,Oxford,16,16
Hyderabad,Nanjing,16,16
Oslo,Pune,16,16
Cambridge,Lausanne,16,16
Istanbul,Los Angeles,16,16
Austin,Waterloo,16,16
Chicago,Milan,16,16
Helsinki,Melbourne,16,16
Milan,Vienna,16,16
Edmonton,London,16,16
Prague,Sao Paulo,16,16
Barcelona,Lyon,16,16
Boston,Xi'an,16,16
Sunnyvale,Washington,16,16
Ottawa,Sydney,16,16
Beijing,Minneapolis,16,16
Madrid,Sao Paulo,16,16
New Delhi,Sao Paulo,16,16
Mumbai,Oslo,16,16
Helsinki,Prague,16,16
Berlin,Salt Lake City,16,16
Dubai,Vienna,16,16
Dallas,Madrid,16,16
Bucharest,Paris,16,16
Mountain View,Tel Aviv,16,16
Los Angeles,Suzhou,16,16
Barcelona,Nanjing,16,16
Mountain View,Stockholm,16,16
Gothenburg,London,16,16
Mumbai,Tel Aviv,16,16
Hangzhou,Helsinki,16,16
Miami,Redmond,16,16
Hyderabad,Raleigh,16,16
Dublin,Vienna,16,16
Miami,Montreal,16,16
Chengdu,Moscow,16,16
Budapest,Mumbai,16,16
Ottawa,Vancouver,16,16
Prague,Vienna,16,16
Lausanne,Seoul,16,16
Cambridge,Delhi,16,16
Hong Kong,Tianjin,16,16
Kolkata,Sydney,16,16
Amsterdam,Brussels,16,16
Kolkata,Montreal,16,16
Shenzhen,Waterloo,16,16
Chicago,Stuttgart,16,16
Amsterdam,Athens,16,16
Helsinki,Hong Kong,16,16
Ho Chi Minh City,Sydney,16,16
Moscow,Mumbai,16,16
Beijing,Kuala Lumpur,16,16
Palo Alto,Redmond,16,16
Warsaw,Washington,16,16
Helsinki,Washington,16,16
San Jose,Xi'an,16,16
Austin,Frankfurt,16,16
Edinburgh,Toronto,16,16
Hong Kong,Lyon,16,16
Atlanta,Milan,16,16
Bucharest,Seoul,16,16
Barcelona,Milan,16,16
Copenhagen,Melbourne,16,16
Hamburg,Raleigh,16,16
Edmonton,Seattle,16,16
Prague,San Jose,16,16
Redmond,Taipei,16,16
Ann Arbor,Paris,16,16
Dallas,Stockholm,16,16
Cupertino,Vancouver,16,16
Chicago,Helsinki,16,16
Auckland,Los Angeles,16,16
Salt Lake City,Seattle,16,16
Dublin,Hamburg,16,16
Berlin,Cupertino,16,16
Lisbon,Palo Alto,16,16
Heidelberg,New York,16,16
Eindhoven,Seattle,16,16
Hanoi,Shanghai,16,16
Dublin,Istanbul,16,16
Dalian,Shanghai,16,16
Perth,Zurich,16,16
Lisbon,Mountain View,16,16
Boston,Delft,16,16
Hong Kong,Kolkata,16,16
Delhi,Montreal,16,16
Hong Kong,Rome,16,16
Atlanta,Nanjing,16,16
San Jose,Wuhan,16,16
Edmonton,New York,16,16
Melbourne,Waterloo,16,16
Munich,Perth,16,16
Amsterdam,Rio de Janeiro,16,16
Dublin,Miami,16,16
Ho Chi Minh City,Los Angeles,16,16
Hyderabad,Miami,16,16
Mumbai,Nanjing,16,16
Delhi,Taipei,16,16
Cupertino,Paris,16,16
Brisbane,Singapore,16,16
Amsterdam,Oxford,16,16
Delhi,Washington,16,16
Auckland,Hangzhou,16,16
Melbourne,Oxford,16,16
Boulder,San Jose,16,16
Copenhagen,Shenzhen,16,16
Nanjing,Taipei,16,16
Hyderabad,Lagos,16,16
Austin,Bucharest,16,16
Miami,Stockholm,16,16
Beijing,Phoenix,16,16
Hefei,Nanjing,16,16
Lyon,Melbourne,16,16
Bengaluru,Phoenix,16,16
Minneapolis,Shanghai,16,16
Lyon,Shenzhen,16,16
Lisbon,Stockholm,16,16
Sunnyvale,Sydney,16,16
Auckland,Chicago,16,16
Chicago,Lyon,16,16
Sunnyvale,Warsaw,16,16
Boulder,Hangzhou,16,16
Eindhoven,Singapore,16,16
Heidelberg,Tokyo,16,16
Abu Dhabi,Bengaluru,16,16
Buenos Aires,Portland,16,16
Denver,Prague,16,16
Delft,Toronto,16,16
Montreal,Ottawa,16,16
Dublin,Lisbon,16,16
Hyderabad,San Diego,16,16
Dallas,Pune,16,16
Atlanta,Perth,16,16
Ankara,Shenzhen,15,15
Boston,Ho Chi Minh City,15,15
Dubai,Montreal,15,15
Brussels,Seoul,15,15
Hangzhou,Stuttgart,15,15
Budapest,Sydney,15,15
Pune,Sunnyvale,15,15
Los Angeles,Waterloo,15,15
Tel Aviv,Washington,15,15
Kyoto,Shanghai,15,15
Montreal,Rome,15,15
Delhi,Madrid,15,15
Brisbane,Vancouver,15,15
Austin,Cupertino,15,15
Oxford,Vancouver,15,15
Hangzhou,Lyon,15,15
Mumbai,Rome,15,15
Chennai,San Jose,15,15
Amsterdam,Bucharest,15,15
Boston,Stuttgart,15,15
Bristol,Seattle,15,15
Shenzhen,Stuttgart,15,15
Bangkok,Hangzhou,15,15
Delhi,Vienna,15,15
Boston,Santiago,15,15
Manchester,San Jose,15,15
Berlin,Hanoi,15,15
Boston,Bucharest,15,15
Cairo,Singapore,15,15
Philadelphia,Sydney,15,15
Kuala Lumpur,Paris,15,15
Cairo,Vancouver,15,15
Lagos,Seoul,15,15
Dallas,Sao Paulo,15,15
Paris,Suzhou,15,15
Munich,Xi'an,15,15
Boston,Buenos Aires,15,15
Munich,Waterloo,15,15
Dalian,Tokyo,15,15
Lyon,Pune,15,15
Cairo,Seoul,15,15
Buenos Aires,Sydney,15,15
Minneapolis,Toronto,15,15
Brussels,Los Angeles,15,15
Madrid,Pittsburgh,15,15
Dubai,Mountain View,15,15
Rotterdam,San Francisco,15,15
Hong Kong,Stuttgart,15,15
Berlin,Phoenix,15,15
Barcelona,Dallas,15,15
Paris,Santiago,15,15
Denver,Philadelphia,15,15
Perth,Vancouver,15,15
Denver,Dublin,15,15
Hamburg,Moscow,15,15
Brisbane,San Diego,15,15
Barcelona,Lagos,15,15
Nanjing,Vancouver,15,15
Guangzhou,Redmond,15,15
Istanbul,Mountain View,15,15
Beijing,Calgary,15,15
Helsinki,Vienna,15,15
Budapest,Stockholm,15,15
Beijing,Toulouse,15,15
Rio de Janeiro,Toronto,15,15
Chicago,Oxford,15,15
Paris,Salt Lake City,15,15
Hangzhou,Perth,15,15
Atlanta,Kolkata,15,15
Hamburg,Tel Aviv,15,15
Munich,Rio de Janeiro,15,15
Moscow,Portland,15,15
Guangzhou,Philadelphia,15,15
Hamburg,Sunnyvale,15,15
Raleigh,Sao Paulo,15,15
Amsterdam,Tel Aviv,15,15
Dubai,Hong Kong,15,15
Delft,Shenzhen,15,15
Montreal,Salt Lake City,15,15
Amsterdam,Waterloo,15,15
Amsterdam,Lagos,15,15
Perth,Singapore,15,15
Hyderabad,Waterloo,15,15
Rio de Janeiro,Sydney,15,15
Bengaluru,Toulouse,15,15
Rome,Zurich,15,15
Cambridge,Wuhan,15,15
Manchester,Munich,15,15
Manchester,Mountain View,15,15
Mumbai,Raleigh,15,15
Milan,Taipei,15,15
Stockholm,Sunnyvale,15,15
Prague,Taipei,15,15
Denver,Sao Paulo,15,15
Bucharest,Hangzhou,15,15
Barcelona,Kolkata,15,15
Chicago,Manchester,15,15
Pune,Redmond,15,15
Budapest,Los Angeles,15,15
Pittsburgh,Portland,15,15
Berlin,Jakarta,15,15
Budapest,Chicago,15,15
Madrid,Nanjing,15,15
Cape Town,Seattle,15,15
Cambridge,Rome,15,15
San Francisco,Tianjin,15,15
Cape Town,Singapore,15,15
Bengaluru,Xi'an,15,15
Chennai,Redmond,15,15
Chengdu,Sunnyvale,15,15
Athens,Prague,15,15
Auckland,Seoul,15,15
New Delhi,Vienna,15,15
Perth,Sydney,15,15
Auckland,Melbourne,15,15
Auckland,Berlin,15,15
Rio de Janeiro,Seoul,15,15
Minneapolis,Vancouver,15,15
Berlin,Eindhoven,15,15
Dubai,New Delhi,15,15
Lyon,Prague,15,15
Denver,Redmond,15,15
Boulder,Melbourne,15,15
Ankara,Los Angeles,15,15
Houston,New Delhi,15,15
Hamburg,Lisbon,15,15
Eindhoven,Shanghai,15,15
Guangzhou,Madrid,15,15
Ankara,Zurich,15,15
Oslo,Shenzhen,15,15
Paris,Rio de Janeiro,15,15
Budapest,Montreal,15,15
Oslo,Stockholm,15,15
Dublin,Tel Aviv,15,15
Dublin,Raleigh,15,15
Frankfurt,Vancouver,15,15
New York,Tianjin,15,15
Guangzhou,Tianjin,15,15
Manchester,Zurich,15,15
Hangzhou,Tel Aviv,15,15
Manchester,Paris,15,15
Brussels,Shanghai,15,15
Buenos Aires,Los Angeles,15,15
Jakarta,Shanghai,15,15
Cairo,Hangzhou,15,15
Miami,Vienna,15,15
Mountain View,Raleigh,15,15
Cambridge,Miami,15,15
Houston,Portland,15,15
Hangzhou,Oxford,15,15
Miami,Washington,15,15
Istanbul,Prague,15,15
Oslo,Sydney,15,15
Lisbon,Los Angeles,15,15
Ann Arbor,Hangzhou,15,15
Budapest,Madrid,15,15
Ottawa,Zurich,15,15
Lima,New York,15,15
Eindhoven,Toronto,15,15
Kolkata,Mountain View,15,15
Lima,Seoul,15,15
Stockholm,Vienna,15,15
Houston,Montreal,15,15
Bangkok,Singapore,15,15
Denver,Shenzhen,15,15
Delhi,Shenzhen,15,15
Buenos Aires,Munich,15,15
Abu Dhabi,Berlin,15,15
Boston,Nairobi,14,14
Houston,Melbourne,14,14
Beijing,Salt Lake City,14,14
Brisbane,Montreal,14,14
Nanjing,Philadelphia,14,14
Dubai,Dublin,14,14
Athens,Sydney,14,14
Beijing,Gothenburg,14,14
Dublin,Lyon,14,14
Hong Kong,Waterloo,14,14
Palo Alto,Prague,14,14
Raleigh,Redmond,14,14
Miami,Warsaw,14,14
Hong Kong,Houston,14,14
Montreal,Xi'an,14,14
Abu Dhabi,Nanjing,14,14
Dallas,San Jose,14,14
Seoul,Toulouse,14,14
Denver,Miami,14,14
Los Angeles,Rome,14,14
Boston,Brisbane,14,14
Sao Paulo,Vienna,14,14
Singapore,Toulouse,14,14
Milan,Pittsburgh,14,14
Brussels,Zurich,14,14
Amsterdam,Suzhou,14,14
Houston,Pittsburgh,14,14
Geneva,Seattle,14,14
Abu Dhabi,Munich,14,14
Chennai,Denver,14,14
Madrid,Tel Aviv,14,14
Guangzhou,Hyderabad,14,14
Chengdu,Istanbul,14,14
Beijing,Edmonton,14,14
Munich,Toulouse,14,14
Stuttgart,Vancouver,14,14
Pittsburgh,Prague,14,14
Vienna,Wuhan,14,14
Boston,Helsinki,14,14
Frankfurt,Zurich,14,14
Johannesburg,New York,14,14
Atlanta,Manchester,14,14
Madrid,Moscow,14,14
Lausanne,Toronto,14,14
Athens,Stockholm,14,14
Hangzhou,Waterloo,14,14
Hefei,London,14,14
Chengdu,Washington,14,14
Moscow,Vienna,14,14
Phoenix,Toronto,14,14
Amsterdam,Lausanne,14,14
Athens,Los Angeles,14,14
Lisbon,Madrid,14,14
Miami,Philadelphia,14,14
Boulder,Vienna,14,14
Boston,Edinburgh,14,14
Nairobi,Redmond,14,14
Phoenix,Sydney,14,14
Austin,Edinburgh,14,14
New Delhi,Warsaw,14,14
Kuala Lumpur,Seattle,14,14
Cologne,Seattle,14,14
Barcelona,Houston,14,14
Boulder,Shenzhen,14,14
Hamburg,Warsaw,14,14
Barcelona,Dubai,14,14
Hanoi,Paris,14,14
Hanoi,Seoul,14,14
Hangzhou,Lagos,14,14
Bengaluru,Salt Lake City,14,14
Hamburg,Prague,14,14
Kolkata,San Jose,14,14
Chennai,Portland,14,14
Amsterdam,Delft,14,14
Atlanta,Chengdu,14,14
Istanbul,Melbourne,14,14
Cupertino,Toronto,14,14
Cambridge,Santiago,14,14
Cupertino,Munich,14,14
Hangzhou,Rome,14,14
Dubai,Taipei,14,14
Ankara,Madrid,14,14
Berlin,Kuala Lumpur,14,14
Ho Chi Minh City,Mumbai,14,14
Miami,New Delhi,14,14
Miami,San Diego,14,14
New York,Rotterdam,14,14
Munich,Santiago,14,14
New Delhi,Tel Aviv,14,14
Athens,Pune,14,14
Kolkata,Portland,14,14
Lisbon,Taipei,14,14
New Delhi,Raleigh,14,14
Cairo,Pune,14,14
Boulder,Pittsburgh,14,14
Ho Chi Minh City,Hyderabad,14,14
Buenos Aires,Hangzhou,14,14
Geneva,Toronto,14,14
Hangzhou,Lausanne,14,14
Moscow,Pune,14,14
Guangzhou,Portland,14,14
Barcelona,Buenos Aires,14,14
Heidelberg,London,14,14
Hamburg,Philadelphia,14,14
Chicago,Suzhou,14,14
Brisbane,Sydney,14,14
Austin,Helsinki,14,14
Rio de Janeiro,Shanghai,14,14
Boulder,Los Angeles,14,14
Boulder,Mumbai,14,14
Cape Town,Seoul,14,14
Chennai,Mountain View,14,14
Salt Lake City,Singapore,14,14
Chicago,Oslo,14,14
Denver,Hyderabad,14,14
Waterloo,Zurich,14,14
Denver,Pittsburgh,14,14
San Diego,Stockholm,14,14
Denver,Warsaw,14,14
Melbourne,Oslo,14,14
Rome,Sao Paulo,14,14
Pittsburgh,Warsaw,14,14
Bangkok,Stockholm,14,14
Istanbul,San Jose,14,14
Chengdu,Mumbai,14,14
Denver,Sunnyvale,14,14
Hamburg,Redmond,14,14
Ankara,Barcelona,14,14
Denver,Hamburg,14,14
Ann Arbor,Seoul,14,14
Barcelona,Redmond,14,14
Ann Arbor,Zurich,14,14
Atlanta,Rome,14,14
Chengdu,New Delhi,14,14
Amsterdam,Auckland,14,14
Istanbul,Lisbon,14,14
Hong Kong,Lausanne,14,14
Dallas,Milan,14,14
Ankara,Sydney,14,14
Delft,Hangzhou,14,14
Copenhagen,Sydney,14,14
Lisbon,Pittsburgh,14,14
Copenhagen,Palo Alto,14,14
Denver,Ho Chi Minh City,14,14
Suzhou,Vancouver,14,14
Vancouver,Waterloo,14,14
Beijing,Lima,14,14
Auckland,Shenzhen,14,14
Delhi,Hamburg,14,14
Philadelphia,Pune,14,14
Delhi,Dubai,14,14
Hefei,Seattle,14,14
Berlin,Johannesburg,14,14
Ottawa,Pune,14,14
Rome,San Diego,14,14
Ho Chi Minh City,Pune,14,14
Bangkok,Barcelona,14,14
Hong Kong,Ottawa,14,14
Hsinchu,Seoul,14,14
Kuala Lumpur,Toronto,14,14
Bangkok,Vancouver,14,14
Geneva,Shanghai,14,14
Auckland,Hong Kong,14,14
Austin,Minneapolis,14,14
Dallas,Dublin,13,13
Perth,San Jose,13,13
Chennai,Ho Chi Minh City,13,13
Phoenix,Shanghai,13,13
Osaka,Shanghai,13,13
Bengaluru,Calgary,13,13
Mountain View,Perth,13,13
Ho Chi Minh City,Madrid,13,13
Istanbul,Warsaw,13,13
Cologne,Singapore,13,13
Boulder,Washington,13,13
Copenhagen,Prague,13,13
Berlin,Heidelberg,13,13
Paris,Phoenix,13,13
Rio de Janeiro,Singapore,13,13
Phoenix,Seoul,13,13
Cologne,Toronto,13,13
Heidelberg,Seattle,13,13
Dallas,Vienna,13,13
Houston,Vienna,13,13
Athens,Hangzhou,13,13
Ho Chi Minh City,Mountain View,13,13
Rome,Vienna,13,13
Frankfurt,Sydney,13,13
Houston,Redmond,13,13
Chengdu,Prague,13,13
Hamburg,Houston,13,13
Milan,Portland,13,13
Hsinchu,Singapore,13,13
Mumbai,Perth,13,13
Johannesburg,Seattle,13,13
Denver,Houston,13,13
Atlanta,Helsinki,13,13
Hamburg,Lyon,13,13
Atlanta,Lyon,13,13
Abu Dhabi,Amsterdam,13,13
Brisbane,Portland,13,13
Los Angeles,Rio de Janeiro,13,13
Chengdu,Tianjin,13,13
Abu Dhabi,Hong Kong,13,13
Hamburg,Ottawa,13,13
Los Angeles,Ottawa,13,13
Bengaluru,Brussels,13,13
Hamburg,Kolkata,13,13
Nairobi,Sydney,13,13
Delft,Munich,13,13
Lausanne,Shenzhen,13,13
Cairo,Hong Kong,13,13
Chengdu,Hamburg,13,13
Brisbane,San Jose,13,13
Atlanta,Budapest,13,13
Beijing,Heidelberg,13,13
Brisbane,Hong Kong,13,13
Denver,Lisbon,13,13
Lausanne,Los Angeles,13,13
Madrid,Miami,13,13
Philadelphia,Warsaw,13,13
Chennai,Istanbul,13,13
Amsterdam,Perth,13,13
Amsterdam,Minneapolis,13,13
Chennai,Hamburg,13,13
Sunnyvale,Tel Aviv,13,13
Denver,Guangzhou,13,13
Atlanta,Waterloo,13,13
Cambridge,Dubai,13,13
Pune,Rio de Janeiro,13,13
Beijing,Jakarta,13,13
Barcelona,Helsinki,13,13
Barcelona,Ho Chi Minh City,13,13
Boston,Cairo,13,13
Dublin,Guangzhou,13,13
Copenhagen,Mountain View,13,13
Atlanta,Moscow,13,13
Hyderabad,Sunnyvale,13,13
Prague,Raleigh,13,13
Denver,Palo Alto,13,13
Shanghai,Toulouse,13,13
Copenhagen,Madrid,13,13
Melbourne,Rome,13,13
Calgary,Seattle,13,13
New York,Saint Petersburg,13,13
Denver,Tel Aviv,13,13
Hong Kong,Manchester,13,13
Nanjing,Washington,13,13
Denver,Vienna,13,13
Riyadh,Tokyo,13,13
Oslo,San Jose,13,13
Athens,Melbourne,13,13
Budapest,Cambridge,13,13
Denver,Taipei,13,13
Madrid,Sunnyvale,13,13
Moscow,Sunnyvale,13,13
Brisbane,Zurich,13,13
Kyoto,Tokyo,13,13
Lyon,Washington,13,13
Lyon,Vienna,13,13
Ottawa,San Jose,13,13
Boulder,Cambridge,13,13
Lyon,Sydney,13,13
San Diego,Warsaw,13,13
Perth,Shenzhen,13,13
Auckland,Vancouver,13,13
Lisbon,New Delhi,13,13
Auckland,Zurich,13,13
Abu Dhabi,Sydney,13,13
Hyderabad,Rome,13,13
Cape Town,Toronto,13,13
Guangzhou,Miami,13,13
Boulder,Hyderabad,13,13
Chennai,Prague,13,13
Riyadh,San Francisco,13,13
Moscow,Pittsburgh,13,13
Dallas,Denver,13,13
Boston,Rome,13,13
Austin,Cairo,13,13
Cambridge,Manchester,13,13
Dubai,Portland,13,13
Buenos Aires,Zurich,13,13
Brussels,Chicago,13,13
Frankfurt,Vienna,13,13
Bengaluru,Cape Town,13,13
San Diego,Stuttgart,13,13
Raleigh,Warsaw,13,13
Taipei,Waterloo,13,13
Taipei,Xi'an,13,13
Frankfurt,Hong Kong,13,13
Cape Town,Shanghai,13,13
Cambridge,Xi'an,13,13
Montreal,Suzhou,13,13
Santiago,Zurich,13,13
Buenos Aires,Melbourne,13,13
Istanbul,Stockholm,13,13
Barcelona,Ottawa,13,13
Bangkok,Melbourne,13,13
Atlanta,Brisbane,13,13
Dalian,Shenzhen,13,13
Boulder,Taipei,13,13
Brisbane,Los Angeles,13,13
Boulder,Sydney,13,13
Houston,Taipei,13,13
Madrid,Oslo,13,13
Oslo,Pittsburgh,13,13
Ottawa,Pittsburgh,13,13
Cologne,Shanghai,13,13
Dallas,Houston,13,13
Nanjing,Warsaw,13,13
Lagos,New Delhi,13,13
Madrid,Rome,13,13
Frankfurt,Washington,13,13
Chengdu,Redmond,13,13
Cairo,Shenzhen,13,13
Milan,Warsaw,13,13
Pune,Tel Aviv,13,13
Chicago,Ho Chi Minh City,13,13
Edinburgh,San Jose,13,13
Milan,Sao Paulo,13,13
Lisbon,Milan,13,13
Frankfurt,Hangzhou,13,13
Houston,Sao Paulo,13,13
Brussels,Munich,13,13
Milan,Nanjing,13,13
Edinburgh,Guangzhou,13,13
Brisbane,Melbourne,13,13
Amsterdam,Ankara,13,13
San Francisco,Turin,13,13
Kuala Lumpur,Zurich,13,13
Milan,Pune,13,13
Dubai,Redmond,13,13
Bucharest,Los Angeles,13,13
Denver,Raleigh,13,13
Amsterdam,Cologne,13,13
Milan,San Diego,13,13
Mumbai,Wuhan,13,13
Madrid,Warsaw,13,13
Lyon,San Jose,13,13
Lisbon,Warsaw,13,13
Melbourne,Suzhou,13,13
Palo Alto,Warsaw,13,13
Chengdu,Portland,13,13
Atlanta,Oslo,13,13
Minneapolis,Seoul,13,13
Bengaluru,Eindhoven,13,13
Cologne,Seoul,13,13
Kuala Lumpur,Singapore,13,13
Istanbul,Washington,13,13
Minneapolis,Sao Paulo,13,13
Dublin,Warsaw,13,13
Houston,Washington,13,13
Madrid,Toulouse,13,13
Copenhagen,Sao Paulo,13,13
Austin,Lausanne,13,13
Amsterdam,Dubai,13,13
Melbourne,Sunnyvale,13,13
Dubai,San Diego,13,13
Madrid,Ottawa,13,13
Cupertino,Shenzhen,13,13
Dalian,Hangzhou,13,13
Athens,Montreal,13,13
Copenhagen,Portland,13,13
Pittsburgh,Sao Paulo,13,13
Chennai,San Diego,13,13
Ann Arbor,Toronto,13,13
Ann Arbor,Los Angeles,13,13
Phoenix,Singapore,13,13
Denver,Moscow,13,13
Denver,Portland,13,13
Lagos,Montreal,13,13
Dubai,Sunnyvale,13,13
Cairo,Redmond,12,12
London,Mexico City,12,12
Manchester,Montreal,12,12
Dallas,Hyderabad,12,12
Kolkata,Stockholm,12,12
London,Turin,12,12
Chennai,Lisbon,12,12
Moscow,Wuhan,12,12
Bengaluru,Edinburgh,12,12
Budapest,Washington,12,12
Bristol,Paris,12,12
Barcelona,Oxford,12,12
Copenhagen,Stockholm,12,12
Los Angeles,Santiago,12,12
Hangzhou,Rio de Janeiro,12,12
Budapest,Zurich,12,12
Lyon,Sao Paulo,12,12
Copenhagen,Guangzhou,12,12
Jakarta,Seattle,12,12
Ann Arbor,Montreal,12,12
Ann Arbor,Shenzhen,12,12
Ann Arbor,Pittsburgh,12,12
Austin,Suzhou,12,12
Ho Chi Minh City,New Delhi,12,12
Cambridge,Oslo,12,12
Stuttgart,Zurich,12,12
Dallas,Pittsburgh,12,12
Cairo,Zurich,12,12
Guangzhou,Milan,12,12
Austin,Phoenix,12,12
Johannesburg,London,12,12
Mountain View,Wuhan,12,12
Boulder,Hamburg,12,12
Chennai,Dallas,12,12
Hyderabad,Lyon,12,12
Auckland,Sydney,12,12
Cupertino,Los Angeles,12,12
Budapest,Lisbon,12,12
Tokyo,Turin,12,12
Ann Arbor,Boston,12,12
Oslo,Zurich,12,12
Atlanta,Tel Aviv,12,12
Dublin,Nanjing,12,12
Chicago,Rio de Janeiro,12,12
Boulder,Portland,12,12
Buenos Aires,Shenzhen,12,12
Cairo,Mumbai,12,12
Hyderabad,Oslo,12,12
Denver,Wuhan,12,12
Cambridge,Ottawa,12,12
Detroit,New York,12,12
Kuala Lumpur,Shenzhen,12,12
Barcelona,Kuala Lumpur,12,12
Gothenburg,New York,12,12
Amsterdam,Bristol,12,12
Redmond,Wuhan,12,12
Vancouver,Xi'an,12,12
Amsterdam,Cairo,12,12
New York,Riyadh,12,12
Bristol,Zurich,12,12
Kuala Lumpur,Melbourne,12,12
Prague,Wuhan,12,12
Houston,Milan,12,12
Miami,Portland,12,12
Los Angeles,Salt Lake City,12,12
Los Angeles,Minneapolis,12,12
Atlanta,Stuttgart,12,12
Barcelona,Brussels,12,12
Ann Arbor,Chicago,12,12
Amsterdam,Boulder,12,12
Lima,Sydney,12,12
Brussels,Madrid,12,12
Lima,Seattle,12,12
Buenos Aires,Taipei,12,12
Philadelphia,San Diego,12,12
Lima,Montreal,12,12
Austin,Rio de Janeiro,12,12
Hanoi,Seattle,12,12
Guangzhou,Kolkata,12,12
Lagos,Mountain View,12,12
Buenos Aires,Montreal,12,12
Lyon,Mumbai,12,12
Beijing,Eindhoven,12,12
Melbourne,Ottawa,12,12
Lausanne,Pittsburgh,12,12
Minneapolis,Zurich,12,12
Hamburg,Lagos,12,12
Barcelona,Calgary,12,12
Austin,Lagos,12,12
Amsterdam,Xi'an,12,12
Dubai,Nanjing,12,12
Minneapolis,Munich,12,12
Brussels,Sao Paulo,12,12
Delft,Zurich,12,12
Dubai,Guangzhou,12,12
Boulder,Warsaw,12,12
Dubai,Kolkata,12,12
Heidelberg,Singapore,12,12
Ann Arbor,Mumbai,12,12
Barcelona,Waterloo,12,12
Houston,Prague,12,12
Hangzhou,Hanoi,12,12
Moscow,Philadelphia,12,12
New York,Osaka,12,12
Los Angeles,Phoenix,12,12
Rome,Sydney,12,12
Houston,Tel Aviv,12,12
Hsinchu,London,12,12
Rotterdam,Shanghai,12,12
Lausanne,Madrid,12,12
Lausanne,Mumbai,12,12
Pune,Wuhan,12,12
Calgary,Seoul,12,12
Budapest,Denver,12,12
Philadelphia,Washington,12,12
Oxford,Zurich,12,12
Miami,Prague,12,12
Mumbai,Stuttgart,12,12
Bangkok,Los Angeles,12,12
Berlin,Cairo,12,12
Houston,Warsaw,12,12
Boston,Rio de Janeiro,12,12
Palo Alto,Tel Aviv,12,12
London,Rotterdam,12,12
Lagos,San Jose,12,12
Beijing,Geneva,12,12
Lagos,Zurich,12,12
Chengdu,Dubai,12,12
Montreal,Waterloo,12,12
Budapest,Rome,12,12
Dalian,San Francisco,12,12
Sunnyvale,Waterloo,12,12
Moscow,Nanjing,12,12
Hefei,Seoul,12,12
Athens,Madrid,12,12
Bucharest,Munich,12,12
Helsinki,San Diego,12,12
Athens,Sao Paulo,12,12
Milan,Rome,12,12
Dallas,Palo Alto,12,12
Budapest,Moscow,12,12
Istanbul,New Delhi,12,12
Guangzhou,Washington,12,12
Bangkok,Hong Kong,12,12
Cambridge,Lisbon,12,12
Kolkata,Vienna,12,12
Philadelphia,Wuhan,12,12
Chicago,Rome,12,12
Bristol,Montreal,12,12
Chennai,Lagos,12,12
Chicago,Xi'an,12,12
Edmonton,Los Angeles,12,12
Sunnyvale,Vienna,12,12
Copenhagen,Sunnyvale,12,12
Abu Dhabi,Madrid,12,12
Ankara,Istanbul,12,12
Ho Chi Minh City,Prague,12,12
Xi'an,Zurich,12,12
Chengdu,Ho Chi Minh City,12,12
Perth,Waterloo,12,12
Copenhagen,Taipei,12,12
Calgary,Shanghai,12,12
Jakarta,Paris,12,12
Portland,Raleigh,12,12
Chennai,Palo Alto,12,12
Rome,Stockholm,12,12
Cape Town,Vancouver,12,12
Boston,Oxford,12,12
Calgary,Paris,12,12
Istanbul,Zurich,12,12
Auckland,Boston,12,12
Berlin,Calgary,12,12
Houston,Stockholm,12,12
Auckland,Austin,12,12
Sunnyvale,Wuhan,11,11
Athens,Hyderabad,11,11
Hamburg,Nanjing,11,11
Riyadh,Seattle,11,11
Amsterdam,Edmonton,11,11
Abu Dhabi,Los Angeles,11,11
New Delhi,Palo Alto,11,11
Ankara,Chicago,11,11
Delhi,Pittsburgh,11,11
Moscow,New Delhi,11,11
Athens,Chennai,11,11
Riyadh,Shanghai,11,11
Bucharest,Shenzhen,11,11
Abu Dhabi,Cambridge,11,11
Abu Dhabi,Chicago,11,11
Buenos Aires,Mumbai,11,11
Chicago,Lausanne,11,11
Moscow,Palo Alto,11,11
Cairo,Madrid,11,11
Istanbul,Madrid,11,11
Atlanta,Copenhagen,11,11
Boston,Cape Town,11,11
Delhi,Moscow,11,11
Tel Aviv,Vienna,11,11
New Delhi,Waterloo,11,11
Budapest,Prague,11,11
Athens,Vancouver,11,11
Kuala Lumpur,Munich,11,11
San Jose,Waterloo,11,11
Cupertino,Taipei,11,11
Cairo,Taipei,11,11
Bangkok,Chicago,11,11
Pune,Waterloo,11,11
Guangzhou,Stockholm,11,11
Cairo,Sydney,11,11
Delhi,Sunnyvale,11,11
Rotterdam,Tokyo,11,11
Barcelona,Lima,11,11
Dublin,Milan,11,11
Dallas,Mountain View,11,11
Bengaluru,Hanoi,11,11
Cambridge,Istanbul,11,11
Redmond,Tel Aviv,11,11
Kolkata,San Diego,11,11
New York,Turin,11,11
Edinburgh,Palo Alto,11,11
Rome,Washington,11,11
Kolkata,Prague,11,11
Berlin,Lima,11,11
Buenos Aires,Hong Kong,11,11
Johannesburg,Paris,11,11
Cape Town,Los Angeles,11,11
Brisbane,Mumbai,11,11
Suzhou,Zurich,11,11
Ho Chi Minh City,Lisbon,11,11
Dublin,Manchester,11,11
Ankara,Stockholm,11,11
Bristol,Chicago,11,11
Heidelberg,Munich,11,11
Copenhagen,Pune,11,11
Copenhagen,New Delhi,11,11
Ho Chi Minh City,Zurich,11,11
Chicago,Eindhoven,11,11
Guangzhou,Hamburg,11,11
Cupertino,Montreal,11,11
Philadelphia,Sao Paulo,11,11
Copenhagen,San Jose,11,11
Copenhagen,Mumbai,11,11
Bangkok,Munich,11,11
Hyderabad,Moscow,11,11
Boston,Phoenix,11,11
Hyderabad,Tel Aviv,11,11
Austin,Calgary,11,11
Stuttgart,Sydney,11,11
Dublin,Sao Paulo,11,11
Guangzhou,Tel Aviv,11,11
Hong Kong,Perth,11,11
Ankara,Austin,11,11
Bengaluru,Johannesburg,11,11
Brussels,Cambridge,11,11
Brussels,New Delhi,11,11
Beijing,Rotterdam,11,11
Bengaluru,Bristol,11,11
Stockholm,Tel Aviv,11,11
Hangzhou,Santiago,11,11
Hsinchu,Toronto,11,11
Delhi,Palo Alto,11,11
Delft,Los Angeles,11,11
Milan,New Delhi,11,11
Berlin,Rotterdam,11,11
Hong Kong,Hsinchu,11,11
Hangzhou,Oslo,11,11
Auckland,Montreal,11,11
Chengdu,Stockholm,11,11
Gothenburg,Paris,11,11
Cambridge,Oxford,11,11
Chengdu,Raleigh,11,11
Hanoi,Los Angeles,11,11
Bengaluru,Cologne,11,11
Bristol,Singapore,11,11
Ankara,San Jose,11,11
Houston,Shenzhen,11,11
Perth,Sunnyvale,11,11
Guangzhou,Prague,11,11
Ankara,Munich,11,11
Boston,Perth,11,11
Chennai,Oslo,11,11
Chengdu,Tel Aviv,11,11
Hanoi,Munich,11,11
Eindhoven,Los Angeles,11,11
Boulder,Kolkata,11,11
Hyderabad,Milan,11,11
Milan,Stockholm,11,11
Kolkata,Waterloo,11,11
Kuala Lumpur,Vancouver,11,11
Lima,Los Angeles,11,11
Chicago,Lagos,11,11
Lima,Paris,11,11
Nanjing,San Diego,11,11
Boston,Calgary,11,11
Bangkok,Taipei,11,11
San Diego,Sao Paulo,11,11
Dallas,Lisbon,11,11
Copenhagen,Hyderabad,11,11
Mountain View,Ottawa,11,11
Sao Paulo,Xi'an,11,11
Kuala Lumpur,Los Angeles,11,11
Hamburg,Oxford,11,11
Melbourne,Minneapolis,11,11
Ann Arbor,Palo Alto,11,11
Chengdu,Warsaw,11,11
Pittsburgh,Tel Aviv,11,11
Lima,Shanghai,11,11
Brussels,Pune,11,11
Johannesburg,San Francisco,11,11
Johannesburg,Seoul,11,11
Brussels,Melbourne,11,11
Bangkok,Montreal,11,11
Manchester,Shenzhen,11,11
Raleigh,Sunnyvale,11,11
Raleigh,San Diego,11,11
Nairobi,Paris,11,11
Boulder,Lisbon,11,11
Miami,Milan,11,11
Atlanta,Raleigh,11,11
Krakow,San Francisco,11,11
Milan,Mountain View,11,11
Sydney,Xi'an,11,11
Chicago,Frankfurt,11,11
Chicago,Minneapolis,11,11
Osaka,San Francisco,11,11
Melbourne,Perth,11,11
Lausanne,Montreal,11,11
London,Riyadh,11,11
Frankfurt,San Jose,11,11
Dublin,Frankfurt,11,11
Lausanne,Mountain View,11,11
Prague,Redmond,11,11
Miami,Tel Aviv,11,11
Abu Dhabi,Austin,11,11
Frankfurt,Los Angeles,11,11
Ottawa,Portland,11,11
Suzhou,Xi'an,11,11
Hyderabad,Perth,11,11
Austin,Bristol,11,11
Lagos,Stockholm,11,11
Mexico City,New York,11,11
Beijing,Saint Petersburg,11,11
Miami,Sunnyvale,11,11
Lisbon,Raleigh,11,11
Oslo,Prague,11,11
Bengaluru,Jakarta,11,11
Lyon,Mountain View,11,11
Mumbai,Philadelphia,11,11
Athens,Barcelona,11,11
Athens,Zurich,11,11
Edmonton,Montreal,11,11
Milan,Wuhan,11,11
Jakarta,Sydney,11,11
Auckland,Taipei,11,11
Auckland,Portland,11,11
Guangzhou,Istanbul,11,11
Los Angeles,Oslo,11,11
Boulder,Montreal,11,11
Guangzhou,Raleigh,11,11
Denver,Oxford,11,11
Edinburgh,Mountain View,11,11
Barcelona,Oslo,11,11
Brussels,Sydney,11,11
Madrid,Rio de Janeiro,11,11
Melbourne,Rio de Janeiro,11,11
Lisbon,Moscow,11,11
Boston,Cupertino,11,11
Mountain View,Xi'an,11,11
Oxford,Taipei,11,11
Saint Petersburg,San Francisco,11,11
Guangzhou,New Delhi,11,11
Cupertino,Mountain View,11,11
Oxford,Sao Paulo,11,11
Boston,Frankfurt,11,11
Riyadh,Seoul,11,11
Copenhagen,San Diego,11,11
Lausanne,Vancouver,11,11
Phoenix,Vancouver,11,11
Nairobi,Toronto,11,11
Chengdu,Hyderabad,11,11
Moscow,Warsaw,11,11
Ottawa,Washington,11,11
Dallas,Raleigh,11,11
Brisbane,Hyderabad,11,11
Berlin,Nairobi,11,11
Dubai,Warsaw,11,11
Chennai,Hong Kong,11,11
Budapest,Sao Paulo,11,11
Auckland,Hyderabad,11,11
Edinburgh,Wuhan,11,11
Dallas,Hamburg,11,11
Lagos,Sao Paulo,11,11
Brisbane,Shenzhen,11,11
Berlin,Hsinchu,11,11
Chicago,Santiago,11,11
Brisbane,Vienna,11,11
Hangzhou,Hsinchu,11,11
Philadelphia,Prague,11,11
Dubai,Houston,11,11
Melbourne,Stuttgart,11,11
Austin,Salt Lake City,11,11
Berlin,Gothenburg,11,11
Canberra,London,11,11
Chennai,Warsaw,11,11
Boston,Minneapolis,11,11
Auckland,New Delhi,11,11
Austin,Cape Town,10,10
Amsterdam,Cape Town,10,10
Cupertino,San Jose,10,10
Brisbane,Lisbon,10,10
Lisbon,Lyon,10,10
Oxford,San Jose,10,10
Bangkok,Pittsburgh,10,10
New Delhi,Wuhan,10,10
Bangkok,Boston,10,10
Helsinki,Pune,10,10
Austin,Bangkok,10,10
Brisbane,Sao Paulo,10,10
Chennai,Miami,10,10
Helsinki,Mountain View,10,10
Munich,Phoenix,10,10
Nanjing,New Delhi,10,10
Chicago,Edinburgh,10,10
Copenhagen,Warsaw,10,10
Bucharest,Stockholm,10,10
Amsterdam,Phoenix,10,10
Grenoble,San Francisco,10,10
Boston,Hanoi,10,10
Prague,Tel Aviv,10,10
Ankara,Taipei,10,10
Cairo,Lisbon,10,10
Detroit,San Francisco,10,10
Geneva,Vancouver,10,10
Jakarta,Shenzhen,10,10
Ankara,Melbourne,10,10
London,Tianjin,10,10
Dallas,New Delhi,10,10
Edmonton,Shanghai,10,10
Chennai,Nanjing,10,10
Denver,Rome,10,10
Ankara,Hamburg,10,10
Stockholm,Warsaw,10,10
Prague,Rio de Janeiro,10,10
Ottawa,Vienna,10,10
Frankfurt,Taipei,10,10
Lisbon,Oslo,10,10
Hong Kong,Jakarta,10,10
Manchester,Pune,10,10
Pune,Rome,10,10
Ankara,Atlanta,10,10
Delhi,Sao Paulo,10,10
Chengdu,Kolkata,10,10
Barcelona,Jakarta,10,10
Kolkata,Lisbon,10,10
Austin,Edmonton,10,10
Los Angeles,Oxford,10,10
Hsinchu,Seattle,10,10
Delhi,Prague,10,10
Cape Town,Taipei,10,10
Dallas,Warsaw,10,10
Hamburg,Rome,10,10
Nanjing,Portland,10,10
Guangzhou,Houston,10,10
Lyon,Stockholm,10,10
Chicago,Phoenix,10,10
Delhi,Denver,10,10
Bangkok,Sydney,10,10
Cambridge,Cupertino,10,10
Kolkata,Sao Paulo,10,10
Athens,Chicago,10,10
Hyderabad,Philadelphia,10,10
Hsinchu,Shenzhen,10,10
Chennai,Houston,10,10
Buenos Aires,Washington,10,10
Nanjing,San Jose,10,10
Lausanne,Melbourne,10,10
Detroit,Seattle,10,10
Bangkok,New Delhi,10,10
Austin,Delft,10,10
Nanjing,Sao Paulo,10,10
Kolkata,Sunnyvale,10,10
Atlanta,Lagos,10,10
Rio de Janeiro,Sao Paulo,10,10
Athens,Washington,10,10
Hangzhou,Manchester,10,10
Lima,Vancouver,10,10
Manchester,Redmond,10,10
Edmonton,Toronto,10,10
Athens,Copenhagen,10,10
Bristol,Cambridge,10,10
Lausanne,Taipei,10,10
Helsinki,Taipei,10,10
Helsinki,Stockholm,10,10
Mountain View,Oslo,10,10
Ann Arbor,Austin,10,10
Lagos,Madrid,10,10
Cupertino,Melbourne,10,10
Bengaluru,Turin,10,10
Chennai,Pittsburgh,10,10
Dublin,Kolkata,10,10
Pittsburgh,Suzhou,10,10
Boston,Cologne,10,10
Brussels,Montreal,10,10
Amsterdam,Salt Lake City,10,10
Austin,Hanoi,10,10
Edinburgh,Montreal,10,10
Bristol,Shanghai,10,10
Denver,Nanjing,10,10
Lyon,Taipei,10,10
Chengdu,Chennai,10,10
Hanoi,Melbourne,10,10
Helsinki,Sao Paulo,10,10
Chengdu,Lisbon,10,10
Copenhagen,Lisbon,10,10
Bangkok,Hamburg,10,10
Redmond,Sao Paulo,10,10
Copenhagen,Houston,10,10
Bristol,Portland,10,10
Lisbon,Perth,10,10
Montreal,Santiago,10,10
Sydney,Toulouse,10,10
Montreal,Stuttgart,10,10
Cambridge,Salt Lake City,10,10
Milan,Mumbai,10,10
Hanoi,Hong Kong,10,10
Ottawa,Raleigh,10,10
Phoenix,Prague,10,10
Gothenburg,Seattle,10,10
Ann Arbor,Melbourne,10,10
Oslo,Taipei,10,10
Boston,Edmonton,10,10
Berlin,Edmonton,10,10
Delhi,Dublin,10,10
Lisbon,Philadelphia,10,10
Dallas,Istanbul,10,10
Guangzhou,Sao Paulo,10,10
Brisbane,Washington,10,10
Delhi,Guangzhou,10,10
Oslo,Vienna,10,10
Cologne,Zurich,10,10
Oxford,Pittsburgh,10,10
New Delhi,Pittsburgh,10,10
Oxford,Stockholm,10,10
Kolkata,Pittsburgh,10,10
Houston,Moscow,10,10
Houston,Sydney,10,10
Bengaluru,Edmonton,10,10
Istanbul,Miami,10,10
Boulder,Hong Kong,10,10
Frankfurt,Mumbai,10,10
Lausanne,Stockholm,10,10
Lima,Singapore,10,10
Mumbai,Ottawa,10,10
Ankara,Montreal,10,10
Atlanta,Wuhan,10,10
Hamburg,Milan,10,10
Dubai,Washington,10,10
Moscow,Washington,10,10
Portland,Redmond,10,10
Brisbane,Warsaw,10,10
Portland,Xi'an,10,10
Portland,Rome,10,10
Moscow,Redmond,10,10
Dubai,Frankfurt,10,10
Kolkata,Melbourne,10,10
Lagos,Washington,10,10
Kolkata,Miami,10,10
Warsaw,Waterloo,10,10
Lagos,Sydney,10,10
Warsaw,Wuhan,10,10
Kolkata,Nanjing,10,10
Dubai,Miami,10,10
Kuala Lumpur,Sao Paulo,10,10
Barcelona,Suzhou,10,10
Boulder,San Diego,10,10
Cologne,Munich,10,10
Ho Chi Minh City,Istanbul,10,10
Amsterdam,Calgary,10,10
Austin,Rotterdam,10,10
Geneva,Singapore,10,10
Moscow,Sao Paulo,10,10
Istanbul,Kolkata,10,10
Minneapolis,Montreal,10,10
Boston,Heidelberg,10,10
Boston,Salt Lake City,10,10
Stuttgart,Warsaw,10,10
Hyderabad,Rio de Janeiro,10,10
Heidelberg,Shanghai,10,10
Madrid,Santiago,10,10
Barcelona,Frankfurt,10,10
Delhi,Miami,10,10
Atlanta,Oxford,10,10
Delhi,San Diego,10,10
Barcelona,Santiago,10,10
Auckland,Washington,10,10
Hangzhou,Osaka,10,10
Brussels,Milan,10,10
Chengdu,Dalian,10,10
Beijing,Osaka,10,10
Johannesburg,Toronto,10,10
Auckland,Pune,10,10
Frankfurt,Montreal,10,10
Guangzhou,Waterloo,10,10
Helsinki,Oxford,10,10
Warsaw,Xi'an,10,10
Sunnyvale,Xi'an,10,10
San Diego,Santiago,10,10
Cambridge,Toulouse,10,10
Stuttgart,Washington,10,10
Edinburgh,Nanjing,10,10
Edinburgh,Mumbai,10,10
Boulder,Miami,10,10
Calgary,Montreal,10,10
Boulder,Sao Paulo,10,10
Bristol,Mumbai,10,10
Chengdu,Sao Paulo,10,10
New Delhi,Redmond,10,10
Montreal,Nairobi,10,10
Kyoto,London,10,10
Copenhagen,Lagos,10,10
Cairo,Chicago,10,10
Budapest,New Delhi,10,10
Rome,Shenzhen,10,10
Delhi,Philadelphia,10,10
Abu Dhabi,Vancouver,10,10
Abu Dhabi,Boston,10,10
Salt Lake City,Zurich,10,10
Bristol,Toronto,10,10
Berlin,Geneva,10,10
Ann Arbor,San Diego,10,10
Hsinchu,Paris,10,10
Cambridge,Lagos,10,10
Calgary,Chicago,10,10
Copenhagen,Washington,10,10
London,Saint Petersburg,10,10
Redmond,Rio de Janeiro,10,10
Chennai,Copenhagen,10,10
Hangzhou,Minneapolis,10,10
Ann Arbor,Munich,10,10
Mexico City,San Francisco,10,10
Salt Lake City,Vancouver,10,10
Palo Alto,Wuhan,10,10
Portland,Wuhan,10,10
Redmond,Vienna,10,10
Abu Dhabi,Guangzhou,10,10
Budapest,Hyderabad,10,10
Budapest,Hamburg,10,10
Hefei,Taipei,9,9
Brisbane,Cambridge,9,9
Amsterdam,Santiago,9,9
Abu Dhabi,Zurich,9,9
Dallas,Philadelphia,9,9
Dubai,Madrid,9,9
Cologne,Sydney,9,9
Saint Petersburg,Seattle,9,9
Atlanta,Frankfurt,9,9
Saint Petersburg,Singapore,9,9
Saint Petersburg,Toronto,9,9
Dallas,Ottawa,9,9
Daejeon,San Francisco,9,9
Chennai,Sunnyvale,9,9
Geneva,Munich,9,9
Edmonton,Seoul,9,9
Chennai,Rome,9,9
Hamburg,Lausanne,9,9
Bucharest,New Delhi,9,9
Cupertino,Hong Kong,9,9
Moscow,Suzhou,9,9
San Diego,Xi'an,9,9
Auckland,Guangzhou,9,9
Auckland,Chennai,9,9
Dallas,Ho Chi Minh City,9,9
Bengaluru,Heidelberg,9,9
Atlanta,Edmonton,9,9
Dubai,Prague,9,9
Denver,Milan,9,9
Abu Dhabi,Milan,9,9
Grenoble,New York,9,9
Geneva,Paris,9,9
Vienna,Xi'an,9,9
Dalian,Guangzhou,9,9
Hefei,Xi'an,9,9
Abu Dhabi,Toronto,9,9
Minneapolis,Taipei,9,9
Cambridge,Stuttgart,9,9
Budapest,Sunnyvale,9,9
Mexico City,Tokyo,9,9
Jakarta,Zurich,9,9
Helsinki,Mumbai,9,9
Hefei,Suzhou,9,9
Abu Dhabi,Melbourne,9,9
Cupertino,Sydney,9,9
Ho Chi Minh City,Stockholm,9,9
Athens,New Delhi,9,9
Hangzhou,Kyoto,9,9
Delft,Hyderabad,9,9
Chennai,Rio de Janeiro,9,9
Nairobi,Shanghai,9,9
Hanoi,Taipei,9,9
Geneva,Seoul,9,9
Istanbul,Milan,9,9
Barcelona,Perth,9,9
Nanjing,Stockholm,9,9
Salt Lake City,San Jose,9,9
Barcelona,Edinburgh,9,9
Montreal,Rio de Janeiro,9,9
Mumbai,Phoenix,9,9
Nanjing,Redmond,9,9
Hyderabad,Xi'an,9,9
Ho Chi Minh City,Wuhan,9,9
Manchester,Sydney,9,9
Dublin,Moscow,9,9
Athens,Shenzhen,9,9
Oxford,Raleigh,9,9
Nairobi,Zurich,9,9
Athens,Cambridge,9,9
Portland,Suzhou,9,9
Amsterdam,Cupertino,9,9
Atlanta,Salt Lake City,9,9
Brisbane,Hamburg,9,9
Brussels,Stockholm,9,9
Santiago,Taipei,9,9
Madrid,Manchester,9,9
Suzhou,Taipei,9,9
Brussels,Hamburg,9,9
Abu Dhabi,Pune,9,9
Boulder,Pune,9,9
Brussels,Shenzhen,9,9
Los Angeles,Toulouse,9,9
Perth,Stockholm,9,9
Rome,Sunnyvale,9,9
Mumbai,Rio de Janeiro,9,9
Lyon,San Diego,9,9
Bengaluru,Hefei,9,9
Buenos Aires,San Diego,9,9
Perth,Washington,9,9
Amsterdam,Kuala Lumpur,9,9
Nairobi,Seoul,9,9
Chengdu,Edinburgh,9,9
Bucharest,Warsaw,9,9
Mumbai,Toulouse,9,9
San Diego,Wuhan,9,9
Beijing,Kyoto,9,9
Salt Lake City,Vienna,9,9
Delhi,Portland,9,9
Milan,Palo Alto,9,9
Istanbul,Lima,9,9
Geneva,Hangzhou,9,9
Mountain View,Oxford,9,9
San Jose,Suzhou,9,9
Washington,Wuhan,9,9
Guangzhou,Perth,9,9
Oxford,Warsaw,9,9
Houston,Miami,9,9
Edinburgh,Moscow,9,9
Lausanne,Pune,9,9
Athens,Atlanta,9,9
Cairo,Los Angeles,9,9
Hong Kong,Kyoto,9,9
Cologne,Montreal,9,9
Dublin,Stuttgart,9,9
Hyderabad,Toulouse,9,9
Chennai,Milan,9,9
Cairo,Sao Paulo,9,9
Jakarta,San Jose,9,9
Eindhoven,Sydney,9,9
Athens,Vienna,9,9
Heidelberg,Paris,9,9
Hamburg,Suzhou,9,9
Ann Arbor,Vancouver,9,9
Ho Chi Minh City,Palo Alto,9,9
San Jose,Stuttgart,9,9
Abu Dhabi,Lausanne,9,9
Ho Chi Minh City,Kolkata,9,9
Budapest,Pune,9,9
Boulder,Dubai,9,9
Budapest,San Jose,9,9
Oxford,Vienna,9,9
Barcelona,Delft,9,9
Minneapolis,Mumbai,9,9
Kolkata,Rome,9,9
Lyon,Philadelphia,9,9
Shanghai,Turin,9,9
Boulder,Madrid,9,9
Istanbul,Waterloo,9,9
Istanbul,Palo Alto,9,9
Heidelberg,Toronto,9,9
Copenhagen,Dubai,9,9
Copenhagen,Denver,9,9
Delft,Dublin,9,9
Delft,Melbourne,9,9
Heidelberg,Vancouver,9,9
Delft,Sydney,9,9
Chengdu,Houston,9,9
Houston,Nanjing,9,9
Delhi,Tel Aviv,9,9
Manchester,Stockholm,9,9
Cambridge,Heidelberg,9,9
Ann Arbor,Guangzhou,9,9
Manchester,Washington,9,9
Calgary,Vancouver,9,9
Calgary,Sydney,9,9
Calgary,Singapore,9,9
Houston,Lagos,9,9
Delhi,Frankfurt,9,9
Frankfurt,Pittsburgh,9,9
Frankfurt,Pune,9,9
New Delhi,Philadelphia,9,9
Manchester,Sao Paulo,9,9
Calgary,Munich,9,9
Dublin,Suzhou,9,9
Cambridge,Waterloo,9,9
Lagos,Portland,9,9
Istanbul,Pittsburgh,9,9
Calgary,Los Angeles,9,9
Calgary,Cambridge,9,9
Delhi,Lagos,9,9
Sao Paulo,Sunnyvale,9,9
Delhi,Istanbul,9,9
Amsterdam,Frankfurt,9,9
Auckland,Stockholm,9,9
Copenhagen,Redmond,9,9
Chennai,Waterloo,9,9
Copenhagen,Raleigh,9,9
Copenhagen,Moscow,9,9
Perth,Portland,9,9
Denver,Lagos,9,9
Copenhagen,Delhi,9,9
Chicago,Heidelberg,9,9
Lisbon,Rome,9,9
Barcelona,Rio de Janeiro,9,9
Ottawa,Warsaw,9,9
Kolkata,Lagos,9,9
Dalian,Wuhan,9,9
Perth,Pittsburgh,9,9
Miami,Pittsburgh,9,9
Auckland,Nanjing,9,9
Pune,Stuttgart,9,9
Berlin,Bristol,9,9
Auckland,Chengdu,9,9
Atlanta,Phoenix,9,9
Washington,Waterloo,9,9
Dallas,Sunnyvale,9,9
Chicago,Toulouse,9,9
Taipei,Tel Aviv,9,9
Atlanta,Lima,9,9
Helsinki,Madrid,9,9
Boulder,Dallas,9,9
Lagos,Nairobi,9,9
Ho Chi Minh City,Waterloo,9,9
Frankfurt,Miami,9,9
Ho Chi Minh City,Washington,9,9
Amsterdam,Manchester,9,9
Madrid,Phoenix,9,9
Helsinki,Warsaw,9,9
Helsinki,San Jose,9,9
Hamburg,Miami,9,9
Kyoto,Seoul,9,9
Osaka,Shenzhen,9,9
Phoenix,Taipei,9,9
Nanjing,Ottawa,9,9
Kyoto,Singapore,9,9
Budapest,Vienna,9,9
Frankfurt,Helsinki,9,9
Hanoi,Toronto,9,9
Frankfurt,Melbourne,9,9
Rotterdam,Toronto,9,9
Helsinki,Miami,9,9
Barcelona,Hanoi,9,9
Barcelona,Manchester,9,9
Manchester,Portland,9,9
Moscow,Tel Aviv,9,9
Manchester,Miami,9,9
Buenos Aires,Miami,9,9
Buenos Aires,Warsaw,9,9
Moscow,Raleigh,9,9
Kolkata,Lyon,9,9
Athens,Mumbai,9,9
Hangzhou,Jakarta,9,9
Lagos,Melbourne,9,9
Hanoi,Shenzhen,9,9
Prague,Santiago,9,9
Athens,Lisbon,9,9
Rio de Janeiro,San Jose,9,9
Cambridge,Lyon,9,9
Bucharest,Vancouver,9,9
Rotterdam,Seattle,9,9
Palo Alto,Raleigh,9,9
Austin,Jakarta,9,9
Mountain View,Santiago,9,9
Raleigh,Tel Aviv,9,9
Helsinki,Milan,9,9
Palo Alto,Waterloo,9,9
Boston,Lima,9,9
Pune,Toulouse,9,9
Stuttgart,Taipei,9,9
Santiago,Shenzhen,9,9
Amsterdam,Ann Arbor,9,9
Singapore,Turin,9,9
Cairo,Prague,9,9
Bucharest,Melbourne,9,9
Berlin,Turin,9,9
Prague,Waterloo,9,9
Lausanne,San Jose,9,9
Cupertino,Portland,9,9
Barcelona,Xi'an,9,9
Riyadh,Singapore,9,9
Beijing,Bristol,9,9
Boulder,Stockholm,9,9
Manchester,San Diego,9,9
Milan,Ottawa,9,9
Kuala Lumpur,Mumbai,9,9
Dallas,Dubai,9,9
Palo Alto,Sao Paulo,9,9
Ankara,Hong Kong,9,9
Bangkok,Palo Alto,9,9
Riyadh,Toronto,9,9
Chicago,Cupertino,9,9
Krakow,Tokyo,9,9
Atlanta,Toulouse,9,9
Chennai,Phoenix,9,9
Cape Town,Montreal,9,9
Cupertino,Sunnyvale,9,9
Austin,Toulouse,9,9
Madrid,Xi'an,9,9
Buenos Aires,Hamburg,9,9
Boston,Gothenburg,9,9
Ankara,Moscow,9,9
Lisbon,Nanjing,9,9
Kyoto,Seattle,9,9
Moscow,Stockholm,9,9
Helsinki,Portland,9,9
Rio de Janeiro,Washington,9,9
Amsterdam,Toulouse,9,9
Chengdu,Dallas,9,9
Amsterdam,Buenos Aires,9,9
Bristol,Munich,9,9
Denver,Helsinki,9,9
Denver,Istanbul,9,9
Gothenburg,Toronto,9,9
Hamburg,Toulouse,9,9
Prague,Sunnyvale,9,9
Houston,Lisbon,9,9
Ankara,Warsaw,9,9
Amsterdam,Hanoi,9,9
Bristol,Melbourne,9,9
Brisbane,New Delhi,9,9
Bristol,Sydney,9,9
Kyoto,Vancouver,9,9
Bristol,Seoul,9,9
Brussels,Warsaw,9,9
Edinburgh,Vancouver,9,9
Lyon,New Delhi,9,9
Edinburgh,Stockholm,9,9
Johannesburg,Sydney,9,9
Bangkok,Prague,9,9
Sao Paulo,Tel Aviv,9,9
Hangzhou,Kuala Lumpur,9,9
Ann Arbor,Sydney,9,9
Cairo,Hyderabad,9,9
Brussels,San Diego,9,9
Santiago,Vancouver,9,9
Oslo,Portland,9,9
San Jose,Santiago,9,9
Eindhoven,Seoul,9,9
Dallas,Prague,9,9
Cairo,Melbourne,9,9
Amsterdam,Lima,9,9
Bristol,Los Angeles,9,9
Nagoya,Tokyo,9,9
Raleigh,Santiago,9,9
Auckland,Madrid,9,9
Atlanta,Auckland,9,9
Ottawa,Sao Paulo,9,9
Buenos Aires,Stockholm,9,9
Bucharest,Milan,9,9
Oslo,Tel Aviv,9,9
Edmonton,Vancouver,9,9
Saint Petersburg,Shanghai,9,9
Barcelona,Salt Lake City,9,9
Johannesburg,Redmond,9,9
Shenzhen,Toulouse,9,9
Cupertino,Zurich,8,8
Guangzhou,Stuttgart,8,8
Brisbane,Moscow,8,8
Cupertino,Wuhan,8,8
Ottawa,Suzhou,8,8
Atlanta,Ottawa,8,8
Cape Town,Shenzhen,8,8
Bucharest,Vienna,8,8
Chengdu,Hanoi,8,8
Lima,Portland,8,8
Cape Town,San Jose,8,8
Lima,Shenzhen,8,8
Bucharest,Mountain View,8,8
Brussels,Portland,8,8
Abu Dhabi,Montreal,8,8
Prague,Stuttgart,8,8
Kolkata,Tel Aviv,8,8
Chennai,Stuttgart,8,8
Dalian,New York,8,8
Denver,Oslo,8,8
Phoenix,Zurich,8,8
Eindhoven,Montreal,8,8
Amsterdam,Heidelberg,8,8
Hefei,Los Angeles,8,8
Eindhoven,Washington,8,8
Cape Town,Sydney,8,8
Milan,Suzhou,8,8
Heidelberg,Washington,8,8
Rome,Warsaw,8,8
Budapest,Chengdu,8,8
Dallas,Tel Aviv,8,8
Delft,Hong Kong,8,8
Chennai,Dubai,8,8
Delft,Palo Alto,8,8
Kolkata,Oslo,8,8
Brisbane,Prague,8,8
Beijing,Daejeon,8,8
Barcelona,Nairobi,8,8
San Diego,Tel Aviv,8,8
Phoenix,Pune,8,8
Amsterdam,Nairobi,8,8
Amsterdam,Mexico City,8,8
Boston,Hefei,8,8
Edinburgh,Pittsburgh,8,8
Cupertino,Dallas,8,8
Dubai,Stuttgart,8,8
Edinburgh,Sydney,8,8
Chicago,Nairobi,8,8
Cambridge,Lima,8,8
Perth,Pune,8,8
Brisbane,Denver,8,8
Austin,Lima,8,8
Perth,San Diego,8,8
Bangkok,Guangzhou,8,8
Lagos,Rome,8,8
Hong Kong,Minneapolis,8,8
Bengaluru,Mexico City,8,8
Buenos Aires,Vienna,8,8
Cologne,Shenzhen,8,8
Grenoble,Seattle,8,8
Miami,Wuhan,8,8
Austin,Heidelberg,8,8
Beijing,Turin,8,8
Edinburgh,Sunnyvale,8,8
Lausanne,Prague,8,8
Buenos Aires,Denver,8,8
Moscow,Saint Petersburg,8,8
Eindhoven,Vancouver,8,8
Madrid,Suzhou,8,8
Ankara,Portland,8,8
Dallas,Oslo,8,8
Chengdu,Perth,8,8
Chengdu,Copenhagen,8,8
Geneva,Los Angeles,8,8
Boulder,Guangzhou,8,8
Guangzhou,Manchester,8,8
Chengdu,Stuttgart,8,8
Pittsburgh,Xi'an,8,8
Atlanta,Suzhou,8,8
Ann Arbor,Pune,8,8
Buenos Aires,Guangzhou,8,8
Berlin,Osaka,8,8
Boston,Bristol,8,8
Ho Chi Minh City,Rio de Janeiro,8,8
London,Osaka,8,8
Ann Arbor,Barcelona,8,8
Bucharest,Chicago,8,8
Barcelona,Bucharest,8,8
Austin,Geneva,8,8
Hanoi,Zurich,8,8
Brussels,Hyderabad,8,8
Chengdu,Miami,8,8
Houston,Rome,8,8
Lima,Munich,8,8
Brussels,Hangzhou,8,8
Johannesburg,Tokyo,8,8
Hyderabad,Stuttgart,8,8
Gothenburg,Shanghai,8,8
Hyderabad,Santiago,8,8
Ann Arbor,Portland,8,8
Ankara,Pune,8,8
Houston,Kolkata,8,8
Kyoto,San Francisco,8,8
Bangkok,Madrid,8,8
Budapest,Philadelphia,8,8
Paris,Rotterdam,8,8
Bangkok,Vienna,8,8
Ho Chi Minh City,Tel Aviv,8,8
Bengaluru,Rotterdam,8,8
Madrid,Stuttgart,8,8
Brisbane,Stockholm,8,8
Barcelona,Bristol,8,8
Brisbane,Wuhan,8,8
Frankfurt,Shenzhen,8,8
Chicago,Delft,8,8
Bangkok,Chengdu,8,8
Auckland,Wuhan,8,8
Nanjing,Waterloo,8,8
Miami,Waterloo,8,8
Chengdu,Ottawa,8,8
Hsinchu,Miami,8,8
Mumbai,Santiago,8,8
Jakarta,Singapore,8,8
Dalian,London,8,8
Barcelona,Boulder,8,8
Dubai,Waterloo,8,8
Jakarta,Toronto,8,8
Dalian,Singapore,8,8
Brussels,Prague,8,8
Lagos,Pittsburgh,8,8
Hong Kong,Santiago,8,8
Rotterdam,Singapore,8,8
Philadelphia,Sunnyvale,8,8
Bangkok,Portland,8,8
Bangkok,Nanjing,8,8
Budapest,Kolkata,8,8
Cairo,San Jose,8,8
Cairo,Vienna,8,8
Copenhagen,Stuttgart,8,8
Hangzhou,Turin,8,8
Cairo,Washington,8,8
Cupertino,Palo Alto,8,8
Guangzhou,Hanoi,8,8
Palo Alto,Xi'an,8,8
Moscow,Rome,8,8
Delhi,Ho Chi Minh City,8,8
Barcelona,Cairo,8,8
Brussels,Hong Kong,8,8
Hanoi,Vancouver,8,8
Brisbane,Rome,8,8
Kolkata,Philadelphia,8,8
Cape Town,Hangzhou,8,8
Ottawa,Stockholm,8,8
Abu Dhabi,Vienna,8,8
Delhi,Milan,8,8
Lima,Melbourne,8,8
Chengdu,Milan,8,8
Buenos Aires,New Delhi,8,8
Ankara,Milan,8,8
Barcelona,Lausanne,8,8
Jakarta,Vancouver,8,8
Hyderabad,Johannesburg,8,8
Ankara,Palo Alto,8,8
Los Angeles,Riyadh,8,8
Hanoi,Pune,8,8
Lisbon,Miami,8,8
Dubai,Sao Paulo,8,8
Dubai,Tel Aviv,8,8
Delft,San Jose,8,8
Hsinchu,Los Angeles,8,8
Austin,Nairobi,8,8
Budapest,Dubai,8,8
Beijing,Nairobi,8,8
Delhi,Stuttgart,8,8
Ho Chi Minh City,Pittsburgh,8,8
Hamburg,Ho Chi Minh City,8,8
Chicago,Hanoi,8,8
Boulder,Palo Alto,8,8
Montreal,Rotterdam,8,8
Cairo,Dublin,8,8
Hamburg,Lima,8,8
Budapest,Nanjing,8,8
Delft,Vancouver,8,8
Cairo,Montreal,8,8
Cairo,Munich,8,8
Budapest,Milan,8,8
Budapest,Cairo,8,8
Buenos Aires,Madrid,8,8
Detroit,London,8,8
Mexico City,Seattle,8,8
Tianjin,Xi'an,8,8
Auckland,Mountain View,8,8
Kolkata,Phoenix,8,8
Bangkok,Cambridge,8,8
Kolkata,Perth,8,8
Austin,Eindhoven,8,8
Grenoble,London,8,8
Bangkok,Hyderabad,8,8
Salt Lake City,Sydney,8,8
Hsinchu,Montreal,8,8
Bangkok,Pune,8,8
Copenhagen,Edinburgh,8,8
Bucharest,Taipei,8,8
Portland,Tel Aviv,8,8
Copenhagen,Kolkata,8,8
Vienna,Waterloo,8,8
Pittsburgh,Waterloo,8,8
Rio de Janeiro,Zurich,8,8
Moscow,Perth,8,8
Oxford,Wuhan,8,8
Bangkok,Warsaw,8,8
Oxford,Palo Alto,8,8
Hamburg,Wuhan,8,8
Budapest,Chennai,8,8
Nairobi,Vancouver,8,8
Cupertino,Sao Paulo,8,8
Stockholm,Xi'an,8,8
Ankara,San Diego,8,8
Bristol,Stockholm,8,8
Hamburg,Waterloo,8,8
Manchester,Prague,8,8
Montreal,Toulouse,8,8
Ann Arbor,San Jose,8,8
Ankara,Cambridge,8,8
Atlanta,Lausanne,8,8
Hamburg,Heidelberg,8,8
Nairobi,Rio de Janeiro,8,8
Raleigh,Xi'an,8,8
Krakow,New York,8,8
Budapest,Taipei,8,8
Delhi,Waterloo,8,8
Kuala Lumpur,Prague,8,8
Kyoto,Sydney,8,8
Munich,Nairobi,8,8
Denver,Perth,8,8
Delhi,Raleigh,8,8
Santiago,Sydney,8,8
Bucharest,Cambridge,8,8
Kyoto,Toronto,8,8
Helsinki,Houston,8,8
Auckland,Cambridge,8,8
Delhi,Lausanne,8,8
Calgary,Melbourne,8,8
Dublin,Helsinki,8,8
Frankfurt,Hyderabad,8,8
Hong Kong,Rio de Janeiro,8,8
Auckland,Prague,8,8
Bucharest,San Diego,8,8
Cambridge,Edmonton,8,8
Cambridge,Perth,8,8
Frankfurt,Mountain View,8,8
Grenoble,Tokyo,8,8
Frankfurt,New Delhi,8,8
Hong Kong,Lagos,8,8
Dublin,Perth,8,8
Frankfurt,Stockholm,8,8
Ottawa,Prague,8,8
Lyon,Moscow,8,8
Hamburg,Perth,8,8
Dubai,Manchester,8,8
Mexico City,Seoul,8,8
Mexico City,Singapore,8,8
Saint Petersburg,Tokyo,8,8
Geneva,Hong Kong,8,8
Hyderabad,Manchester,8,8
Calgary,Pune,8,8
Cairo,New Delhi,8,8
Raleigh,Rio de Janeiro,8,8
Cambridge,Minneapolis,8,8
Bangkok,Mountain View,8,8
Copenhagen,Pittsburgh,8,8
Lagos,San Diego,8,8
Cape Town,Denver,8,8
Suzhou,Tianjin,8,8
Chennai,Tel Aviv,8,8
Chennai,Taipei,8,8
Chennai,Raleigh,8,8
Stockholm,Toulouse,8,8
Heidelberg,Seoul,8,8
Cambridge,Frankfurt,8,8
Jakarta,Seoul,8,8
Chennai,Moscow,8,8
Athens,Denver,8,8
Ankara,Mumbai,8,8
Heidelberg,San Jose,8,8
Calgary,Hyderabad,8,8
Philadelphia,Stockholm,8,8
Denver,Edinburgh,8,8
Delhi,Rome,8,8
Guangzhou,Helsinki,8,8
Denver,Manchester,8,8
Oxford,Pune,8,8
Ankara,Boston,8,8
Budapest,Copenhagen,8,8
Cambridge,Cologne,8,8
Mexico City,Paris,8,8
Milan,Prague,8,8
Guangzhou,Lisbon,8,8
Ann Arbor,Nanjing,8,8
Brussels,Vancouver,8,8
New Delhi,Xi'an,8,8
Eindhoven,Paris,8,8
Mountain View,Nanjing,8,8
Dubai,Wuhan,8,8
Moscow,Xi'an,8,8
Kyoto,New York,8,8
Hamburg,Helsinki,8,8
Moscow,Stuttgart,8,8
San Diego,Toulouse,8,8
Madrid,Salt Lake City,8,8
Hamburg,Oslo,8,8
Stuttgart,Vienna,8,8
Cape Town,Zurich,8,8
Suzhou,Vienna,8,8
Athens,Hong Kong,8,8
Barcelona,Hefei,8,8
Amsterdam,Hsinchu,8,8
Cape Town,Dublin,8,8
Helsinki,Oslo,8,8
Tel Aviv,Wuhan,8,8
Dubai,Palo Alto,8,8
Prague,Rome,8,8
Montreal,Perth,8,8
Perth,Taipei,8,8
Abu Dhabi,Dubai,8,8
Ottawa,San Diego,8,8
Boston,Kuala Lumpur,8,8
Budapest,Mountain View,8,8
Nanjing,Perth,8,8
Dublin,Wuhan,8,8
Milan,Moscow,8,8
Portland,Waterloo,8,8
Frankfurt,Redmond,8,8
Riyadh,Sydney,7,7
Atlanta,Santiago,7,7
Bucharest,Hamburg,7,7
Mountain View,Rome,7,7
Boston,Rotterdam,7,7
Oxford,Philadelphia,7,7
Hanoi,Stockholm,7,7
Santiago,Stockholm,7,7
Oslo,San Diego,7,7
Heidelberg,Palo Alto,7,7
Edmonton,Pune,7,7
Munich,Rotterdam,7,7
Jakarta,Montreal,7,7
Raleigh,Wuhan,7,7
Geneva,Washington,7,7
Pune,Suzhou,7,7
Riyadh,Vancouver,7,7
Bangkok,Mumbai,7,7
Milan,Philadelphia,7,7
Cupertino,Guangzhou,7,7
Toulouse,Washington,7,7
Lausanne,Sydney,7,7
Bangkok,Waterloo,7,7
Cologne,Mountain View,7,7
Calgary,Portland,7,7
Brisbane,Milan,7,7
Lisbon,Sunnyvale,7,7
Delhi,Warsaw,7,7
Berlin,Tianjin,7,7
Cupertino,Nanjing,7,7
Boulder,Raleigh,7,7
Dublin,Rome,7,7
Cairo,Hamburg,7,7
Ann Arbor,Stockholm,7,7
Dallas,Rio de Janeiro,7,7
Ottawa,Palo Alto,7,7
Sao Paulo,Wuhan,7,7
Boulder,New Delhi,7,7
Guangzhou,Lyon,7,7
Helsinki,Lyon,7,7
Philadelphia,Tel Aviv,7,7
Oxford,Washington,7,7
Melbourne,Santiago,7,7
Dallas,Lagos,7,7
Brisbane,Madrid,7,7
Johannesburg,Singapore,7,7
Guangzhou,Hsinchu,7,7
Budapest,Ottawa,7,7
Stockholm,Wuhan,7,7
Calgary,Mountain View,7,7
Brisbane,Mountain View,7,7
Dublin,Lagos,7,7
Budapest,Delhi,7,7
Oxford,Tel Aviv,7,7
Delft,Vienna,7,7
Chengdu,Oslo,7,7
Brussels,Vienna,7,7
Cambridge,Suzhou,7,7
Manchester,Warsaw,7,7
Boulder,Moscow,7,7
Taipei,Toulouse,7,7
Philadelphia,Toulouse,7,7
Johannesburg,Madrid,7,7
Manchester,Vienna,7,7
Ann Arbor,Oslo,7,7
Johannesburg,Mumbai,7,7
Pune,Santiago,7,7
Manchester,Sunnyvale,7,7
Houston,Perth,7,7
Ann Arbor,Sao Paulo,7,7
Cairo,San Diego,7,7
Atlanta,Rio de Janeiro,7,7
Milan,Toulouse,7,7
Barcelona,Minneapolis,7,7
Boston,Eindhoven,7,7
Eindhoven,San Jose,7,7
Bengaluru,Grenoble,7,7
Buenos Aires,Dublin,7,7
Miami,Oxford,7,7
Minneapolis,San Diego,7,7
Abu Dhabi,Mumbai,7,7
Lagos,Lisbon,7,7
Milan,Raleigh,7,7
Miami,Raleigh,7,7
Calgary,Stockholm,7,7
Lima,Mumbai,7,7
Kolkata,Moscow,7,7
Sao Paulo,Waterloo,7,7
Chicago,Mexico City,7,7
Bristol,Taipei,7,7
Cairo,Stockholm,7,7
Kolkata,Redmond,7,7
Miami,Sao Paulo,7,7
Cape Town,Milan,7,7
Dallas,Xi'an,7,7
Mountain View,Salt Lake City,7,7
Boulder,Prague,7,7
Eindhoven,Mumbai,7,7
Jakarta,Los Angeles,7,7
Heidelberg,Montreal,7,7
New Delhi,Rio de Janeiro,7,7
Perth,Sao Paulo,7,7
Eindhoven,Zurich,7,7
Dallas,Hsinchu,7,7
Lisbon,Wuhan,7,7
Miami,Perth,7,7
Budapest,Raleigh,7,7
Cologne,Vancouver,7,7
Cologne,Los Angeles,7,7
Bengaluru,Tianjin,7,7
Lyon,Raleigh,7,7
Cologne,Prague,7,7
Heidelberg,Hyderabad,7,7
Jerusalem,San Francisco,7,7
Hamburg,Istanbul,7,7
Mumbai,Nairobi,7,7
Miami,Moscow,7,7
Eindhoven,Munich,7,7
Philadelphia,Raleigh,7,7
Raleigh,Rome,7,7
Denver,Dubai,7,7
Lima,Warsaw,7,7
Cape Town,Stockholm,7,7
Bucharest,Chengdu,7,7
Hanoi,Sydney,7,7
Kolkata,Taipei,7,7
Dubai,Raleigh,7,7
Bucharest,Hong Kong,7,7
Boulder,Lyon,7,7
Bangkok,Denver,7,7
Cairo,Dallas,7,7
Cupertino,Ottawa,7,7
Minneapolis,Mountain View,7,7
Nanjing,Raleigh,7,7
Lisbon,Phoenix,7,7
Atlanta,Eindhoven,7,7
Madrid,Oxford,7,7
Ann Arbor,Hyderabad,7,7
Dublin,Santiago,7,7
Athens,Houston,7,7
Guangzhou,Saint Petersburg,7,7
Bangkok,San Jose,7,7
Bucharest,Zurich,7,7
Mumbai,Salt Lake City,7,7
Moscow,Prague,7,7
Copenhagen,Hamburg,7,7
Cape Town,Hamburg,7,7
Copenhagen,Philadelphia,7,7
Bangkok,Delhi,7,7
Hsinchu,Taipei,7,7
Ottawa,Tel Aviv,7,7
Shenzhen,Turin,7,7
Ankara,Guangzhou,7,7
Copenhagen,Rome,7,7
Lisbon,Redmond,7,7
Auckland,Palo Alto,7,7
Ann Arbor,Washington,7,7
Guangzhou,Oxford,7,7
Auckland,Sao Paulo,7,7
Hanoi,Portland,7,7
Gothenburg,Zurich,7,7
Geneva,Shenzhen,7,7
Hangzhou,Lima,7,7
Cambridge,Delft,7,7
Miami,Rome,7,7
Kolkata,Milan,7,7
Edinburgh,Lyon,7,7
Gothenburg,Los Angeles,7,7
Bangkok,Chennai,7,7
Ankara,Kolkata,7,7
Edmonton,Sydney,7,7
Cupertino,Pittsburgh,7,7
Jakarta,Melbourne,7,7
Brisbane,Perth,7,7
Bristol,Hong Kong,7,7
Beijing,Johannesburg,7,7
Berlin,Grenoble,7,7
Brussels,Philadelphia,7,7
Canberra,Seattle,7,7
Turin,Vancouver,7,7
Buenos Aires,San Jose,7,7
Bengaluru,Krakow,7,7
Bengaluru,Hsinchu,7,7
Auckland,Barcelona,7,7
Paris,Turin,7,7
Brussels,Chengdu,7,7
Mumbai,Turin,7,7
Chennai,Guangzhou,7,7
Dallas,Kolkata,7,7
Barcelona,Edmonton,7,7
Houston,Xi'an,7,7
Atlanta,Cape Town,7,7
Moscow,Oxford,7,7
Frankfurt,Guangzhou,7,7
Grenoble,Singapore,7,7
Phoenix,Stockholm,7,7
Rome,San Jose,7,7
Ho Chi Minh City,Sunnyvale,7,7
Buenos Aires,Philadelphia,7,7
Buenos Aires,Nanjing,7,7
Buenos Aires,Prague,7,7
Buenos Aires,Pune,7,7
Dubai,Xi'an,7,7
Redmond,Salt Lake City,7,7
Cape Town,Palo Alto,7,7
Cape Town,Warsaw,7,7
Ho Chi Minh City,Sao Paulo,7,7
Chennai,Nairobi,7,7
Dallas,Helsinki,7,7
Phoenix,Washington,7,7
Amsterdam,Gothenburg,7,7
Gothenburg,San Jose,7,7
Rio de Janeiro,Shenzhen,7,7
Dallas,Guangzhou,7,7
Dallas,Delft,7,7
Gothenburg,Munich,7,7
Abu Dhabi,Barcelona,7,7
Dublin,Oxford,7,7
Beijing,Krakow,7,7
Edmonton,Melbourne,7,7
Daejeon,New York,7,7
Abu Dhabi,Lyon,7,7
Auckland,Rome,7,7
Brussels,Mumbai,7,7
Ann Arbor,Houston,7,7
Delft,Pune,7,7
Rio de Janeiro,Stockholm,7,7
Delft,Taipei,7,7
Dallas,San Diego,7,7
Rio de Janeiro,Taipei,7,7
Edinburgh,Taipei,7,7
Bangkok,Budapest,7,7
Buenos Aires,Raleigh,7,7
Haifa,Tokyo,7,7
Cologne,Hangzhou,7,7
Moscow,Oslo,7,7
Brisbane,Stuttgart,7,7
Brussels,Xi'an,7,7
Chennai,Wuhan,7,7
Canberra,New York,7,7
Portland,Toulouse,7,7
Ho Chi Minh City,San Jose,7,7
Chengdu,Philadelphia,7,7
Athens,Lyon,7,7
Oslo,Washington,7,7
Brussels,San Jose,7,7
Munich,Salt Lake City,7,7
Montreal,Phoenix,7,7
Chennai,Perth,7,7
Oslo,Sao Paulo,7,7
Hong Kong,Kuala Lumpur,7,7
Melbourne,Salt Lake City,7,7
Melbourne,Nairobi,7,7
Cupertino,Vienna,7,7
Madrid,Wuhan,7,7
Kuala Lumpur,Warsaw,7,7
Abu Dhabi,Sunnyvale,7,7
Madrid,Nairobi,7,7
Athens,Hamburg,7,7
Edmonton,Shenzhen,7,7
Austin,Kuala Lumpur,7,7
Austin,Gothenburg,7,7
Geneva,Sydney,7,7
Manchester,Raleigh,7,7
Athens,Istanbul,7,7
Athens,Chengdu,7,7
Athens,Boulder,7,7
Manchester,Mumbai,7,7
Haifa,San Francisco,7,7
New Delhi,Toulouse,7,7
Philadelphia,Xi'an,7,7
Manchester,Melbourne,7,7
Brussels,Copenhagen,7,7
San Diego,Waterloo,7,7
Austin,Saint Petersburg,7,7
Minneapolis,Sydney,7,7
Daejeon,Tokyo,7,7
Helsinki,Pittsburgh,7,7
Cape Town,Hong Kong,7,7
Ankara,Rome,7,7
Gothenburg,Moscow,7,7
Chicago,Salt Lake City,7,7
Cupertino,Warsaw,7,7
Edinburgh,Vienna,7,7
Seattle,Tianjin,7,7
Gothenburg,Vancouver,7,7
Oslo,Redmond,7,7
Istanbul,Wuhan,7,7
Cape Town,New Delhi,7,7
Brisbane,Redmond,7,7
Istanbul,Santiago,7,7
Gothenburg,Singapore,7,7
Gothenburg,Shenzhen,7,7
Brisbane,Lyon,7,7
Milan,Xi'an,7,7
Gothenburg,Melbourne,7,7
Edmonton,Paris,7,7
Guangzhou,Lagos,7,7
Toulouse,Vancouver,7,7
New Delhi,Phoenix,7,7
Cupertino,Xi'an,7,7
New Delhi,Perth,7,7
Istanbul,San Diego,7,7
Brussels,Taipei,7,7
Dublin,Salt Lake City,7,7
Brussels,Mountain View,7,7
Cairo,Pittsburgh,7,7
Oslo,Toulouse,7,7
Istanbul,Rome,7,7
Istanbul,Portland,7,7
Lyon,Palo Alto,7,7
Hangzhou,Toulouse,7,7
Abu Dhabi,Kolkata,7,7
Boulder,Delhi,7,7
Kuala Lumpur,Madrid,7,7
Melbourne,Tianjin,7,7
Gothenburg,Seoul,7,7
Delhi,Helsinki,7,7
Budapest,Suzhou,7,7
Kyoto,Shenzhen,7,7
Dublin,Ho Chi Minh City,7,7
Buenos Aires,Sunnyvale,7,7
Hong Kong,Oslo,7,7
Dublin,Oslo,7,7
Bengaluru,Riyadh,7,7
Boulder,Perth,7,7
Ankara,Hyderabad,7,7
Minneapolis,Warsaw,7,7
Ho Chi Minh City,Miami,7,7
Mexico City,Stockholm,7,7
Ottawa,Sunnyvale,7,7
Ottawa,Wuhan,7,7
Ottawa,Philadelphia,7,7
Dallas,Phoenix,7,7
Mexico City,Toronto,7,7
Hanoi,Moscow,7,7
Oxford,Prague,7,7
Helsinki,New Delhi,7,7
Hangzhou,Heidelberg,7,7
Atlanta,Edinburgh,7,7
Boston,Mexico City,7,7
Phoenix,Vienna,7,7
Cairo,Chengdu,7,7
Hangzhou,Salt Lake City,7,7
Bristol,Milan,7,7
Boulder,Waterloo,7,7
Grenoble,Shanghai,7,7
Hong Kong,Osaka,7,7
Lyon,Oslo,7,7
Buenos Aires,Dubai,7,7
Manchester,Taipei,7,7
Denver,Phoenix,7,7
Houston,Lyon,7,7
Edmonton,Singapore,7,7
Hanoi,Istanbul,7,7
Frankfurt,Milan,7,7
Athens,Auckland,7,7
Auckland,Ottawa,7,7
Auckland,Suzhou,7,7
Jakarta,New Delhi,7,7
Oslo,Palo Alto,7,7
Miami,Palo Alto,7,7
Nanjing,Stuttgart,7,7
Dublin,Waterloo,7,7
Saint Petersburg,Seoul,7,7
Barcelona,Geneva,7,7
Rome,Wuhan,7,7
Dalian,Nanjing,7,7
Rome,Taipei,7,7
Hong Kong,Toulouse,7,7
Edmonton,Moscow,7,7
Haifa,New York,7,7
Miami,Oslo,7,7
Edmonton,Hong Kong,7,7
Melbourne,Phoenix,7,7
Edmonton,Hamburg,7,7
Brisbane,Pune,7,7
Ho Chi Minh City,Portland,7,7
Atlanta,Xi'an,7,7
Dubai,Pittsburgh,7,7
Budapest,Miami,7,7
Hong Kong,Salt Lake City,7,7
Oslo,Oxford,7,7
Hyderabad,Nairobi,7,7
Chicago,Kuala Lumpur,7,7
Brussels,Denver,7,7
Cambridge,Ho Chi Minh City,7,7
Edinburgh,Hyderabad,7,7
Athens,Pittsburgh,7,7
Istanbul,Lyon,7,7
Cape Town,Munich,7,7
Hyderabad,Wuhan,7,7
Cairo,Philadelphia,7,7
Cambridge,Saint Petersburg,7,7
Osaka,Vancouver,7,7
Hyderabad,Ottawa,7,7
Brisbane,Helsinki,7,7
Salt Lake City,Sao Paulo,7,7
Cambridge,Hanoi,7,7
Brisbane,Oslo,7,7
Hefei,Toronto,7,7
Berlin,Saint Petersburg,7,7
Phoenix,Portland,7,7
Hefei,Sydney,7,7
Istanbul,Oslo,7,7
Brisbane,Pittsburgh,7,7
Detroit,Tokyo,7,7
Salt Lake City,Toronto,7,7
Guangzhou,Rome,7,7
Ann Arbor,Mountain View,7,7
Moscow,Ottawa,7,7
Copenhagen,Lyon,7,7
Budapest,Dallas,7,7
Hyderabad,Phoenix,7,7
Portland,Salt Lake City,7,7
Delhi,Lyon,7,7
Hyderabad,Lausanne,7,7
Budapest,Helsinki,7,7
Buenos Aires,Dallas,7,7
Bristol,Mountain View,7,7
Hefei,Munich,7,7
Istanbul,Sao Paulo,7,7
Auckland,Warsaw,7,7
Austin,Cologne,7,7
Brussels,Chennai,7,7
Brussels,Dallas,7,7
Guangzhou,Lausanne,7,7
Denver,Xi'an,7,7
Nairobi,Singapore,7,7
Phoenix,Shenzhen,7,7
Cambridge,Cape Town,7,7
Ann Arbor,Moscow,7,7
Geneva,Melbourne,7,7
Guangzhou,Ho Chi Minh City,7,7
Cape Town,Portland,7,7
Geneva,Zurich,7,7
Brisbane,Taipei,6,6
Dubai,Perth,6,6
Budapest,Waterloo,6,6
Istanbul,Salt Lake City,6,6
Madrid,Rotterdam,6,6
Manchester,New Delhi,6,6
Heidelberg,Stockholm,6,6
Berlin,Detroit,6,6
Calgary,Copenhagen,6,6
Palo Alto,Rome,6,6
Helsinki,Istanbul,6,6
Athens,Guangzhou,6,6
Dallas,Frankfurt,6,6
Hong Kong,Phoenix,6,6
Athens,Mountain View,6,6
Ann Arbor,Kolkata,6,6
Tokyo,Tsukuba,6,6
Manchester,Waterloo,6,6
Frankfurt,Istanbul,6,6
Mexico City,Sydney,6,6
Edinburgh,Philadelphia,6,6
Frankfurt,Perth,6,6
Calgary,Lagos,6,6
Brisbane,Philadelphia,6,6
Helsinki,Hyderabad,6,6
Philadelphia,Salt Lake City,6,6
Ann Arbor,Sunnyvale,6,6
London,Tsukuba,6,6
Istanbul,Perth,6,6
Lyon,Portland,6,6
Buenos Aires,Chengdu,6,6
Stockholm,Waterloo,6,6
Hyderabad,Oxford,6,6
Hanoi,Mountain View,6,6
Hangzhou,Phoenix,6,6
Hanoi,Ho Chi Minh City,6,6
Hamburg,Santiago,6,6
Bangkok,Kolkata,6,6
Guangzhou,Santiago,6,6
Lisbon,Tel Aviv,6,6
Kyoto,Melbourne,6,6
Stuttgart,Wuhan,6,6
Stuttgart,Xi'an,6,6
Minneapolis,Pune,6,6
Seoul,Tianjin,6,6
Cupertino,Moscow,6,6
Dubai,Lausanne,6,6
Waterloo,Wuhan,6,6
Osaka,Toronto,6,6
Waterloo,Xi'an,6,6
Cape Town,Mountain View,6,6
Ann Arbor,Redmond,6,6
Busan,Shanghai,6,6
Phoenix,San Jose,6,6
Dublin,Rio de Janeiro,6,6
Buenos Aires,Istanbul,6,6
Bangkok,Lyon,6,6
Santiago,Vienna,6,6
Athens,Philadelphia,6,6
Dubai,Helsinki,6,6
Boulder,Ho Chi Minh City,6,6
Brisbane,Phoenix,6,6
Bristol,Hangzhou,6,6
Ankara,Chengdu,6,6
Pune,Xi'an,6,6
Moscow,Toulouse,6,6
Boston,Johannesburg,6,6
Brussels,Lisbon,6,6
Mumbai,Xi'an,6,6
Amsterdam,Osaka,6,6
Melbourne,Xi'an,6,6
Johannesburg,Pune,6,6
Ho Chi Minh City,Vienna,6,6
Chengdu,Delhi,6,6
Johannesburg,Los Angeles,6,6
Dubai,Ho Chi Minh City,6,6
Delft,Madrid,6,6
Copenhagen,Helsinki,6,6
Copenhagen,Phoenix,6,6
Houston,Salt Lake City,6,6
Delft,Mumbai,6,6
Beijing,Riyadh,6,6
Delhi,Phoenix,6,6
Abu Dhabi,Moscow,6,6
Mumbai,Riyadh,6,6
Ho Chi Minh City,Taipei,6,6
Chengdu,Manchester,6,6
Chennai,Helsinki,6,6
Chengdu,Santiago,6,6
Boulder,Chennai,6,6
San Diego,Suzhou,6,6
Istanbul,Rio de Janeiro,6,6
Pune,Salt Lake City,6,6
Oslo,Perth,6,6
Lima,Rome,6,6
San Jose,Toulouse,6,6
Dallas,Stuttgart,6,6
Ann Arbor,New Delhi,6,6
New Delhi,Oslo,6,6
Cologne,Portland,6,6
Austin,Hefei,6,6
Chennai,Manchester,6,6
Ann Arbor,Chennai,6,6
Abu Dhabi,Warsaw,6,6
Budapest,Palo Alto,6,6
Boston,Geneva,6,6
Ottawa,Santiago,6,6
Cologne,Hamburg,6,6
Istanbul,Tianjin,6,6
Ottawa,Xi'an,6,6
Melbourne,Mexico City,6,6
Boston,Kyoto,6,6
Mumbai,Suzhou,6,6
Denver,Rio de Janeiro,6,6
Bengaluru,Gothenburg,6,6
Lausanne,Lyon,6,6
Eindhoven,Miami,6,6
Houston,Philadelphia,6,6
Perth,Philadelphia,6,6
Edinburgh,Warsaw,6,6
Cologne,Melbourne,6,6
Beijing,Mexico City,6,6
Cape Town,Toulouse,6,6
Eindhoven,Stockholm,6,6
Barcelona,Heidelberg,6,6
Lyon,Toulouse,6,6
Denver,Minneapolis,6,6
Brussels,Delhi,6,6
Edinburgh,Melbourne,6,6
Brussels,Moscow,6,6
Rotterdam,Zurich,6,6
Rotterdam,Seoul,6,6
Kyoto,Stockholm,6,6
Atlanta,Bangkok,6,6
Paris,Riyadh,6,6
Madrid,Mexico City,6,6
Manchester,Rome,6,6
Hamburg,Manchester,6,6
Canberra,Shanghai,6,6
Bucharest,Guangzhou,6,6
Edmonton,Portland,6,6
Manchester,Philadelphia,6,6
Daejeon,Seoul,6,6
Daejeon,Shanghai,6,6
Daejeon,Shenzhen,6,6
Oslo,Philadelphia,6,6
Cupertino,Philadelphia,6,6
Oslo,Waterloo,6,6
Edmonton,Munich,6,6
Boulder,Copenhagen,6,6
Edmonton,Mumbai,6,6
Abu Dhabi,Miami,6,6
Edinburgh,Sao Paulo,6,6
Edinburgh,Portland,6,6
Hanoi,New Delhi,6,6
Edinburgh,Oxford,6,6
Abu Dhabi,Suzhou,6,6
Guangzhou,Ottawa,6,6
Hangzhou,Nairobi,6,6
Abu Dhabi,Helsinki,6,6
Daejeon,London,6,6
Hsinchu,Zurich,6,6
Seattle,Turin,6,6
Buenos Aires,Cambridge,6,6
Hsinchu,Mountain View,6,6
Budapest,Portland,6,6
Delft,Mountain View,6,6
Oxford,Portland,6,6
Madrid,Waterloo,6,6
Canberra,San Francisco,6,6
Stockholm,Suzhou,6,6
Palo Alto,Suzhou,6,6
Kuala Lumpur,Philadelphia,6,6
Dublin,Turin,6,6
Chennai,Ottawa,6,6
Chennai,Suzhou,6,6
Budapest,Dublin,6,6
Cologne,Hyderabad,6,6
Delft,Stockholm,6,6
Dallas,Delhi,6,6
Abu Dhabi,Atlanta,6,6
Bucharest,Houston,6,6
Dublin,Heidelberg,6,6
Rome,Xi'an,6,6
Athens,Dublin,6,6
Auckland,Mumbai,6,6
Austin,Mexico City,6,6
Austin,Canberra,6,6
Pittsburgh,Salt Lake City,6,6
Ankara,Ho Chi Minh City,6,6
Houston,Raleigh,6,6
Ho Chi Minh City,Redmond,6,6
Osaka,Singapore,6,6
Auckland,Redmond,6,6
Frankfurt,Kolkata,6,6
Los Angeles,Osaka,6,6
Frankfurt,Madrid,6,6
Miami,Ottawa,6,6
Denver,Lyon,6,6
Denver,Stuttgart,6,6
Ho Chi Minh City,Lagos,6,6
Gothenburg,Mumbai,6,6
Brisbane,Dallas,6,6
Bristol,Vancouver,6,6
Buenos Aires,Sao Paulo,6,6
Dallas,Edmonton,6,6
Cairo,Helsinki,6,6
Lausanne,New Delhi,6,6
Hyderabad,Suzhou,6,6
Kuala Lumpur,Montreal,6,6
Redmond,Xi'an,6,6
Kuala Lumpur,Sydney,6,6
Denver,Edmonton,6,6
Atlanta,Cupertino,6,6
Canberra,Singapore,6,6
New Delhi,Oxford,6,6
Nanjing,Rome,6,6
Ho Chi Minh City,Nanjing,6,6
Budapest,Lyon,6,6
Manchester,Milan,6,6
Cairo,Frankfurt,6,6
Phoenix,San Diego,6,6
Cairo,Denver,6,6
Buenos Aires,Tel Aviv,6,6
Berlin,Mexico City,6,6
Berlin,Canberra,6,6
Budapest,Guangzhou,6,6
Manchester,Palo Alto,6,6
Houston,Lausanne,6,6
Chengdu,Waterloo,6,6
Minneapolis,Portland,6,6
Brussels,Houston,6,6
Grenoble,Paris,6,6
Minneapolis,Wuhan,6,6
Minneapolis,Washington,6,6
Minneapolis,Vienna,6,6
Minneapolis,San Jose,6,6
Bucharest,Prague,6,6
Minneapolis,Palo Alto,6,6
Mountain View,Stuttgart,6,6
Bucharest,Pune,6,6
New Delhi,Ottawa,6,6
Lisbon,Waterloo,6,6
Jakarta,Kolkata,6,6
Athens,Warsaw,6,6
Minneapolis,Rome,6,6
Ho Chi Minh City,Perth,6,6
Barcelona,Grenoble,6,6
Dublin,Toulouse,6,6
Houston,Oslo,6,6
Cupertino,Raleigh,6,6
Bucharest,Pittsburgh,6,6
Bucharest,Sunnyvale,6,6
Cambridge,Phoenix,6,6
Auckland,Pittsburgh,6,6
Auckland,Philadelphia,6,6
Boulder,Cupertino,6,6
Hamburg,Stuttgart,6,6
Turin,Zurich,6,6
Bangkok,Moscow,6,6
Oxford,San Diego,6,6
Bangkok,Boulder,6,6
Geneva,Portland,6,6
Cologne,Milan,6,6
Perth,Vienna,6,6
Salt Lake City,Washington,6,6
Beijing,Grenoble,6,6
Melbourne,Saint Petersburg,6,6
Geneva,Milan,6,6
Redmond,Warsaw,6,6
Palo Alto,Salt Lake City,6,6
Dublin,Jakarta,6,6
Edmonton,Guangzhou,6,6
Bengaluru,Geneva,6,6
Madrid,Minneapolis,6,6
Prague,Xi'an,6,6
Cupertino,Washington,6,6
Toulouse,Vienna,6,6
Cupertino,Miami,6,6
Cupertino,Dublin,6,6
Cupertino,Hamburg,6,6
Chengdu,Cupertino,6,6
Cape Town,Vienna,6,6
Cape Town,Pune,6,6
Athens,Manchester,6,6
Cape Town,Madrid,6,6
Cape Town,Istanbul,6,6
Cape Town,Chicago,6,6
Athens,Portland,6,6
Barcelona,Cologne,6,6
Bangkok,Sunnyvale,6,6
Buenos Aires,Lyon,6,6
Bengaluru,Dalian,6,6
Lima,Waterloo,6,6
Beijing,Nagoya,6,6
Hefei,Palo Alto,6,6
Ottawa,Oxford,6,6
Buenos Aires,Hyderabad,6,6
Amsterdam,Grenoble,6,6
Cairo,Lausanne,6,6
Amsterdam,Tianjin,6,6
Edmonton,Mountain View,6,6
Los Angeles,Nairobi,6,6
Cape Town,Ottawa,6,6
Cape Town,Mumbai,6,6
Bucharest,Portland,6,6
Abu Dhabi,Mountain View,6,6
Houston,Ottawa,6,6
Hefei,Tianjin,6,6
Dublin,Minneapolis,6,6
Lisbon,Rio de Janeiro,6,6
Dubai,Philadelphia,6,6
Lyon,Warsaw,6,6
Busan,New York,6,6
Houston,Istanbul,6,6
Delhi,Oxford,6,6
Hyderabad,Kuala Lumpur,6,6
Buenos Aires,Pittsburgh,6,6
Boulder,Dublin,6,6
Lagos,Moscow,6,6
Hamburg,Rotterdam,6,6
Jerusalem,New York,6,6
Lyon,Nanjing,6,6
Lyon,Oxford,6,6
Lyon,Tel Aviv,6,6
Ankara,Boulder,6,6
Edinburgh,Washington,6,6
Copenhagen,Lausanne,6,6
Amsterdam,Eindhoven,6,6
Atlanta,Delft,6,6
Copenhagen,Wuhan,6,6
Eindhoven,Hangzhou,6,6
Minneapolis,New Delhi,6,6
Milan,Redmond,6,6
Bristol,Moscow,6,6
Minneapolis,Shenzhen,6,6
Brisbane,Istanbul,6,6
Hsinchu,Xi'an,6,6
Bristol,Copenhagen,6,6
Lagos,Vienna,6,6
Hanoi,Wuhan,6,6
Rotterdam,Sao Paulo,6,6
Kuala Lumpur,Raleigh,6,6
Kolkata,Palo Alto,6,6
Calgary,Madrid,6,6
Helsinki,Raleigh,6,6
Lisbon,Toulouse,6,6
Kolkata,Suzhou,6,6
Bucharest,Madrid,6,6
Raleigh,Toulouse,6,6
Nairobi,Stockholm,6,6
Delhi,Redmond,6,6
Lyon,Rome,6,6
Atlanta,Cairo,6,6
Istanbul,Redmond,6,6
Dublin,Xi'an,6,6
Cairo,Moscow,6,6
Edmonton,Hangzhou,6,6
Eindhoven,Palo Alto,6,6
Heidelberg,Raleigh,6,6
Edmonton,Warsaw,6,6
Cairo,Chennai,6,6
Eindhoven,Shenzhen,6,6
Berlin,Hefei,6,6
Budapest,San Diego,6,6
Heidelberg,Pune,6,6
Suzhou,Washington,6,6
Krakow,London,6,6
Athens,Palo Alto,6,6
Athens,Moscow,6,6
Portland,Stuttgart,6,6
Heidelberg,Sydney,6,6
Kyoto,Miami,6,6
Barcelona,Eindhoven,6,6
Dublin,Edmonton,6,6
Atlanta,Riyadh,6,6
Cologne,Stockholm,6,6
Barcelona,Toulouse,6,6
Austin,Hsinchu,6,6
Cairo,Milan,6,6
Miami,Nanjing,6,6
Ho Chi Minh City,Rome,6,6
Delft,Lisbon,6,6
Ho Chi Minh City,Stuttgart,6,6
Nanjing,Oxford,6,6
Dallas,Rome,6,6
Abu Dhabi,San Jose,6,6
Hefei,Paris,6,6
Nanjing,Tel Aviv,6,6
Auckland,Istanbul,6,6
Helsinki,Ottawa,6,6
Lagos,Palo Alto,6,6
Helsinki,Kolkata,6,6
Frankfurt,Philadelphia,6,6
Riyadh,Washington,6,6
Hanoi,San Jose,6,6
Ankara,Lisbon,6,6
Helsinki,Lisbon,6,6
Redmond,Santiago,6,6
Ankara,Washington,6,6
Brussels,Istanbul,6,6
Atlanta,Heidelberg,6,6
Auckland,Dublin,6,6
Delft,Montreal,6,6
Auckland,Hamburg,6,6
Lima,Stockholm,6,6
Cambridge,Rotterdam,6,6
Copenhagen,Nanjing,6,6
Denver,Jakarta,6,6
Brisbane,Edinburgh,6,6
Hsinchu,Vancouver,6,6
Chennai,Johannesburg,6,6
Jakarta,Mumbai,6,6
Chengdu,Osaka,6,6
Brisbane,Guangzhou,6,6
Dubai,Oslo,6,6
Hanoi,Prague,6,6
Brisbane,Palo Alto,6,6
Lyon,Stuttgart,6,6
Lyon,Santiago,6,6
Denver,Waterloo,6,6
Kuala Lumpur,Washington,6,6
Abu Dhabi,Palo Alto,6,6
Brussels,Dublin,6,6
Ankara,Prague,6,6
Rotterdam,Vancouver,6,6
Sunnyvale,Suzhou,6,6
Cape Town,Raleigh,6,6
Brisbane,Xi'an,6,6
Edinburgh,Madrid,6,6
Copenhagen,Milan,6,6
Chicago,Gothenburg,6,6
Cologne,Vienna,6,6
Bangkok,Sao Paulo,6,6
Chicago,Cologne,6,6
Dubai,Moscow,6,6
Mountain View,Suzhou,6,6
Hanoi,Montreal,6,6
Bucharest,Sao Paulo,6,6
Oslo,Suzhou,6,6
Hanoi,Mumbai,6,6
Helsinki,Nanjing,6,6
Delhi,Houston,6,6
Amsterdam,Jakarta,6,6
Bucharest,Lisbon,6,6
Lagos,Shenzhen,6,6
Auckland,Sunnyvale,6,6
Chicago,Lima,6,6
Budapest,Stuttgart,5,5
Edmonton,Stockholm,5,5
Lausanne,Sunnyvale,5,5
Lausanne,Philadelphia,5,5
Delft,Warsaw,5,5
San Francisco,Tsukuba,5,5
Oslo,Warsaw,5,5
Jakarta,Madrid,5,5
Istanbul,Manchester,5,5
Edinburgh,Miami,5,5
Santiago,Warsaw,5,5
Dublin,Lausanne,5,5
Bristol,Warsaw,5,5
Nairobi,Taipei,5,5
Guangzhou,Oslo,5,5
Milan,Oslo,5,5
Heidelberg,Shenzhen,5,5
Salt Lake City,Shenzhen,5,5
Heidelberg,Zurich,5,5
Barcelona,Johannesburg,5,5
Salt Lake City,Warsaw,5,5
Brisbane,Brussels,5,5
Edinburgh,San Diego,5,5
Lausanne,Palo Alto,5,5
Bangkok,Philadelphia,5,5
Chicago,Jakarta,5,5
Cologne,Pune,5,5
Edmonton,Taipei,5,5
Mexico City,Warsaw,5,5
Bristol,Houston,5,5
Bristol,Shenzhen,5,5
Edmonton,San Jose,5,5
Chennai,Lyon,5,5
Amsterdam,Johannesburg,5,5
Chennai,Frankfurt,5,5
Athens,Oslo,5,5
Athens,Perth,5,5
Athens,San Jose,5,5
Perth,Wuhan,5,5
Brisbane,Budapest,5,5
Oslo,Stuttgart,5,5
Lyon,Wuhan,5,5
Lima,Vienna,5,5
Dallas,Salt Lake City,5,5
Budapest,Perth,5,5
Bristol,Madrid,5,5
Lima,San Jose,5,5
Helsinki,Moscow,5,5
Chengdu,Lyon,5,5
Atlanta,Brussels,5,5
Brussels,Washington,5,5
Brussels,Tel Aviv,5,5
Auckland,Tianjin,5,5
Bristol,Hyderabad,5,5
Brussels,Kolkata,5,5
Brisbane,Dublin,5,5
Lagos,Miami,5,5
Gothenburg,Montreal,5,5
Brussels,Guangzhou,5,5
Haifa,Shanghai,5,5
Bristol,San Jose,5,5
Lyon,Waterloo,5,5
Philadelphia,Waterloo,5,5
Edmonton,Philadelphia,5,5
Austin,Tianjin,5,5
Edmonton,New Delhi,5,5
Lausanne,Washington,5,5
Ann Arbor,Brisbane,5,5
Heidelberg,Portland,5,5
Kolkata,Wuhan,5,5
Los Angeles,Tianjin,5,5
Ann Arbor,Chengdu,5,5
Ann Arbor,Dallas,5,5
Athens,Budapest,5,5
Ann Arbor,Helsinki,5,5
Cairo,Guangzhou,5,5
Oslo,Sunnyvale,5,5
Boston,Tianjin,5,5
Dallas,Manchester,5,5
Helsinki,Rome,5,5
Manchester,Santiago,5,5
Dubai,Santiago,5,5
Dallas,Lyon,5,5
Ann Arbor,Tel Aviv,5,5
Denver,Santiago,5,5
Delft,Sao Paulo,5,5
Pittsburgh,Raleigh,5,5
Edmonton,Zurich,5,5
Pittsburgh,Stuttgart,5,5
Boston,Haifa,5,5
Austin,Johannesburg,5,5
Haifa,London,5,5
Bristol,Pune,5,5
Athens,Raleigh,5,5
Lausanne,Lisbon,5,5
Chicago,Tianjin,5,5
Delft,Denver,5,5
Chennai,Riyadh,5,5
Helsinki,Tel Aviv,5,5
Berlin,Riyadh,5,5
Boston,Osaka,5,5
Jakarta,Pune,5,5
Hyderabad,Jakarta,5,5
Delhi,Jakarta,5,5
Amsterdam,Geneva,5,5
Cape Town,Miami,5,5
Hanoi,Hyderabad,5,5
Heidelberg,Prague,5,5
Boulder,Toulouse,5,5
Bucharest,Palo Alto,5,5
Rome,Toulouse,5,5
Lyon,Miami,5,5
Lyon,Milan,5,5
Lisbon,Nairobi,5,5
Hamburg,Nairobi,5,5
Grenoble,Munich,5,5
Delhi,Lisbon,5,5
Santiago,Tel Aviv,5,5
Ann Arbor,Denver,5,5
Johannesburg,Montreal,5,5
Toulouse,Warsaw,5,5
Ho Chi Minh City,Santiago,5,5
Minneapolis,Sunnyvale,5,5
Delft,Dubai,5,5
Lagos,Warsaw,5,5
Jakarta,Washington,5,5
Jakarta,Taipei,5,5
Jakarta,Sunnyvale,5,5
Jakarta,Pittsburgh,5,5
Hsinchu,Madrid,5,5
Frankfurt,Nanjing,5,5
Ann Arbor,Lagos,5,5
Boulder,Xi'an,5,5
Lausanne,Moscow,5,5
Lausanne,Portland,5,5
Lausanne,Tel Aviv,5,5
Dallas,Minneapolis,5,5
Boulder,Phoenix,5,5
Miami,Toulouse,5,5
Ankara,Nanjing,5,5
Mountain View,Toulouse,5,5
Cape Town,Washington,5,5
Eindhoven,Milan,5,5
Eindhoven,Riyadh,5,5
Lisbon,Manchester,5,5
Detroit,Zurich,5,5
Athens,Rome,5,5
Cologne,Madrid,5,5
Detroit,Montreal,5,5
Washington,Xi'an,5,5
Copenhagen,Manchester,5,5
Hsinchu,Milan,5,5
Denver,Hsinchu,5,5
Hsinchu,Redmond,5,5
Ann Arbor,Madrid,5,5
Eindhoven,Taipei,5,5
Lagos,Prague,5,5
Atlanta,Calgary,5,5
Denver,Suzhou,5,5
Ann Arbor,Wuhan,5,5
Bangkok,Raleigh,5,5
Hyderabad,Minneapolis,5,5
Ankara,Toulouse,5,5
Jakarta,Munich,5,5
Geneva,Moscow,5,5
Rome,Turin,5,5
Cologne,Denver,5,5
Chengdu,Lagos,5,5
Cape Town,San Diego,5,5
Cairo,Kolkata,5,5
Hanoi,Jakarta,5,5
Boston,Toulouse,5,5
Geneva,Miami,5,5
Geneva,Riyadh,5,5
Geneva,Taipei,5,5
Atlanta,Nairobi,5,5
Kyoto,Los Angeles,5,5
Brisbane,Miami,5,5
Kyoto,Mountain View,5,5
Cairo,Mountain View,5,5
Jakarta,Prague,5,5
Cologne,Sunnyvale,5,5
Abu Dhabi,Ankara,5,5
Athens,Brussels,5,5
Abu Dhabi,Sao Paulo,5,5
Abu Dhabi,Hyderabad,5,5
Boulder,Delft,5,5
Cape Town,Sunnyvale,5,5
Nagoya,New York,5,5
Delft,Guangzhou,5,5
Dubai,Hamburg,5,5
Atlanta,Jakarta,5,5
Ho Chi Minh City,San Diego,5,5
Ho Chi Minh City,Jakarta,5,5
Tel Aviv,Warsaw,5,5
Mountain View,Phoenix,5,5
Nanjing,Oslo,5,5
Nanjing,Prague,5,5
Bangkok,Lisbon,5,5
Cambridge,Tianjin,5,5
Barcelona,Cape Town,5,5
Istanbul,Xi'an,5,5
Cairo,Warsaw,5,5
Milan,Sunnyvale,5,5
Hefei,Vancouver,5,5
Cupertino,Pune,5,5
Perth,Prague,5,5
Prague,Suzhou,5,5
Cambridge,Hefei,5,5
Phoenix,Sao Paulo,5,5
Lima,Zurich,5,5
Lausanne,Toulouse,5,5
Milan,Perth,5,5
Geneva,San Jose,5,5
Palo Alto,Perth,5,5
Manchester,Oslo,5,5
Johannesburg,Munich,5,5
Boulder,Budapest,5,5
Johannesburg,Prague,5,5
Barcelona,Cupertino,5,5
Cairo,Cambridge,5,5
Ann Arbor,Vienna,5,5
Bristol,San Diego,5,5
Amsterdam,Turin,5,5
Johannesburg,Vancouver,5,5
Bucharest,Dublin,5,5
Ho Chi Minh City,Xi'an,5,5
Los Angeles,Rotterdam,5,5
Lyon,Manchester,5,5
Copenhagen,Ho Chi Minh City,5,5
Copenhagen,Cupertino,5,5
Chengdu,Oxford,5,5
Madrid,Perth,5,5
Brussels,Raleigh,5,5
Geneva,San Diego,5,5
Buenos Aires,Palo Alto,5,5
Budapest,Cupertino,5,5
Ho Chi Minh City,Moscow,5,5
Salt Lake City,San Diego,5,5
Delhi,Hanoi,5,5
Lyon,Pittsburgh,5,5
Cologne,Helsinki,5,5
Taipei,Tianjin,5,5
Sydney,Tianjin,5,5
Frankfurt,Moscow,5,5
Buenos Aires,Waterloo,5,5
Manila,Paris,5,5
Delft,San Diego,5,5
Lisbon,Xi'an,5,5
Budapest,Rio de Janeiro,5,5
Budapest,Oxford,5,5
Boulder,Rome,5,5
Ho Chi Minh City,Raleigh,5,5
Budapest,Tel Aviv,5,5
Hanoi,Vienna,5,5
Phoenix,Pittsburgh,5,5
Ho Chi Minh City,Hsinchu,5,5
Boulder,Houston,5,5
Boulder,Oslo,5,5
Edinburgh,Houston,5,5
Bangkok,Milan,5,5
Bucharest,Denver,5,5
Busan,Seoul,5,5
Turin,Vienna,5,5
Lausanne,San Diego,5,5
Brussels,Edinburgh,5,5
Ankara,New Delhi,5,5
Denver,Nairobi,5,5
Sunnyvale,Toulouse,5,5
Edmonton,Miami,5,5
Kolkata,Toulouse,5,5
Kolkata,Lausanne,5,5
Boulder,Stuttgart,5,5
Abu Dhabi,Dublin,5,5
Mumbai,Oxford,5,5
Houston,Stuttgart,5,5
Sao Paulo,Stuttgart,5,5
Hanoi,Suzhou,5,5
Bengaluru,Detroit,5,5
Delft,Pittsburgh,5,5
Budapest,Houston,5,5
Busan,San Francisco,5,5
Auckland,Dallas,5,5
Bangkok,Dublin,5,5
Atlanta,Minneapolis,5,5
Hsinchu,Munich,5,5
Hangzhou,Krakow,5,5
Heidelberg,New Delhi,5,5
Heidelberg,Mumbai,5,5
Lisbon,Stuttgart,5,5
Heidelberg,Mountain View,5,5
Palo Alto,Stuttgart,5,5
Heidelberg,Melbourne,5,5
Cairo,Lagos,5,5
Heidelberg,Kolkata,5,5
Calgary,Hong Kong,5,5
Hsinchu,Istanbul,5,5
Auckland,Denver,5,5
Eindhoven,Hong Kong,5,5
Auckland,Manchester,5,5
Auckland,San Jose,5,5
Bangkok,Wuhan,5,5
Copenhagen,Tel Aviv,5,5
Bangkok,Washington,5,5
Chicago,Rotterdam,5,5
Denver,Frankfurt,5,5
Calgary,Waterloo,5,5
Frankfurt,Sunnyvale,5,5
Frankfurt,Waterloo,5,5
Calgary,New Delhi,5,5
Eindhoven,Portland,5,5
Dublin,Eindhoven,5,5
Calgary,Hamburg,5,5
Hanoi,Washington,5,5
Raleigh,Waterloo,5,5
Pune,Rotterdam,5,5
Bucharest,Hanoi,5,5
Bucharest,Montreal,5,5
Mumbai,Rotterdam,5,5
Buenos Aires,Kuala Lumpur,5,5
Buenos Aires,Lisbon,5,5
Hamburg,Kuala Lumpur,5,5
Hamburg,Minneapolis,5,5
Lagos,Waterloo,5,5
Hanoi,Warsaw,5,5
Kuala Lumpur,Portland,5,5
Dubai,Lisbon,5,5
Lima,Lisbon,5,5
Kolkata,Raleigh,5,5
Lima,Sao Paulo,5,5
Jakarta,Miami,5,5
Athens,Redmond,5,5
Istanbul,Raleigh,5,5
Istanbul,Lagos,5,5
Delft,Eindhoven,5,5
Delft,Portland,5,5
Dubai,Eindhoven,5,5
Heidelberg,Tel Aviv,5,5
Manchester,Pittsburgh,5,5
Rome,Waterloo,5,5
Abu Dhabi,Stuttgart,5,5
Istanbul,Suzhou,5,5
Phoenix,Warsaw,5,5
Edinburgh,Xi'an,5,5
Edinburgh,Stuttgart,5,5
Edinburgh,Pune,5,5
New Delhi,Salt Lake City,5,5
Brussels,Santiago,5,5
Buenos Aires,Delhi,5,5
Buenos Aires,Ottawa,5,5
Lisbon,Salt Lake City,5,5
Chengdu,Rio de Janeiro,5,5
Delhi,Lima,5,5
Lima,San Diego,5,5
Hefei,Warsaw,5,5
Lima,Nanjing,5,5
Lima,Taipei,5,5
Amsterdam,Kyoto,5,5
Amsterdam,Hefei,5,5
Moscow,Rio de Janeiro,5,5
Moscow,Santiago,5,5
Ottawa,Stuttgart,5,5
Philadelphia,Santiago,5,5
Portland,Rio de Janeiro,5,5
Rio de Janeiro,San Diego,5,5
Santiago,Xi'an,5,5
Hefei,Sunnyvale,5,5
Osaka,Seattle,5,5
Istanbul,Nanjing,5,5
Ankara,Bangkok,5,5
Budapest,Lagos,5,5
Budapest,Istanbul,5,5
Chengdu,Hsinchu,5,5
Amsterdam,Rotterdam,5,5
Buenos Aires,Ho Chi Minh City,5,5
Rio de Janeiro,Tel Aviv,5,5
Atlanta,Cologne,5,5
Cape Town,Houston,5,5
Hong Kong,Saint Petersburg,5,5
Abu Dhabi,Delhi,5,5
Stuttgart,Sunnyvale,5,5
Ankara,Delhi,5,5
Osaka,Paris,5,5
Ankara,Helsinki,5,5
Ankara,Vienna,5,5
Bangkok,Dubai,5,5
Bangkok,Helsinki,5,5
Barcelona,Phoenix,5,5
Chengdu,Helsinki,5,5
Chengdu,Phoenix,5,5
Kyoto,Taipei,5,5
Dubai,Phoenix,5,5
Frankfurt,Prague,5,5
Helsinki,Stuttgart,5,5
Redmond,Rotterdam,5,5
Rotterdam,Taipei,5,5
Rome,Tel Aviv,5,5
Pittsburgh,Rome,5,5
Brisbane,Houston,5,5
Brisbane,Dubai,5,5
Gothenburg,Sao Paulo,5,5
Krakow,Prague,5,5
Pittsburgh,Toulouse,5,5
Bangkok,San Diego,5,5
Sao Paulo,Toulouse,5,5
Toronto,Turin,5,5
Lyon,Ottawa,5,5
Saint Petersburg,Zurich,5,5
Saint Petersburg,Taipei,5,5
Philadelphia,Rome,5,5
Edinburgh,Hamburg,5,5
Munich,Saint Petersburg,5,5
Minneapolis,Pittsburgh,5,5
Chennai,Tianjin,5,5
Hangzhou,Saint Petersburg,5,5
Buenos Aires,Chennai,5,5
Tianjin,Vienna,5,5
Auckland,Vienna,5,5
Delft,Helsinki,5,5
Calgary,Hangzhou,5,5
Salt Lake City,Wuhan,5,5
Oslo,Santiago,5,5
Edinburgh,Tel Aviv,5,5
Lyon,Redmond,5,5
Atlanta,Kuala Lumpur,5,5
Eindhoven,Redmond,5,5
Riyadh,Zurich,5,5
Riyadh,Shenzhen,5,5
Heidelberg,Pittsburgh,5,5
Milan,Riyadh,5,5
Miami,Rio de Janeiro,5,5
Melbourne,Riyadh,5,5
Kyoto,Redmond,5,5
Cairo,Rome,5,5
Saint Petersburg,Tel Aviv,5,5
Saint Petersburg,San Jose,5,5
Miami,Saint Petersburg,5,5
Kuala Lumpur,Wuhan,5,5
Auckland,Lyon,5,5
Kuala Lumpur,Stockholm,5,5
Kuala Lumpur,Moscow,5,5
Gothenburg,Vienna,5,5
Santiago,Washington,5,5
Redmond,Stuttgart,5,5
Miami,Stuttgart,5,5
Miami,Santiago,5,5
Kuala Lumpur,Pune,5,5
Kuala Lumpur,Miami,5,5
Brisbane,Oxford,5,5
Buenos Aires,Oslo,5,5
Cape Town,Melbourne,5,5
Nairobi,Wuhan,5,5
Guangzhou,Kuala Lumpur,5,5
Boulder,Philadelphia,5,5
Cologne,Warsaw,5,5
Daejeon,Hong Kong,5,5
Hefei,Moscow,5,5
Hefei,Zurich,5,5
Hong Kong,Nairobi,5,5
Minneapolis,Stockholm,5,5
Budapest,Ho Chi Minh City,5,5
Budapest,Manchester,5,5
Lima,Miami,5,5
Delhi,Perth,5,5
Buenos Aires,Perth,5,5
Boulder,Buenos Aires,5,5
Daejeon,Toronto,5,5
Canberra,Toronto,5,5
Ho Chi Minh City,Nairobi,5,5
Lagos,Rio de Janeiro,5,5
Nairobi,Pune,5,5
Dalian,Suzhou,5,5
Brussels,Dubai,5,5
Brussels,Miami,5,5
Dalian,Hong Kong,5,5
Chicago,Osaka,5,5
Athens,Kolkata,5,5
Atlanta,Hanoi,5,5
Cologne,Moscow,5,5
Cologne,Hong Kong,5,5
Canberra,Paris,5,5
Chennai,Kuala Lumpur,5,5
Brussels,Oslo,5,5
Nairobi,San Jose,5,5
Oxford,Redmond,5,5
Barcelona,Saint Petersburg,5,5
Minneapolis,Redmond,5,5
Mexico City,San Jose,5,5
Boulder,Istanbul,5,5
Mexico City,Munich,5,5
Kuala Lumpur,Nanjing,5,5
Frankfurt,Palo Alto,5,5
Brussels,Lyon,5,5
Dublin,Nairobi,5,5
Delhi,Ottawa,5,5
Chengdu,Salt Lake City,5,5
Chengdu,Nairobi,5,5
Chengdu,Minneapolis,5,5
Canberra,Zurich,5,5
Canberra,Vancouver,5,5
Budapest,Kuala Lumpur,5,5
Budapest,Warsaw,5,5
Budapest,Wuhan,5,5
Chennai,Cologne,5,5
Chennai,Dalian,5,5
Dalian,Xi'an,5,5
Philadelphia,Rotterdam,5,5
London,Nagoya,5,5
Montreal,Saint Petersburg,5,5
Johannesburg,Zurich,5,5
Madrid,Riyadh,5,5
Moscow,Salt Lake City,5,5
Ann Arbor,Salt Lake City,5,5
Sydney,Tsukuba,5,5
Redmond,Suzhou,5,5
Montreal,Riyadh,5,5
Cairo,Rio de Janeiro,5,5
Hefei,San Jose,5,5
Ann Arbor,Minneapolis,5,5
Hsinchu,Sydney,5,5
Dublin,Lima,5,5
Ankara,Houston,5,5
Chicago,Riyadh,5,5
Cairo,Raleigh,5,5
Hong Kong,Riyadh,5,5
Hefei,Mountain View,5,5
Geneva,Madrid,5,5
Ann Arbor,Dublin,5,5
Chicago,Hefei,5,5
Mountain View,Riyadh,5,5
Abu Dhabi,Edinburgh,5,5
Frankfurt,San Diego,5,5
Houston,Minneapolis,5,5
Manila,New York,5,5
Miami,Salt Lake City,4,4
Hsinchu,Pune,4,4
Phoenix,Sunnyvale,4,4
Brisbane,Nanjing,4,4
Palo Alto,Phoenix,4,4
Johannesburg,Taipei,4,4
Bengaluru,Manila,4,4
Ankara,Johannesburg,4,4
Bangkok,Miami,4,4
Frankfurt,Lyon,4,4
Buenos Aires,Mountain View,4,4
Dubai,Rome,4,4
Guangzhou,Lima,4,4
Lyon,Sunnyvale,4,4
Ankara,Calgary,4,4
Ho Chi Minh City,Houston,4,4
Bristol,Hamburg,4,4
Ankara,Geneva,4,4
Rio de Janeiro,Waterloo,4,4
Nagoya,Toronto,4,4
Ankara,Brisbane,4,4
Boston,Jakarta,4,4
Auckland,Lisbon,4,4
Ankara,Salt Lake City,4,4
Boulder,Denver,4,4
Rotterdam,Washington,4,4
Boulder,Lagos,4,4
Auckland,Helsinki,4,4
Brussels,Manchester,4,4
Ankara,Wuhan,4,4
Ankara,Sao Paulo,4,4
Ankara,Hanoi,4,4
Ankara,Buenos Aires,4,4
Riyadh,Taipei,4,4
Boulder,Manchester,4,4
Hamburg,Jakarta,4,4
Auckland,Osaka,4,4
Abu Dhabi,Lisbon,4,4
Lausanne,Miami,4,4
Jakarta,Palo Alto,4,4
Jakarta,Sao Paulo,4,4
Ann Arbor,Rome,4,4
Ankara,Bucharest,4,4
Philadelphia,Phoenix,4,4
Johannesburg,Nairobi,4,4
Dallas,Lausanne,4,4
Nagoya,Singapore,4,4
Manila,Seattle,4,4
Moscow,Phoenix,4,4
Manila,Tokyo,4,4
Athens,Taipei,4,4
Hamburg,Mexico City,4,4
Edinburgh,New Delhi,4,4
Barcelona,Mexico City,4,4
Auckland,Edinburgh,4,4
Detroit,Taipei,4,4
Brisbane,Chengdu,4,4
Hefei,Montreal,4,4
Detroit,Hyderabad,4,4
Canberra,Melbourne,4,4
Guangzhou,Nairobi,4,4
Denver,Hanoi,4,4
Canberra,Montreal,4,4
Abu Dhabi,Oxford,4,4
Boston,Detroit,4,4
Dalian,Warsaw,4,4
Dalian,Vienna,4,4
Bristol,New Delhi,4,4
New Delhi,Suzhou,4,4
Stockholm,Stuttgart,4,4
Delft,Moscow,4,4
Bucharest,Raleigh,4,4
Dalian,Hefei,4,4
Daejeon,Zurich,4,4
Chennai,Xi'an,4,4
Gothenburg,Guangzhou,4,4
Edinburgh,Raleigh,4,4
Dallas,Kuala Lumpur,4,4
Beijing,Manila,4,4
Hefei,Vienna,4,4
Buenos Aires,Rome,4,4
Brisbane,Chennai,4,4
Ann Arbor,Copenhagen,4,4
Beijing,Canberra,4,4
Bengaluru,Canberra,4,4
Dublin,Hsinchu,4,4
Rotterdam,Tel Aviv,4,4
Cairo,Dubai,4,4
Cairo,Nairobi,4,4
Budapest,Buenos Aires,4,4
Ankara,Denver,4,4
Bangkok,Ho Chi Minh City,4,4
Cairo,Palo Alto,4,4
Brisbane,Kolkata,4,4
Suzhou,Warsaw,4,4
Budapest,Frankfurt,4,4
Ottawa,Rome,4,4
Nairobi,Suzhou,4,4
Cambridge,Daejeon,4,4
Cape Town,Edinburgh,4,4
Cape Town,Oxford,4,4
Chennai,Oxford,4,4
Cairo,Wuhan,4,4
Cupertino,Houston,4,4
Kuala Lumpur,Vienna,4,4
Brisbane,Raleigh,4,4
Calgary,Oxford,4,4
Redmond,Toulouse,4,4
Athens,Eindhoven,4,4
Berlin,Nagoya,4,4
Auckland,Boulder,4,4
Rotterdam,Sydney,4,4
Edinburgh,Lausanne,4,4
Copenhagen,Eindhoven,4,4
Copenhagen,Dublin,4,4
Lausanne,Nanjing,4,4
Copenhagen,Delft,4,4
Lausanne,Wuhan,4,4
Milan,Oxford,4,4
Chicago,Krakow,4,4
Guangzhou,Osaka,4,4
Ho Chi Minh City,Riyadh,4,4
Miami,Suzhou,4,4
Detroit,Paris,4,4
Tianjin,Vancouver,4,4
Chengdu,Delft,4,4
Boston,Grenoble,4,4
Istanbul,Moscow,4,4
Budapest,Toulouse,4,4
Cairo,Delhi,4,4
Manchester,Suzhou,4,4
Cairo,Lyon,4,4
Istanbul,Tel Aviv,4,4
Chennai,Jakarta,4,4
Ankara,Auckland,4,4
Lyon,Suzhou,4,4
Budapest,Pittsburgh,4,4
Kolkata,Nairobi,4,4
Paris,Saint Petersburg,4,4
Auckland,Moscow,4,4
Edinburgh,Redmond,4,4
Dubai,Edinburgh,4,4
Redmond,Waterloo,4,4
Milan,Tel Aviv,4,4
Cambridge,Eindhoven,4,4
Heidelberg,Moscow,4,4
Abu Dhabi,Delft,4,4
Delft,Hamburg,4,4
Abu Dhabi,Boulder,4,4
Abu Dhabi,Athens,4,4
Abu Dhabi,Chennai,4,4
Athens,Cairo,4,4
Abu Dhabi,Ann Arbor,4,4
Denver,Tianjin,4,4
Helsinki,Waterloo,4,4
Brussels,Cairo,4,4
Jakarta,Wuhan,4,4
Jakarta,Stockholm,4,4
Eindhoven,Vienna,4,4
Eindhoven,Melbourne,4,4
Suzhou,Tel Aviv,4,4
Philadelphia,Suzhou,4,4
Cairo,Copenhagen,4,4
Bucharest,Dubai,4,4
Detroit,Los Angeles,4,4
Hanoi,Rio de Janeiro,4,4
Houston,Wuhan,4,4
Atlanta,Johannesburg,4,4
Denver,Toulouse,4,4
Hyderabad,Rotterdam,4,4
Helsinki,Wuhan,4,4
Brussels,Delft,4,4
Jerusalem,Paris,4,4
Oslo,Salt Lake City,4,4
Prague,Salt Lake City,4,4
Copenhagen,Dallas,4,4
Ankara,Mountain View,4,4
Buenos Aires,Hanoi,4,4
Boston,Riyadh,4,4
Moscow,Waterloo,4,4
Bucharest,Washington,4,4
Houston,Johannesburg,4,4
Mountain View,Rotterdam,4,4
Ankara,Redmond,4,4
Bucharest,Mumbai,4,4
Kolkata,Ottawa,4,4
Buenos Aires,Milan,4,4
Ankara,Riyadh,4,4
Nairobi,Portland,4,4
Bucharest,Minneapolis,4,4
Nairobi,San Diego,4,4
Chennai,Santiago,4,4
New Delhi,Rotterdam,4,4
Milan,Phoenix,4,4
Bucharest,Buenos Aires,4,4
Delhi,Oslo,4,4
Brussels,Redmond,4,4
Ann Arbor,Warsaw,4,4
Cologne,Wuhan,4,4
Athens,Phoenix,4,4
Auckland,Lagos,4,4
Athens,Heidelberg,4,4
Buenos Aires,Lima,4,4
Moscow,Rotterdam,4,4
Krakow,Seattle,4,4
Copenhagen,Nairobi,4,4
Bristol,Lausanne,4,4
Jerusalem,Singapore,4,4
Lima,Wuhan,4,4
Lima,Washington,4,4
Jerusalem,Toronto,4,4
Bristol,Delhi,4,4
Calgary,Zurich,4,4
Los Angeles,Mexico City,4,4
Hanoi,Milan,4,4
Cape Town,Lisbon,4,4
Eindhoven,Madrid,4,4
Auckland,Cupertino,4,4
Hanoi,Sao Paulo,4,4
Cairo,Portland,4,4
Lagos,Raleigh,4,4
Lagos,Redmond,4,4
Jakarta,Milan,4,4
Lagos,Taipei,4,4
Hanoi,Lisbon,4,4
Edmonton,Hyderabad,4,4
Lagos,Tel Aviv,4,4
Ankara,Dublin,4,4
Dalian,Hamburg,4,4
Hamburg,Xi'an,4,4
Melbourne,Rotterdam,4,4
Buenos Aires,Wuhan,4,4
Delft,Philadelphia,4,4
Hyderabad,Lima,4,4
Edmonton,Lisbon,4,4
Auckland,Copenhagen,4,4
Cairo,Hanoi,4,4
Cairo,Istanbul,4,4
Auckland,Miami,4,4
Cape Town,Sao Paulo,4,4
Cape Town,Salt Lake City,4,4
Denver,Gothenburg,4,4
Denver,Lima,4,4
Auckland,San Diego,4,4
Brisbane,Toulouse,4,4
Gothenburg,Hong Kong,4,4
Gothenburg,Lisbon,4,4
Brisbane,Tel Aviv,4,4
Auckland,Stuttgart,4,4
Gothenburg,Pune,4,4
Cambridge,Turin,4,4
Brussels,Pittsburgh,4,4
Brussels,Lagos,4,4
Copenhagen,Miami,4,4
Copenhagen,Santiago,4,4
Delhi,Kuala Lumpur,4,4
Bristol,Lagos,4,4
Kuala Lumpur,New Delhi,4,4
Boston,Turin,4,4
Kuala Lumpur,San Diego,4,4
Edinburgh,Prague,4,4
Atlanta,Turin,4,4
Atlanta,Rotterdam,4,4
Dallas,Moscow,4,4
Dallas,Oxford,4,4
New Delhi,Stuttgart,4,4
Denver,Salt Lake City,4,4
Bucharest,Istanbul,4,4
Chicago,Johannesburg,4,4
Cape Town,Philadelphia,4,4
Abu Dhabi,New Delhi,4,4
Cologne,Delhi,4,4
Cologne,New Delhi,4,4
Ann Arbor,Brussels,4,4
Tel Aviv,Toulouse,4,4
Athens,Delft,4,4
Bangkok,Hsinchu,4,4
Guangzhou,Heidelberg,4,4
Hsinchu,Prague,4,4
Delft,Oxford,4,4
Hsinchu,San Diego,4,4
Delft,Washington,4,4
Denver,Kuala Lumpur,4,4
Krakow,Palo Alto,4,4
Austin,Osaka,4,4
Kuala Lumpur,Waterloo,4,4
Gothenburg,Hangzhou,4,4
Gothenburg,Prague,4,4
Athens,Hanoi,4,4
Nagoya,Osaka,4,4
Athens,Rio de Janeiro,4,4
Athens,Suzhou,4,4
Barcelona,Gothenburg,4,4
Beijing,Haifa,4,4
Atlanta,Gothenburg,4,4
Hong Kong,Lima,4,4
Cologne,Ottawa,4,4
Oslo,Ottawa,4,4
Dubai,Lagos,4,4
Dublin,Hanoi,4,4
Dallas,Riyadh,4,4
Kyoto,Milan,4,4
Kuala Lumpur,Rio de Janeiro,4,4
Kyoto,Riyadh,4,4
Edmonton,Suzhou,4,4
Kyoto,Washington,4,4
Kyoto,Zurich,4,4
Kolkata,Stuttgart,4,4
Miami,Riyadh,4,4
San Diego,Tianjin,4,4
Redmond,Riyadh,4,4
Rio de Janeiro,Vienna,4,4
Budapest,Jakarta,4,4
Cairo,Houston,4,4
Abu Dhabi,Cupertino,4,4
Heidelberg,Hong Kong,4,4
Riyadh,Rome,4,4
Frankfurt,Houston,4,4
Nanjing,Salt Lake City,4,4
Bangkok,Jakarta,4,4
Denver,Rotterdam,4,4
Ann Arbor,Ottawa,4,4
Hangzhou,Rotterdam,4,4
Saint Petersburg,Sydney,4,4
Rotterdam,Toulouse,4,4
Dubai,Edmonton,4,4
Saint Petersburg,Shenzhen,4,4
Lima,Perth,4,4
Saint Petersburg,Sao Paulo,4,4
Lima,Prague,4,4
Lima,Pune,4,4
Santiago,Stuttgart,4,4
Boulder,Tel Aviv,4,4
Boulder,Wuhan,4,4
Chengdu,Kuala Lumpur,4,4
Bucharest,Lyon,4,4
Oslo,Wuhan,4,4
Perth,Rio de Janeiro,4,4
Atlanta,Bristol,4,4
Gothenburg,Washington,4,4
Cologne,Washington,4,4
Ann Arbor,Philadelphia,4,4
Cupertino,Lisbon,4,4
Ann Arbor,Milan,4,4
Brussels,Bucharest,4,4
Manila,San Francisco,4,4
Athens,Tel Aviv,4,4
Cupertino,Helsinki,4,4
Tel Aviv,Xi'an,4,4
Cupertino,New Delhi,4,4
Denver,Ottawa,4,4
Stuttgart,Tel Aviv,4,4
Kuala Lumpur,San Jose,4,4
Minneapolis,Ottawa,4,4
Minneapolis,Raleigh,4,4
Kuala Lumpur,Tel Aviv,4,4
Bristol,Denver,4,4
Heidelberg,Los Angeles,4,4
Berlin,Haifa,4,4
Cambridge,Nairobi,4,4
Hamburg,Rio de Janeiro,4,4
Dublin,Mexico City,4,4
Lisbon,Suzhou,4,4
Pittsburgh,Rio de Janeiro,4,4
Ankara,Perth,4,4
Minneapolis,Moscow,4,4
Cape Town,Hyderabad,4,4
Frankfurt,Wuhan,4,4
Mexico City,Montreal,4,4
Bangkok,Dallas,4,4
Geneva,Warsaw,4,4
Houston,Jakarta,4,4
Houston,Waterloo,4,4
Hsinchu,Wuhan,4,4
Jakarta,Lisbon,4,4
Athens,Miami,4,4
Mexico City,Vancouver,4,4
Dallas,Wuhan,4,4
Mexico City,Washington,4,4
Heidelberg,Madrid,4,4
Cologne,Dallas,4,4
Minneapolis,Philadelphia,4,4
Bucharest,Miami,4,4
Hyderabad,Osaka,4,4
Tianjin,Toronto,4,4
Bucharest,Dallas,4,4
Brussels,Ho Chi Minh City,4,4
Cambridge,Rio de Janeiro,4,4
Busan,Melbourne,4,4
Kolkata,Xi'an,4,4
Istanbul,Oxford,4,4
Dalian,Paris,4,4
Dallas,Nairobi,4,4
Cologne,Nanjing,4,4
Edmonton,Lausanne,4,4
Rome,Stuttgart,4,4
Barcelona,Turin,4,4
Budapest,Turin,4,4
Munich,Osaka,4,4
Los Angeles,Turin,4,4
Johannesburg,Melbourne,4,4
Seoul,Turin,4,4
Bangkok,Tel Aviv,4,4
Budapest,Nairobi,4,4
Canberra,Seoul,4,4
Boston,Daejeon,4,4
Canberra,Sydney,4,4
Canberra,Tokyo,4,4
Bangkok,Redmond,4,4
Barcelona,Dalian,4,4
Cape Town,Chengdu,4,4
Lima,Madrid,4,4
Cape Town,Nanjing,4,4
Cape Town,Prague,4,4
Chengdu,Frankfurt,4,4
Mountain View,Osaka,4,4
Cupertino,Prague,4,4
Hefei,Istanbul,4,4
Brussels,Oxford,4,4
Nairobi,Philadelphia,4,4
Copenhagen,Oxford,4,4
Copenhagen,Xi'an,4,4
Munich,Tianjin,4,4
Miami,Phoenix,4,4
Cupertino,San Diego,4,4
Hyderabad,Tianjin,4,4
Moscow,Turin,4,4
Munich,Turin,4,4
Rotterdam,Salt Lake City,4,4
San Diego,Turin,4,4
Pune,Turin,4,4
Portland,Rotterdam,4,4
Mexico City,Portland,4,4
Geneva,Pune,4,4
Milan,Turin,4,4
Los Angeles,Saint Petersburg,4,4
Cologne,Mumbai,4,4
Milan,Minneapolis,4,4
Dubai,Milan,4,4
Houston,Turin,4,4
Philadelphia,Saint Petersburg,4,4
Edmonton,Milan,4,4
Edmonton,Perth,4,4
Saint Petersburg,Vienna,4,4
Saint Petersburg,Warsaw,4,4
Cairo,Perth,4,4
Ann Arbor,Atlanta,4,4
Brisbane,Santiago,4,4
Bucharest,Frankfurt,4,4
Pune,Tianjin,4,4
Rome,Salt Lake City,4,4
Auckland,Xi'an,4,4
Geneva,Istanbul,4,4
Cupertino,Oxford,4,4
Cologne,Houston,4,4
Ankara,Oslo,4,4
Nairobi,Vienna,4,4
Gothenburg,Sydney,4,4
Gothenburg,Warsaw,4,4
Ho Chi Minh City,Oxford,4,4
Philadelphia,Redmond,4,4
Ho Chi Minh City,Warsaw,4,4
Helsinki,Santiago,4,4
Geneva,New Delhi,4,4
Grenoble,Hangzhou,4,4
Ann Arbor,Rotterdam,4,4
Boulder,Ottawa,4,4
Oxford,Xi'an,4,4
Perth,Raleigh,4,4
Geneva,Hyderabad,4,4
Bucharest,Xi'an,4,4
Ann Arbor,Edinburgh,4,4
Ann Arbor,Phoenix,4,4
Bucharest,Cairo,4,4
Bristol,Vienna,4,4
Calgary,Houston,4,4
Bristol,Palo Alto,4,4
Delft,Houston,4,4
Auckland,Minneapolis,4,4
Bangkok,Oxford,4,4
Berlin,Manila,4,4
Rio de Janeiro,Warsaw,4,4
Athens,Cupertino,4,4
Cologne,Miami,4,4
Chennai,Philadelphia,4,4
Ho Chi Minh City,Oslo,4,4
Frankfurt,Rome,4,4
Frankfurt,Sao Paulo,4,4
Hefei,Melbourne,4,4
Buenos Aires,Frankfurt,4,4
Calgary,Palo Alto,4,4
Geneva,Prague,4,4
Hefei,Pune,4,4
Frankfurt,Warsaw,4,4
Geneva,Hsinchu,4,4
Geneva,Houston,4,4
Calgary,Mumbai,4,4
Dubai,Toulouse,4,4
Dubai,Suzhou,4,4
Geneva,Lyon,4,4
Abu Dhabi,Chengdu,4,4
Calgary,Kolkata,4,4
Calgary,Istanbul,4,4
Copenhagen,Oslo,4,4
Calgary,Delhi,4,4
Berlin,Busan,4,4
Ann Arbor,Prague,4,4
Lausanne,Sao Paulo,4,4
Cologne,San Jose,4,4
Budapest,Redmond,4,4
Ankara,Dallas,4,4
Delft,Lagos,4,4
Buenos Aires,Stuttgart,4,4
Cape Town,Copenhagen,4,4
Dubai,Istanbul,4,4
Copenhagen,Waterloo,4,4
Johannesburg,Mountain View,4,4
Bangkok,Frankfurt,4,4
Buenos Aires,Moscow,4,4
Cologne,Palo Alto,4,4
Delhi,Edinburgh,4,4
Perth,Suzhou,4,4
Copenhagen,Istanbul,4,4
Copenhagen,Heidelberg,4,4
Rotterdam,Stockholm,4,4
Chennai,Cupertino,4,4
Rotterdam,Vienna,4,4
Ankara,Lyon,4,4
Cupertino,Denver,4,4
Brussels,Buenos Aires,4,4
Phoenix,Raleigh,4,4
Chennai,Heidelberg,4,4
Phoenix,Rome,4,4
Palo Alto,Santiago,4,4
Auckland,Houston,4,4
Kyoto,Paris,4,4
Houston,Suzhou,4,4
Hsinchu,Lyon,4,4
Bangkok,Cape Town,4,4
Calgary,Guangzhou,4,4
Buenos Aires,Copenhagen,4,4
Cologne,Perth,4,4
Hong Kong,Tsukuba,4,4
Busan,London,4,4
Cologne,Hsinchu,4,4
Santiago,Sao Paulo,4,4
Eindhoven,Mountain View,4,4
Delft,Prague,4,4
Hanoi,Tel Aviv,4,4
Boulder,Lausanne,4,4
Eindhoven,Geneva,4,4
Amsterdam,Jerusalem,4,4
Perth,Warsaw,4,4
Cologne,Istanbul,4,4
Hamburg,Salt Lake City,4,4
Hangzhou,Riyadh,4,4
Cologne,Ho Chi Minh City,4,4
Ho Chi Minh City,Philadelphia,4,4
Kyoto,Wuhan,4,4
Mountain View,Rio de Janeiro,4,4
Detroit,San Jose,4,4
Atlanta,Geneva,4,4
Cape Town,Dallas,4,4
Edmonton,Manchester,4,4
Athens,Dallas,4,4
Hsinchu,Melbourne,4,4
Bangkok,Copenhagen,4,4
Hsinchu,Moscow,4,4
Atlanta,Osaka,4,4
Lausanne,Vienna,4,4
Helsinki,Perth,4,4
Mexico City,Zurich,4,4
Hanoi,Madrid,4,4
Geneva,Kyoto,4,4
Barcelona,Tianjin,4,4
Dubai,Lyon,4,4
Canberra,Guangzhou,4,4
Helsinki,Lagos,4,4
Chengdu,Kyoto,4,4
Ann Arbor,Suzhou,4,4
Busan,Seattle,4,4
Ann Arbor,Toulouse,4,4
Boston,Hsinchu,4,4
Ankara,Oxford,4,4
Busan,Singapore,4,4
Rio de Janeiro,Sunnyvale,4,4
Chengdu,Jakarta,4,4
Osaka,Sydney,4,4
New York,Tsukuba,4,4
Geneva,Mountain View,4,4
Delhi,Toulouse,4,4
Riyadh,Stockholm,4,4
Dalian,Madrid,4,4
Dalian,Vancouver,4,4
Dallas,Waterloo,4,4
Kyoto,Munich,4,4
Shanghai,Tsukuba,4,4
Hamburg,Hsinchu,4,4
Helsinki,Phoenix,4,4
Geneva,Toulouse,4,4
Delft,Suzhou,4,4
Geneva,Stockholm,4,4
Krakow,Singapore,4,4
Dublin,Geneva,4,4
Dallas,Geneva,4,4
Istanbul,Ottawa,4,4
Lima,Xi'an,4,4
Lima,Suzhou,4,4
Rio de Janeiro,Suzhou,4,4
Auckland,Raleigh,4,4
Chicago,Hsinchu,4,4
Abu Dhabi,Wuhan,4,4
Oslo,Phoenix,4,4
Auckland,Bangkok,4,4
Kyoto,Montreal,4,4
Edmonton,Sunnyvale,4,4
Ankara,Dubai,4,4
Philadelphia,Stuttgart,4,4
Lima,Moscow,4,4
Cologne,Taipei,4,4
Calgary,Dublin,4,4
Frankfurt,Raleigh,4,4
Barcelona,Kyoto,4,4
Barcelona,Riyadh,4,4
Rio de Janeiro,Stuttgart,4,4
Dallas,Eindhoven,4,4
Portland,Santiago,4,4
Lima,New Delhi,4,4
Kolkata,Manchester,4,4
Istanbul,Philadelphia,4,4
Miami,Xi'an,4,4
Brisbane,Salt Lake City,4,4
Calgary,Shenzhen,4,4
Ottawa,Rio de Janeiro,4,4
Hyderabad,Salt Lake City,4,4
Manchester,Tel Aviv,4,4
Delhi,Rio de Janeiro,4,4
Abu Dhabi,Taipei,4,4
Austin,Kyoto,4,4
Athens,Brisbane,4,4
Denver,Kolkata,3,3
Houston,Toulouse,3,3
Mexico City,Sao Paulo,3,3
Toulouse,Waterloo,3,3
Nairobi,Palo Alto,3,3
Minneapolis,Salt Lake City,3,3
Mexico City,Salt Lake City,3,3
Pittsburgh,Santiago,3,3
Geneva,Xi'an,3,3
Edinburgh,Suzhou,3,3
Rio de Janeiro,Santiago,3,3
Hanoi,Kolkata,3,3
Brussels,Gothenburg,3,3
Helsinki,Osaka,3,3
Bristol,Stuttgart,3,3
Cairo,Ottawa,3,3
Ho Chi Minh City,Phoenix,3,3
Mexico City,Palo Alto,3,3
Frankfurt,Phoenix,3,3
Lima,Oxford,3,3
Boulder,Nanjing,3,3
Phoenix,Xi'an,3,3
Mexico City,Vienna,3,3
Athens,Kuala Lumpur,3,3
Delhi,Salt Lake City,3,3
Jakarta,Waterloo,3,3
Cairo,Jakarta,3,3
Jakarta,Toulouse,3,3
Frankfurt,Hamburg,3,3
Buenos Aires,Lagos,3,3
Dallas,Hanoi,3,3
Ottawa,Toulouse,3,3
Mexico City,Shanghai,3,3
Hong Kong,Rotterdam,3,3
Hanoi,Lausanne,3,3
Manchester,Nanjing,3,3
Bangkok,Brisbane,3,3
Lagos,Lima,3,3
Palo Alto,Toulouse,3,3
Mexico City,Wuhan,3,3
Lima,Lyon,3,3
Redmond,Rome,3,3
Copenhagen,Gothenburg,3,3
Hanoi,Lagos,3,3
Auckland,Budapest,3,3
Oxford,Waterloo,3,3
Frankfurt,Lagos,3,3
Athens,Minneapolis,3,3
Busan,Vienna,3,3
Frankfurt,Hanoi,3,3
Calgary,Delft,3,3
Edmonton,Palo Alto,3,3
Busan,Tokyo,3,3
Ankara,Budapest,3,3
Lausanne,Stuttgart,3,3
Osaka,Warsaw,3,3
Calgary,Helsinki,3,3
Osaka,Washington,3,3
Athens,Salt Lake City,3,3
Frankfurt,Xi'an,3,3
Osaka,Zurich,3,3
Philadelphia,Rio de Janeiro,3,3
Bangkok,Geneva,3,3
Brisbane,Bristol,3,3
Edmonton,Nairobi,3,3
Delft,Redmond,3,3
Bangkok,Ottawa,3,3
Helsinki,Redmond,3,3
Cambridge,Hsinchu,3,3
Grenoble,Hong Kong,3,3
Auckland,Dubai,3,3
Gothenburg,Oxford,3,3
Calgary,Lima,3,3
Brussels,Wuhan,3,3
Cologne,San Diego,3,3
Delft,Toulouse,3,3
Cupertino,Perth,3,3
Amsterdam,Saint Petersburg,3,3
Cologne,Pittsburgh,3,3
Bristol,Miami,3,3
Kuala Lumpur,Sunnyvale,3,3
Bucharest,Tel Aviv,3,3
Bristol,Redmond,3,3
Gothenburg,Perth,3,3
Manchester,Rotterdam,3,3
Johannesburg,Washington,3,3
Hangzhou,Johannesburg,3,3
Nairobi,Washington,3,3
Lausanne,Oslo,3,3
Bucharest,Philadelphia,3,3
Osaka,Prague,3,3
Pune,Riyadh,3,3
Lagos,Wuhan,3,3
Gothenburg,Waterloo,3,3
Gothenburg,Xi'an,3,3
Busan,Taipei,3,3
Milan,Rotterdam,3,3
Delft,Lyon,3,3
Istanbul,Mexico City,3,3
Lausanne,Redmond,3,3
Hsinchu,Vienna,3,3
Boulder,Oxford,3,3
Budapest,Dalian,3,3
Atlanta,Hefei,3,3
Budapest,Cologne,3,3
Abu Dhabi,Pittsburgh,3,3
Boston,Dalian,3,3
Hsinchu,Tel Aviv,3,3
Buenos Aires,Cape Town,3,3
Brisbane,Ho Chi Minh City,3,3
Buenos Aires,Geneva,3,3
Hsinchu,Portland,3,3
Buenos Aires,Houston,3,3
Bengaluru,Daejeon,3,3
Bucharest,Lausanne,3,3
Canberra,Vienna,3,3
Abu Dhabi,Prague,3,3
Ann Arbor,Xi'an,3,3
Lima,Sunnyvale,3,3
Amsterdam,Dalian,3,3
Bangkok,Perth,3,3
Lyon,Phoenix,3,3
Geneva,Redmond,3,3
Austin,Daejeon,3,3
Chengdu,Mexico City,3,3
Boulder,Helsinki,3,3
Dubai,Hanoi,3,3
Chengdu,Cologne,3,3
Lausanne,Perth,3,3
Cologne,Suzhou,3,3
Abu Dhabi,Copenhagen,3,3
Detroit,Singapore,3,3
Edinburgh,Rome,3,3
Dalian,Stockholm,3,3
Austin,Dalian,3,3
Chicago,Edmonton,3,3
Calgary,San Jose,3,3
Ankara,Copenhagen,3,3
Melbourne,Toulouse,3,3
Bangkok,Turin,3,3
Berlin,Dalian,3,3
Ankara,Stuttgart,3,3
Ankara,Frankfurt,3,3
Buenos Aires,Edmonton,3,3
Jakarta,Lyon,3,3
Toronto,Tsukuba,3,3
Canberra,Philadelphia,3,3
Chennai,Hefei,3,3
Hamburg,Turin,3,3
Detroit,Mumbai,3,3
Mountain View,Tianjin,3,3
New Delhi,Turin,3,3
Chengdu,Rome,3,3
Heidelberg,Lisbon,3,3
Chicago,Geneva,3,3
Houston,Riyadh,3,3
Delft,Lausanne,3,3
Beijing,Busan,3,3
Dubai,Salt Lake City,3,3
Brisbane,Delhi,3,3
Daejeon,San Diego,3,3
Philadelphia,Tianjin,3,3
Istanbul,Sunnyvale,3,3
Jakarta,Rome,3,3
Stuttgart,Suzhou,3,3
Jakarta,Moscow,3,3
Lausanne,Milan,3,3
Palo Alto,Rio de Janeiro,3,3
Hangzhou,Mexico City,3,3
Daejeon,Palo Alto,3,3
Ankara,Jakarta,3,3
Ankara,Ottawa,3,3
Auckland,Milan,3,3
Ho Chi Minh City,Lausanne,3,3
Brussels,Lausanne,3,3
Boulder,Milan,3,3
Oslo,Raleigh,3,3
Bangkok,Istanbul,3,3
Pittsburgh,Tsukuba,3,3
Abu Dhabi,Brussels,3,3
Boulder,Riyadh,3,3
Bangkok,Saint Petersburg,3,3
Busan,Hong Kong,3,3
Hyderabad,Mexico City,3,3
Nagoya,Taipei,3,3
Cupertino,Geneva,3,3
Cupertino,Hefei,3,3
Brisbane,Ottawa,3,3
Cupertino,Istanbul,3,3
Cupertino,Madrid,3,3
Bangkok,Stuttgart,3,3
Montreal,Osaka,3,3
Auckland,Lausanne,3,3
Kyoto,Xi'an,3,3
Lyon,Salt Lake City,3,3
Calgary,Lyon,3,3
Auckland,Toulouse,3,3
Ann Arbor,Oxford,3,3
Nagoya,Seattle,3,3
Ho Chi Minh City,Toulouse,3,3
Saint Petersburg,San Diego,3,3
Cologne,Philadelphia,3,3
Cologne,Redmond,3,3
Prague,Tianjin,3,3
Daejeon,Los Angeles,3,3
Prague,Saint Petersburg,3,3
Edmonton,Madrid,3,3
Portland,Tianjin,3,3
Barcelona,Osaka,3,3
Lausanne,Xi'an,3,3
Chennai,Eindhoven,3,3
Athens,Lausanne,3,3
Johannesburg,Tel Aviv,3,3
Edinburgh,Oslo,3,3
Delft,Edinburgh,3,3
Cologne,Sao Paulo,3,3
Boulder,Cape Town,3,3
Cologne,Raleigh,3,3
Athens,San Diego,3,3
Edmonton,Gothenburg,3,3
Ann Arbor,Bristol,3,3
Cologne,Dubai,3,3
Dallas,Toulouse,3,3
Auckland,Cape Town,3,3
Gothenburg,Miami,3,3
Bengaluru,Haifa,3,3
Lyon,Xi'an,3,3
Calgary,Vienna,3,3
Auckland,Tel Aviv,3,3
Brisbane,Lima,3,3
Brisbane,Rio de Janeiro,3,3
Heidelberg,Nanjing,3,3
Dallas,Edinburgh,3,3
Cupertino,Suzhou,3,3
Lima,Palo Alto,3,3
Budapest,Lima,3,3
Budapest,Oslo,3,3
Auckland,Delhi,3,3
Cologne,Tel Aviv,3,3
Athens,Helsinki,3,3
Bangkok,Salt Lake City,3,3
Krakow,Montreal,3,3
Nanjing,Phoenix,3,3
Athens,Waterloo,3,3
Cupertino,Stockholm,3,3
Hsinchu,Palo Alto,3,3
Budapest,Eindhoven,3,3
Oxford,Toulouse,3,3
Gothenburg,Pittsburgh,3,3
Daejeon,Seattle,3,3
Gothenburg,Philadelphia,3,3
Gothenburg,Mountain View,3,3
Gothenburg,Milan,3,3
Krakow,Mountain View,3,3
Detroit,Jakarta,3,3
Eindhoven,Pune,3,3
Edmonton,Sao Paulo,3,3
Cupertino,Rome,3,3
Krakow,San Diego,3,3
Manchester,Oxford,3,3
Gothenburg,Lyon,3,3
Helsinki,Toulouse,3,3
Oslo,Rome,3,3
Cairo,Nanjing,3,3
Guangzhou,Rio de Janeiro,3,3
Ankara,Sunnyvale,3,3
Dallas,Gothenburg,3,3
Lisbon,Santiago,3,3
Auckland,Brisbane,3,3
Buenos Aires,Rio de Janeiro,3,3
Bristol,Sao Paulo,3,3
Oslo,Rio de Janeiro,3,3
Haifa,Prague,3,3
Delhi,Santiago,3,3
Boulder,Kuala Lumpur,3,3
Calgary,Edmonton,3,3
Haifa,Seoul,3,3
Manila,Moscow,3,3
Perth,Redmond,3,3
Bristol,Edmonton,3,3
Bristol,Dublin,3,3
San Jose,Tianjin,3,3
Copenhagen,Kuala Lumpur,3,3
Kuala Lumpur,Redmond,3,3
Kuala Lumpur,Stuttgart,3,3
Prague,Toulouse,3,3
Phoenix,Redmond,3,3
Lima,Oslo,3,3
Cambridge,Mexico City,3,3
Melbourne,Osaka,3,3
Manila,Munich,3,3
Hanoi,Stuttgart,3,3
Ankara,Pittsburgh,3,3
Chengdu,Lima,3,3
Chennai,Edinburgh,3,3
Brisbane,Buenos Aires,3,3
Cairo,Oslo,3,3
Brussels,Ottawa,3,3
Cape Town,Xi'an,3,3
Cupertino,Rio de Janeiro,3,3
Chengdu,Haifa,3,3
Salt Lake City,Stockholm,3,3
Dubai,Kuala Lumpur,3,3
Cape Town,Rotterdam,3,3
Buenos Aires,Oxford,3,3
Johannesburg,Oslo,3,3
Buenos Aires,Edinburgh,3,3
Edinburgh,Hefei,3,3
Gothenburg,Helsinki,3,3
Cape Town,Moscow,3,3
Brussels,Edmonton,3,3
Johannesburg,Lyon,3,3
Cape Town,Heidelberg,3,3
Gothenburg,Portland,3,3
Cape Town,Guangzhou,3,3
Gothenburg,San Diego,3,3
Brussels,Stuttgart,3,3
Gothenburg,Stuttgart,3,3
Cambridge,Gothenburg,3,3
Brussels,Salt Lake City,3,3
Istanbul,Stuttgart,3,3
Prague,Rotterdam,3,3
Osaka,Taipei,3,3
Ottawa,Redmond,3,3
Athens,Oxford,3,3
Busan,Hangzhou,3,3
Budapest,Lausanne,3,3
Copenhagen,Grenoble,3,3
Geneva,Vienna,3,3
Pittsburgh,Rotterdam,3,3
Dallas,Grenoble,3,3
Grenoble,Melbourne,3,3
Kyoto,Oxford,3,3
Geneva,Mumbai,3,3
Bucharest,San Jose,3,3
Cairo,Miami,3,3
Chennai,Delft,3,3
Milan,Salt Lake City,3,3
Dallas,Kyoto,3,3
Lagos,Salt Lake City,3,3
Palo Alto,Tianjin,3,3
Delft,Milan,3,3
Hefei,San Diego,3,3
Delft,Oslo,3,3
Busan,Delhi,3,3
Barcelona,Busan,3,3
Johannesburg,San Jose,3,3
Grenoble,Zurich,3,3
Edinburgh,Gothenburg,3,3
Edinburgh,Kolkata,3,3
Johannesburg,Shanghai,3,3
Busan,Los Angeles,3,3
Houston,Rotterdam,3,3
Delhi,Geneva,3,3
Hefei,Waterloo,3,3
Busan,Pune,3,3
Tianjin,Zurich,3,3
Raleigh,Salt Lake City,3,3
Busan,Paris,3,3
Busan,Munich,3,3
Calgary,Lisbon,3,3
Kolkata,Rio de Janeiro,3,3
Eindhoven,Hyderabad,3,3
Helsinki,Rio de Janeiro,3,3
Bucharest,Sydney,3,3
Delhi,Turin,3,3
Melbourne,Turin,3,3
Dublin,Kuala Lumpur,3,3
Geneva,Kuala Lumpur,3,3
Ann Arbor,Miami,3,3
Geneva,Stuttgart,3,3
Busan,Miami,3,3
Hong Kong,Turin,3,3
San Jose,Turin,3,3
Kuala Lumpur,Taipei,3,3
Salt Lake City,Turin,3,3
Rotterdam,Warsaw,3,3
Rotterdam,San Jose,3,3
Eindhoven,Sunnyvale,3,3
Grenoble,Seoul,3,3
Cupertino,Kolkata,3,3
Brisbane,Sunnyvale,3,3
Abu Dhabi,Portland,3,3
Athens,Delhi,3,3
Haifa,Paris,3,3
Haifa,Munich,3,3
Oxford,Rome,3,3
Manila,Sydney,3,3
Boulder,Heidelberg,3,3
Bristol,Cape Town,3,3
Bristol,Philadelphia,3,3
Canberra,Cape Town,3,3
Heidelberg,Houston,3,3
Ann Arbor,Tianjin,3,3
Abu Dhabi,Santiago,3,3
Amsterdam,Haifa,3,3
Abu Dhabi,Cologne,3,3
Guangzhou,Salt Lake City,3,3
Minneapolis,Xi'an,3,3
Abu Dhabi,Stockholm,3,3
Bucharest,Hyderabad,3,3
Guangzhou,Toulouse,3,3
Minneapolis,Oxford,3,3
Guangzhou,Turin,3,3
Ann Arbor,Hefei,3,3
Istanbul,Riyadh,3,3
Brisbane,Turin,3,3
Lagos,Oslo,3,3
Frankfurt,Jakarta,3,3
Abu Dhabi,Xi'an,3,3
Calgary,Suzhou,3,3
Grenoble,Mumbai,3,3
Dublin,Tianjin,3,3
Oslo,Xi'an,3,3
Pittsburgh,Saint Petersburg,3,3
Canberra,Copenhagen,3,3
Bucharest,Rome,3,3
Bengaluru,Busan,3,3
Canberra,Sao Paulo,3,3
Grenoble,Taipei,3,3
Heidelberg,Vienna,3,3
Phoenix,Stuttgart,3,3
Haifa,Seattle,3,3
Edmonton,Pittsburgh,3,3
Saint Petersburg,Vancouver,3,3
Cupertino,Eindhoven,3,3
Cupertino,Redmond,3,3
Chennai,Lima,3,3
Chennai,Osaka,3,3
Brisbane,Cairo,3,3
Nanjing,Tsukuba,3,3
Amsterdam,Canberra,3,3
Moscow,Tianjin,3,3
Bristol,Helsinki,3,3
Dublin,Riyadh,3,3
Athens,Johannesburg,3,3
Edmonton,Lima,3,3
Auckland,Phoenix,3,3
Helsinki,Suzhou,3,3
Helsinki,Philadelphia,3,3
Copenhagen,Johannesburg,3,3
Copenhagen,Riyadh,3,3
Frankfurt,Manchester,3,3
Hyderabad,Riyadh,3,3
Cape Town,Rome,3,3
Johannesburg,Riyadh,3,3
Jakarta,Rio de Janeiro,3,3
Lagos,Ottawa,3,3
Geneva,Oslo,3,3
Ann Arbor,Boulder,3,3
Ann Arbor,Dubai,3,3
Oxford,Santiago,3,3
Portland,Riyadh,3,3
Hamburg,Kyoto,3,3
Bucharest,Lima,3,3
Palo Alto,Rotterdam,3,3
Ann Arbor,Hamburg,3,3
Chengdu,Lausanne,3,3
Chengdu,Heidelberg,3,3
Ann Arbor,Bucharest,3,3
Ann Arbor,Taipei,3,3
Dublin,Johannesburg,3,3
Denver,Lausanne,3,3
Brussels,Phoenix,3,3
Edinburgh,Lagos,3,3
Calgary,Raleigh,3,3
Bucharest,Wuhan,3,3
Calgary,San Diego,3,3
Buenos Aires,Cairo,3,3
Athens,Nairobi,3,3
Kyoto,Portland,3,3
Edmonton,Waterloo,3,3
Ankara,Tel Aviv,3,3
Lagos,Rotterdam,3,3
Kyoto,Lagos,3,3
Ho Chi Minh City,Lyon,3,3
Bangkok,Buenos Aires,3,3
Bangkok,Hanoi,3,3
Hanoi,Raleigh,3,3
Calgary,Washington,3,3
Hamburg,Hanoi,3,3
Calgary,Tel Aviv,3,3
Rome,Santiago,3,3
Buenos Aires,Manchester,3,3
Buenos Aires,Redmond,3,3
Cairo,Manchester,3,3
Helsinki,Lausanne,3,3
Hsinchu,Suzhou,3,3
Calgary,Warsaw,3,3
Bengaluru,Osaka,3,3
Hsinchu,Kyoto,3,3
Hanoi,Pittsburgh,3,3
Rotterdam,San Diego,3,3
Calgary,Ottawa,3,3
Calgary,Redmond,3,3
Geneva,Hamburg,3,3
Heidelberg,Oxford,3,3
Amsterdam,Riyadh,3,3
Cologne,Lisbon,3,3
Lagos,Sunnyvale,3,3
Lagos,Nanjing,3,3
Dublin,Phoenix,3,3
Lausanne,Warsaw,3,3
Minneapolis,Phoenix,3,3
Nairobi,Waterloo,3,3
Houston,Manchester,3,3
Cologne,Geneva,3,3
Nagoya,Paris,3,3
Cologne,Dublin,3,3
Nagoya,San Francisco,3,3
Canberra,Shenzhen,3,3
Johannesburg,Lagos,3,3
Nagoya,Vancouver,3,3
Daejeon,Dublin,3,3
Ho Chi Minh City,Johannesburg,3,3
Chengdu,Geneva,3,3
Cambridge,Riyadh,3,3
Boulder,Frankfurt,3,3
Dublin,Rotterdam,3,3
Bristol,Dallas,3,3
Lausanne,Oxford,3,3
Johannesburg,Stockholm,3,3
Calgary,Edinburgh,3,3
Calgary,Denver,3,3
Ankara,Waterloo,3,3
Ankara,Rio de Janeiro,3,3
Lagos,Phoenix,3,3
Ankara,Brussels,3,3
Lagos,Minneapolis,3,3
Minneapolis,Prague,3,3
Auckland,Perth,3,3
Ann Arbor,Lausanne,3,3
Ann Arbor,Lyon,3,3
Calgary,Heidelberg,3,3
Bucharest,Ottawa,3,3
Denver,Kyoto,3,3
Frankfurt,Tel Aviv,3,3
Dallas,Jakarta,3,3
Ankara,Minneapolis,3,3
Tel Aviv,Waterloo,3,3
Ankara,Lima,3,3
Ankara,Kuala Lumpur,3,3
Frankfurt,Oxford,3,3
Brussels,Waterloo,3,3
Calgary,Chennai,3,3
Budapest,Rotterdam,3,3
Athens,Nanjing,3,3
Hamburg,Phoenix,3,3
Hong Kong,Nagoya,3,3
Abu Dhabi,Perth,3,3
Edinburgh,Istanbul,3,3
Chicago,Dalian,3,3
Lisbon,Turin,3,3
Brussels,Helsinki,3,3
Dalian,Los Angeles,3,3
Dalian,Ottawa,3,3
Kuala Lumpur,Lisbon,3,3
Eindhoven,Hamburg,3,3
Taipei,Tsukuba,3,3
Frankfurt,Kyoto,3,3
Cairo,Kuala Lumpur,3,3
Ho Chi Minh City,Tianjin,3,3
Calgary,Prague,3,3
Cairo,Toulouse,3,3
Heidelberg,Redmond,3,3
Chennai,Toulouse,3,3
Heidelberg,Rotterdam,3,3
Eindhoven,Lisbon,3,3
Kolkata,Lima,3,3
Riyadh,Xi'an,3,3
Heidelberg,Taipei,3,3
Dallas,Perth,3,3
Montreal,Tianjin,3,3
Hsinchu,Stockholm,3,3
Delft,Stuttgart,3,3
Nairobi,Prague,3,3
Hanoi,Lyon,3,3
Mexico City,Mumbai,3,3
Brisbane,Nairobi,3,3
Hsinchu,Washington,3,3
Delhi,Johannesburg,3,3
Johannesburg,Vienna,3,3
Hsinchu,Riyadh,3,3
Paris,Tianjin,3,3
Delhi,Nanjing,3,3
Delhi,Wuhan,3,3
Geneva,Raleigh,3,3
Chicago,Detroit,3,3
Hamburg,Jerusalem,3,3
Heidelberg,Istanbul,3,3
Ann Arbor,Ho Chi Minh City,3,3
Frankfurt,Turin,3,3
Hefei,Sao Paulo,3,3
Chennai,Turin,3,3
Ann Arbor,Delhi,3,3
Heidelberg,Lagos,3,3
Nagoya,San Jose,3,3
Nagoya,Seoul,3,3
Abu Dhabi,Toulouse,3,3
Dallas,Nanjing,3,3
Mexico City,Redmond,3,3
Haifa,Vancouver,3,3
Frankfurt,Lisbon,3,3
Prague,Riyadh,3,3
Athens,Toulouse,3,3
Delft,Sunnyvale,3,3
Ankara,Ann Arbor,3,3
Abu Dhabi,Cairo,3,3
Atlanta,Tianjin,3,3
Ankara,Cairo,3,3
Ankara,Chennai,3,3
Krakow,San Jose,3,3
Detroit,Madrid,3,3
Detroit,Houston,3,3
Athens,Milan,3,3
Detroit,Hamburg,3,3
Ho Chi Minh City,Lima,3,3
Geneva,Montreal,3,3
Frankfurt,Hsinchu,3,3
Delhi,Manchester,3,3
Frankfurt,Geneva,3,3
Atlanta,Hsinchu,3,3
Lagos,Lyon,3,3
Lagos,Philadelphia,3,3
Auckland,Oslo,3,3
Bristol,Prague,3,3
Chennai,Salt Lake City,3,3
Bangkok,Rome,3,3
Jakarta,Nanjing,3,3
Lyon,Nairobi,3,3
Jerusalem,Seattle,3,3
Detroit,Hong Kong,3,3
Nairobi,Raleigh,3,3
Nairobi,Sao Paulo,3,3
Lisbon,Minneapolis,3,3
Ankara,Edmonton,3,3
Jerusalem,Sydney,3,3
Lagos,Suzhou,3,3
Bucharest,Delhi,3,3
Jerusalem,Tokyo,3,3
Chicago,Jerusalem,3,3
Hefei,Pittsburgh,3,3
Moscow,Osaka,3,3
Austin,Riyadh,3,3
Chennai,Rotterdam,3,3
Salt Lake City,Taipei,3,3
Chengdu,Rotterdam,3,3
Hanoi,Palo Alto,3,3
Calgary,Miami,3,3
Jakarta,Warsaw,3,3
Bristol,Sunnyvale,3,3
Istanbul,Rotterdam,3,3
Eindhoven,Xi'an,3,3
Eindhoven,Raleigh,3,3
Eindhoven,Frankfurt,3,3
Delhi,Heidelberg,3,3
Barcelona,Hsinchu,3,3
Budapest,Grenoble,3,3
Berlin,Krakow,3,3
Heidelberg,Ho Chi Minh City,3,3
Detroit,Portland,3,3
Barcelona,Krakow,3,3
Helsinki,Turin,3,3
Dalian,Tianjin,3,3
Delhi,Nairobi,3,3
Grenoble,Stockholm,3,3
Calgary,Nanjing,3,3
Amsterdam,Krakow,3,3
Manchester,Xi'an,3,3
Grenoble,Lyon,3,3
Grenoble,Madrid,3,3
Jerusalem,London,3,3
Copenhagen,Hanoi,3,3
Geneva,Turin,3,3
Grenoble,Pune,3,3
Lisbon,Oxford,3,3
Chennai,Hanoi,3,3
Detroit,Seoul,3,3
Guangzhou,Jakarta,3,3
Cambridge,Geneva,3,3
Grenoble,Oslo,3,3
Geneva,Helsinki,3,3
Eindhoven,Sao Paulo,3,3
Dubai,Ottawa,3,3
Nairobi,Warsaw,3,3
Canberra,Dublin,3,3
Barcelona,Rotterdam,3,3
Johannesburg,Shenzhen,3,3
Beijing,Jerusalem,3,3
Dalian,Toronto,3,3
Detroit,Sydney,3,3
Edmonton,Raleigh,3,3
Milan,Santiago,3,3
Brisbane,Johannesburg,3,3
Krakow,Shanghai,3,3
Hanoi,Sunnyvale,3,3
Denver,Eindhoven,3,3
Brisbane,Minneapolis,3,3
Munich,Tsukuba,3,3
Austin,Jerusalem,3,3
Minneapolis,Perth,3,3
Hefei,Rome,3,3
Ho Chi Minh City,Manchester,3,3
Athens,Wuhan,3,3
Minneapolis,Rio de Janeiro,3,3
Daejeon,Sydney,3,3
Ho Chi Minh City,Milan,3,3
Cupertino,Oslo,3,3
Hanoi,Houston,3,3
Eindhoven,New Delhi,3,3
Delft,Nanjing,3,3
London,Manila,3,3
Krakow,Seoul,3,3
Austin,Detroit,3,3
Nairobi,Rome,3,3
Nairobi,Ottawa,3,3
Gothenburg,Taipei,3,3
Dalian,Montreal,3,3
Kuala Lumpur,Mountain View,3,3
Abu Dhabi,Washington,3,3
Miami,Nairobi,3,3
Kuala Lumpur,Ottawa,3,3
Eindhoven,Kyoto,3,3
Dublin,Edinburgh,3,3
Canberra,Chicago,3,3
Nairobi,Oxford,3,3
Ankara,Eindhoven,3,3
Cupertino,Hyderabad,3,3
Beijing,Tsukuba,3,3
Athens,Mexico City,3,3
Canberra,Munich,3,3
Cupertino,Edinburgh,3,3
Dalian,Seoul,3,3
Manchester,Salt Lake City,3,3
Athens,Santiago,3,3
Mexico City,Tel Aviv,3,3
Moscow,Nairobi,3,3
Athens,Bangkok,3,3
Detroit,Melbourne,3,3
Krakow,Madrid,3,3
Boston,Tsukuba,3,3
Guangzhou,Tsukuba,3,3
Krakow,Munich,3,3
Dalian,Seattle,3,3
Brisbane,Frankfurt,3,3
Seoul,Tsukuba,3,3
Athens,Ho Chi Minh City,3,3
Osaka,Suzhou,3,3
Buenos Aires,Kolkata,3,3
Boston,Jerusalem,3,3
Hefei,Hyderabad,3,3
Boulder,Cologne,3,3
Detroit,Munich,3,3
Abu Dhabi,Frankfurt,3,3
Auckland,Buenos Aires,3,3
Singapore,Tsukuba,3,3
Daejeon,Guangzhou,3,3
Bogota,Shanghai,3,3
Daejeon,Montreal,3,3
Hsinchu,San Jose,3,3
Lima,Manchester,3,3
Hsinchu,Philadelphia,3,3
Boulder,Brisbane,3,3
Oxford,Salt Lake City,3,3
Ann Arbor,Athens,3,3
Pittsburgh,Tianjin,3,3
Daejeon,Hangzhou,3,3
Johannesburg,Rio de Janeiro,3,3
Budapest,Xi'an,3,3
Canberra,Los Angeles,3,3
Abu Dhabi,Tel Aviv,3,3
Daejeon,Moscow,3,3
Los Angeles,Manila,3,3
Cairo,Phoenix,3,3
Detroit,Palo Alto,3,3
Detroit,Toronto,3,3
Denver,Hefei,3,3
Buenos Aires,Cologne,3,3
Hefei,Oxford,3,3
Brisbane,Lausanne,3,3
Dallas,Turin,3,3
Hsinchu,Warsaw,3,3
Boston,Canberra,3,3
Manila,Toronto,3,3
Delft,Kuala Lumpur,3,3
Shenzhen,Tsukuba,3,3
Abu Dhabi,Philadelphia,3,3
Kyoto,San Jose,3,3
Manila,Seoul,3,3
Boulder,Salt Lake City,3,3
Guangzhou,Minneapolis,2,2
Brussels,Cape Town,2,2
Istanbul,Osaka,2,2
Bristol,Manchester,2,2
Lima,Milan,2,2
Bristol,Brussels,2,2
Kolkata,Salt Lake City,2,2
Canberra,Pittsburgh,2,2
Toulouse,Xi'an,2,2
Lima,Raleigh,2,2
Haifa,Sunnyvale,2,2
Perth,Rome,2,2
Kyoto,Minneapolis,2,2
Bucharest,Redmond,2,2
Ann Arbor,Heidelberg,2,2
Berlin,Kyoto,2,2
Nanjing,Toulouse,2,2
Cape Town,Osaka,2,2
Hanoi,Riyadh,2,2
Detroit,Guangzhou,2,2
Lima,Pittsburgh,2,2
Abu Dhabi,Manchester,2,2
Buenos Aires,Calgary,2,2
Detroit,Dublin,2,2
Lima,Toulouse,2,2
Turin,Washington,2,2
Beijing,Detroit,2,2
Riyadh,Warsaw,2,2
Bristol,Heidelberg,2,2
Detroit,Minneapolis,2,2
Budapest,Edinburgh,2,2
Lisbon,Rotterdam,2,2
Gothenburg,Tel Aviv,2,2
Budapest,Cape Town,2,2
Bristol,Gothenburg,2,2
Copenhagen,Jakarta,2,2
Bristol,Rome,2,2
Phoenix,Wuhan,2,2
Copenhagen,Edmonton,2,2
Kyoto,Philadelphia,2,2
Geneva,Guangzhou,2,2
Cologne,Salt Lake City,2,2
Detroit,Washington,2,2
Cupertino,Hanoi,2,2
Bangkok,Lagos,2,2
Bengaluru,Kyoto,2,2
Bristol,Pittsburgh,2,2
Ankara,Xi'an,2,2
Grenoble,Prague,2,2
Lima,Salt Lake City,2,2
Boulder,Redmond,2,2
Calgary,Manchester,2,2
Grenoble,Salt Lake City,2,2
Mexico City,Rotterdam,2,2
Lisbon,Mexico City,2,2
Dallas,Santiago,2,2
Delhi,Riyadh,2,2
Barcelona,Detroit,2,2
Auckland,Calgary,2,2
Bogota,Madrid,2,2
Manchester,Wuhan,2,2
Beijing,Bogota,2,2
Detroit,Vancouver,2,2
Santiago,Waterloo,2,2
Nairobi,Tianjin,2,2
Bristol,Delft,2,2
Lagos,Manchester,2,2
Athens,Lagos,2,2
Edmonton,Minneapolis,2,2
Palo Alto,Riyadh,2,2
Copenhagen,Lima,2,2
Lausanne,Rome,2,2
Edinburgh,Ottawa,2,2
Bristol,Washington,2,2
New Delhi,Osaka,2,2
Delft,Rome,2,2
Delhi,Eindhoven,2,2
Buenos Aires,Gothenburg,2,2
Osaka,Portland,2,2
Auckland,Cairo,2,2
Cupertino,Delft,2,2
Delft,Delhi,2,2
Helsinki,Ho Chi Minh City,2,2
Jakarta,Tel Aviv,2,2
Hefei,Ho Chi Minh City,2,2
Dalian,Istanbul,2,2
Dubai,Turin,2,2
Dalian,Pittsburgh,2,2
Lausanne,Ottawa,2,2
Chennai,Hsinchu,2,2
Ann Arbor,Waterloo,2,2
Kyoto,Nairobi,2,2
New Delhi,Riyadh,2,2
Dalian,Denver,2,2
Nairobi,Perth,2,2
Edinburgh,Santiago,2,2
Abu Dhabi,Brisbane,2,2
Lagos,Stuttgart,2,2
Abu Dhabi,Oslo,2,2
Houston,Mexico City,2,2
Grenoble,San Jose,2,2
Delhi,Gothenburg,2,2
Ann Arbor,Daejeon,2,2
Mountain View,Nairobi,2,2
Brisbane,Daejeon,2,2
Daejeon,Pittsburgh,2,2
Riyadh,Sunnyvale,2,2
Detroit,Stockholm,2,2
Edinburgh,Kuala Lumpur,2,2
Daejeon,Kolkata,2,2
Brisbane,Edmonton,2,2
Daejeon,Madrid,2,2
Daejeon,Oslo,2,2
Daejeon,Paris,2,2
Budapest,Edmonton,2,2
Grenoble,Miami,2,2
Eindhoven,Oslo,2,2
Mumbai,Osaka,2,2
Calgary,Lausanne,2,2
Johannesburg,Lisbon,2,2
Bogota,New York,2,2
Edmonton,San Diego,2,2
Tsukuba,Zurich,2,2
Gothenburg,Hamburg,2,2
Calgary,Oslo,2,2
Paris,Tsukuba,2,2
Bristol,Kolkata,2,2
Hamburg,Johannesburg,2,2
Brisbane,Lagos,2,2
Osaka,Tianjin,2,2
Heidelberg,Rome,2,2
Canberra,Prague,2,2
Helsinki,Saint Petersburg,2,2
Delft,Saint Petersburg,2,2
Delft,Gothenburg,2,2
Phoenix,Waterloo,2,2
Stockholm,Tianjin,2,2
Canberra,Eindhoven,2,2
Bogota,Philadelphia,2,2
Canberra,Cupertino,2,2
Edmonton,Lyon,2,2
Bogota,Seoul,2,2
Abu Dhabi,Rome,2,2
Jakarta,Lausanne,2,2
Edinburgh,Hanoi,2,2
Canberra,Sunnyvale,2,2
Miami,Tianjin,2,2
Bangkok,Edinburgh,2,2
Ho Chi Minh City,Kyoto,2,2
Eindhoven,Lyon,2,2
Jakarta,Portland,2,2
Budapest,Santiago,2,2
Calgary,Philadelphia,2,2
Dubai,Rio de Janeiro,2,2
Lima,Mexico City,2,2
Calgary,Sao Paulo,2,2
Lima,Phoenix,2,2
Guangzhou,Johannesburg,2,2
Bucharest,Helsinki,2,2
Oslo,Tianjin,2,2
Oxford,Tianjin,2,2
Buenos Aires,Eindhoven,2,2
Kyoto,Oslo,2,2
Bucharest,Oslo,2,2
Heidelberg,Jakarta,2,2
Chennai,Kyoto,2,2
Jakarta,Kuala Lumpur,2,2
Ankara,Heidelberg,2,2
Tianjin,Washington,2,2
Ho Chi Minh City,Minneapolis,2,2
Berlin,Bogota,2,2
Calgary,Sunnyvale,2,2
Brisbane,Waterloo,2,2
Detroit,Philadelphia,2,2
Bristol,Dubai,2,2
Lagos,Milan,2,2
Cologne,Eindhoven,2,2
Hefei,Portland,2,2
Auckland,Canberra,2,2
Lagos,Turin,2,2
Buenos Aires,Riyadh,2,2
Detroit,Kuala Lumpur,2,2
Lagos,Xi'an,2,2
Amsterdam,Busan,2,2
Grenoble,Montreal,2,2
Ottawa,Tsukuba,2,2
Ottawa,Rotterdam,2,2
Ottawa,Salt Lake City,2,2
Athens,Cologne,2,2
Boulder,Eindhoven,2,2
Detroit,Phoenix,2,2
Ankara,Cologne,2,2
Austin,Krakow,2,2
Cape Town,Helsinki,2,2
Pittsburgh,Turin,2,2
Auckland,Cologne,2,2
Bangkok,Houston,2,2
Lausanne,Rio de Janeiro,2,2
Canberra,Cologne,2,2
Minneapolis,Tel Aviv,2,2
Heidelberg,Salt Lake City,2,2
Heidelberg,Sao Paulo,2,2
Canberra,Hong Kong,2,2
Hangzhou,Tsukuba,2,2
Canberra,Hangzhou,2,2
Budapest,Phoenix,2,2
Kuala Lumpur,Lagos,2,2
Detroit,Mountain View,2,2
Edmonton,Ho Chi Minh City,2,2
Canberra,Delft,2,2
Auckland,Delft,2,2
Milan,Tsukuba,2,2
Auckland,Kolkata,2,2
Boulder,Bucharest,2,2
Detroit,Tel Aviv,2,2
Dublin,Osaka,2,2
Houston,Phoenix,2,2
Osaka,Seoul,2,2
Cambridge,Canberra,2,2
Heidelberg,Warsaw,2,2
Eindhoven,Tel Aviv,2,2
Jerusalem,Seoul,2,2
Osaka,Rio de Janeiro,2,2
Heidelberg,Ottawa,2,2
Cape Town,Lausanne,2,2
Eindhoven,Johannesburg,2,2
Heidelberg,Rio de Janeiro,2,2
Eindhoven,Houston,2,2
Cairo,Waterloo,2,2
Raleigh,Turin,2,2
Cape Town,Tel Aviv,2,2
Heidelberg,Stuttgart,2,2
Atlanta,Saint Petersburg,2,2
Edinburgh,Minneapolis,2,2
Suzhou,Tsukuba,2,2
Boulder,Lima,2,2
Amsterdam,Detroit,2,2
Hanoi,Ottawa,2,2
Tsukuba,Wuhan,2,2
Grenoble,Turin,2,2
Miami,Turin,2,2
Dubai,Lima,2,2
Kolkata,Krakow,2,2
Hefei,Oslo,2,2
Heidelberg,Sunnyvale,2,2
Bucharest,Oxford,2,2
Lima,Mountain View,2,2
Kolkata,Kuala Lumpur,2,2
Bucharest,Perth,2,2
Delft,Miami,2,2
Geneva,Salt Lake City,2,2
Manchester,Toulouse,2,2
Haifa,Hyderabad,2,2
Krakow,Taipei,2,2
Atlanta,Detroit,2,2
Rotterdam,Xi'an,2,2
Heidelberg,Osaka,2,2
Salt Lake City,Xi'an,2,2
Brussels,Cologne,2,2
Buenos Aires,Phoenix,2,2
Ann Arbor,Eindhoven,2,2
Ann Arbor,Rio de Janeiro,2,2
Berlin,Daejeon,2,2
Hefei,Helsinki,2,2
Detroit,Edinburgh,2,2
Chennai,Minneapolis,2,2
Bogota,London,2,2
Cairo,Oxford,2,2
Lausanne,Manchester,2,2
Bengaluru,Jerusalem,2,2
Cambridge,Johannesburg,2,2
Ankara,Bristol,2,2
Houston,Saint Petersburg,2,2
Istanbul,Turin,2,2
Heidelberg,Philadelphia,2,2
Raleigh,Stuttgart,2,2
Saint Petersburg,Xi'an,2,2
Mexico City,New Delhi,2,2
Dallas,Heidelberg,2,2
Houston,Lima,2,2
Lima,Tel Aviv,2,2
Cape Town,Minneapolis,2,2
Denver,Heidelberg,2,2
Helsinki,Palo Alto,2,2
Denver,Mexico City,2,2
Dalian,Melbourne,2,2
Denver,Turin,2,2
Salt Lake City,Tel Aviv,2,2
Hong Kong,Mexico City,2,2
Ann Arbor,Lisbon,2,2
Cupertino,Tianjin,2,2
Busan,San Diego,2,2
Bogota,Wuhan,2,2
Lyon,Mexico City,2,2
Edmonton,Houston,2,2
Copenhagen,Hefei,2,2
Edmonton,Tel Aviv,2,2
Dallas,Krakow,2,2
Athens,Saint Petersburg,2,2
Calgary,Dubai,2,2
Helsinki,Jakarta,2,2
Brussels,Mexico City,2,2
Heidelberg,San Diego,2,2
Cupertino,Tel Aviv,2,2
Detroit,Shanghai,2,2
Cape Town,Delhi,2,2
Hefei,Raleigh,2,2
Detroit,Redmond,2,2
Cape Town,Lagos,2,2
Bucharest,Edmonton,2,2
Bristol,Hanoi,2,2
Cape Town,Pittsburgh,2,2
Cape Town,Cologne,2,2
Buenos Aires,Heidelberg,2,2
Detroit,Miami,2,2
Auckland,Geneva,2,2
Cape Town,Dubai,2,2
Hanoi,Tianjin,2,2
Abu Dhabi,Houston,2,2
Edmonton,Prague,2,2
Edmonton,Washington,2,2
Hsinchu,Lisbon,2,2
Auckland,Brussels,2,2
Helsinki,Sunnyvale,2,2
Bogota,Cambridge,2,2
Ann Arbor,Lima,2,2
Athens,Tianjin,2,2
Abu Dhabi,Dallas,2,2
Hanoi,Saint Petersburg,2,2
Heidelberg,Milan,2,2
Abu Dhabi,Cape Town,2,2
Ho Chi Minh City,Osaka,2,2
Busan,San Jose,2,2
Manchester,Ottawa,2,2
Boston,Krakow,2,2
Cape Town,Santiago,2,2
Calgary,Rome,2,2
Delft,Tel Aviv,2,2
Cape Town,Manchester,2,2
Bogota,Chicago,2,2
Brisbane,Cape Town,2,2
Frankfurt,Ottawa,2,2
Kuala Lumpur,Oslo,2,2
Cupertino,Dalian,2,2
Hsinchu,New Delhi,2,2
Frankfurt,Kuala Lumpur,2,2
Oxford,Stuttgart,2,2
Cambridge,Kuala Lumpur,2,2
Busan,Vancouver,2,2
Frankfurt,Portland,2,2
Busan,Helsinki,2,2
Busan,Frankfurt,2,2
Calgary,Wuhan,2,2
Heidelberg,Wuhan,2,2
Kuala Lumpur,Pittsburgh,2,2
Gothenburg,Lausanne,2,2
Rome,Rotterdam,2,2
Auckland,Ho Chi Minh City,2,2
Cupertino,Phoenix,2,2
Cupertino,Mumbai,2,2
Hsinchu,Nanjing,2,2
Boulder,Santiago,2,2
Cupertino,Dubai,2,2
Edmonton,Salt Lake City,2,2
Cupertino,Saint Petersburg,2,2
Mexico City,San Diego,2,2
Bangkok,Rio de Janeiro,2,2
Cologne,Copenhagen,2,2
Gothenburg,Lagos,2,2
Guangzhou,Krakow,2,2
Cape Town,Phoenix,2,2
Ho Chi Minh City,Suzhou,2,2
Athens,Krakow,2,2
Salt Lake City,Toulouse,2,2
Krakow,Raleigh,2,2
Heidelberg,Krakow,2,2
Ottawa,Phoenix,2,2
Cupertino,Salt Lake City,2,2
Boulder,Johannesburg,2,2
Athens,Riyadh,2,2
Lausanne,Raleigh,2,2
Krakow,Vienna,2,2
Lyon,Saint Petersburg,2,2
Dallas,Osaka,2,2
Mexico City,Raleigh,2,2
Kolkata,Riyadh,2,2
Daejeon,Nanjing,2,2
Detroit,Dubai,2,2
Houston,Nairobi,2,2
Copenhagen,Ottawa,2,2
Milan,Osaka,2,2
Madrid,Saint Petersburg,2,2
Athens,Sunnyvale,2,2
Grenoble,Lausanne,2,2
Kolkata,Oxford,2,2
Eindhoven,Ho Chi Minh City,2,2
Calgary,Hanoi,2,2
Calgary,Chengdu,2,2
Bucharest,Calgary,2,2
Nairobi,Toulouse,2,2
Lagos,Riyadh,2,2
Amsterdam,Nagoya,2,2
Grenoble,Washington,2,2
Daejeon,Ottawa,2,2
Frankfurt,Suzhou,2,2
Boulder,Nagoya,2,2
Boulder,Minneapolis,2,2
Boulder,Jakarta,2,2
Boston,Nagoya,2,2
Bengaluru,Nagoya,2,2
Chengdu,Saint Petersburg,2,2
Austin,Nagoya,2,2
New Delhi,Santiago,2,2
Mexico City,Shenzhen,2,2
Nagoya,Wuhan,2,2
Auckland,Nagoya,2,2
Auckland,Jakarta,2,2
Boulder,Saint Petersburg,2,2
Boulder,Chengdu,2,2
Grenoble,Shenzhen,2,2
Lagos,Toulouse,2,2
Grenoble,Toulouse,2,2
Denver,Nagoya,2,2
Eindhoven,Nanjing,2,2
Munich,Riyadh,2,2
Brussels,Kuala Lumpur,2,2
Ankara,Athens,2,2
Dallas,Mexico City,2,2
Chicago,Grenoble,2,2
Cape Town,Suzhou,2,2
Grenoble,Pittsburgh,2,2
Dallas,Johannesburg,2,2
Buenos Aires,Helsinki,2,2
Cairo,Turin,2,2
Abu Dhabi,San Diego,2,2
Buenos Aires,Toulouse,2,2
Detroit,Nanjing,2,2
Raleigh,Riyadh,2,2
Kyoto,Raleigh,2,2
Hsinchu,Raleigh,2,2
Auckland,Kuala Lumpur,2,2
Kuala Lumpur,Milan,2,2
Kuala Lumpur,Lyon,2,2
Grenoble,Hyderabad,2,2
Grenoble,Sao Paulo,2,2
Grenoble,Rome,2,2
Grenoble,Raleigh,2,2
Johannesburg,Raleigh,2,2
Grenoble,Nairobi,2,2
Grenoble,Lagos,2,2
Minneapolis,Riyadh,2,2
Auckland,Santiago,2,2
Kuala Lumpur,Toulouse,2,2
Delhi,Grenoble,2,2
Austin,Grenoble,2,2
Moscow,Riyadh,2,2
Atlanta,Grenoble,2,2
Toulouse,Wuhan,2,2
Lyon,Rio de Janeiro,2,2
Oxford,Suzhou,2,2
Dallas,Nagoya,2,2
Hamburg,Nagoya,2,2
Delft,Ottawa,2,2
Lima,Philadelphia,2,2
Buenos Aires,Suzhou,2,2
Buenos Aires,Xi'an,2,2
Delhi,Suzhou,2,2
Bucharest,Budapest,2,2
Delhi,Xi'an,2,2
Lima,Ottawa,2,2
Manila,Warsaw,2,2
Manila,Taipei,2,2
Budapest,Hanoi,2,2
Manila,Singapore,2,2
Manila,Shenzhen,2,2
Lima,Rio de Janeiro,2,2
Lima,Santiago,2,2
Dubai,Minneapolis,2,2
Manila,Mumbai,2,2
Abu Dhabi,Waterloo,2,2
Hsinchu,Rotterdam,2,2
Dalian,Zurich,2,2
Rio de Janeiro,Xi'an,2,2
Nagoya,Vienna,2,2
Dalian,Sunnyvale,2,2
Osaka,San Jose,2,2
Abu Dhabi,Budapest,2,2
Hefei,Kuala Lumpur,2,2
Osaka,Stuttgart,2,2
Dalian,Munich,2,2
Osaka,Vienna,2,2
Hefei,Mumbai,2,2
Buenos Aires,Santiago,2,2
Hefei,Kyoto,2,2
Munich,Nagoya,2,2
Guangzhou,Kyoto,2,2
Houston,Nagoya,2,2
Hanoi,Xi'an,2,2
Hanoi,Nanjing,2,2
Brussels,Lima,2,2
Dalian,Moscow,2,2
Hsinchu,Sao Paulo,2,2
Dubai,Gothenburg,2,2
Mumbai,Nagoya,2,2
Philadelphia,Tsukuba,2,2
Nagoya,Warsaw,2,2
Nagoya,Sydney,2,2
Nagoya,Sunnyvale,2,2
Nagoya,Pittsburgh,2,2
Nagoya,Palo Alto,2,2
Nagoya,New Delhi,2,2
Daejeon,Suzhou,2,2
Amsterdam,Manila,2,2
Daejeon,Singapore,2,2
Melbourne,Nagoya,2,2
Los Angeles,Nagoya,2,2
Mexico City,Taipei,2,2
Geneva,Palo Alto,2,2
Jakarta,Mountain View,2,2
Jakarta,Minneapolis,2,2
Brisbane,Osaka,2,2
Manila,Portland,2,2
Dublin,Manila,2,2
Cambridge,Tsukuba,2,2
Santiago,Suzhou,2,2
Barcelona,Manila,2,2
Hefei,Philadelphia,2,2
Perth,Xi'an,2,2
Oxford,Perth,2,2
Calgary,Cape Town,2,2
Bengaluru,Tsukuba,2,2
Eindhoven,Kolkata,2,2
Manila,Zurich,2,2
Chennai,Lausanne,2,2
Dubai,Saint Petersburg,2,2
Dalian,Hyderabad,2,2
Daejeon,Wuhan,2,2
Daejeon,Warsaw,2,2
Ann Arbor,Stuttgart,2,2
Mountain View,Tsukuba,2,2
Edinburgh,Helsinki,2,2
Frankfurt,Riyadh,2,2
Eindhoven,Hsinchu,2,2
Chicago,Daejeon,2,2
Daejeon,Taipei,2,2
Bristol,Cairo,2,2
Brussels,Frankfurt,2,2
Canberra,Palo Alto,2,2
Brussels,Nanjing,2,2
Canberra,Redmond,2,2
Brussels,Perth,2,2
Ankara,Daejeon,2,2
Boston,Saint Petersburg,2,2
Grenoble,San Diego,2,2
Brussels,Rotterdam,2,2
Brisbane,Grenoble,2,2
Lausanne,Suzhou,2,2
Rotterdam,Shenzhen,2,2
Phoenix,Tel Aviv,2,2
Haifa,Redmond,2,2
Abu Dhabi,Hanoi,2,2
Mumbai,Tianjin,2,2
Grenoble,Toronto,2,2
Busan,Cambridge,2,2
Cologne,Guangzhou,2,2
Busan,Guangzhou,2,2
Bangkok,Oslo,2,2
Grenoble,Sydney,2,2
Busan,Chicago,2,2
Bangkok,Rotterdam,2,2
Milan,Saint Petersburg,2,2
Chennai,Geneva,2,2
Brisbane,Rotterdam,2,2
Austin,Busan,2,2
Bristol,Mexico City,2,2
Geneva,Nanjing,2,2
Geneva,Tianjin,2,2
Chicago,Saint Petersburg,2,2
Abu Dhabi,Ho Chi Minh City,2,2
Brisbane,Manchester,2,2
Haifa,Portland,2,2
Perth,Tel Aviv,2,2
Heidelberg,Xi'an,2,2
Johannesburg,Kolkata,2,2
Johannesburg,Perth,2,2
Frankfurt,Salt Lake City,2,2
Frankfurt,Nairobi,2,2
Canberra,Washington,2,2
Boulder,Brussels,2,2
Canberra,Wuhan,2,2
Johannesburg,Manchester,2,2
Amsterdam,Daejeon,2,2
Istanbul,Kuala Lumpur,2,2
Istanbul,Phoenix,2,2
Calgary,Salt Lake City,2,2
Nagoya,Shanghai,2,2
Helsinki,Manchester,2,2
Cambridge,Nagoya,2,2
Istanbul,Johannesburg,2,2
Dubai,Nairobi,2,2
Johannesburg,Phoenix,2,2
Mexico City,Minneapolis,2,2
Dallas,Rotterdam,2,2
Minneapolis,Nairobi,2,2
Dubai,Johannesburg,2,2
Perth,Phoenix,2,2
Oslo,Rotterdam,2,2
Canberra,San Jose,2,2
Houston,Santiago,2,2
Brussels,Saint Petersburg,2,2
Frankfurt,Oslo,2,2
Copenhagen,Saint Petersburg,2,2
Johannesburg,Sao Paulo,2,2
Pune,Saint Petersburg,2,2
Mexico City,Philadelphia,2,2
Nanjing,Rotterdam,2,2
Manchester,Phoenix,2,2
Manchester,Perth,2,2
Lyon,Rotterdam,2,2
Lyon,Perth,2,2
Busan,Ho Chi Minh City,2,2
Busan,Hsinchu,2,2
Ann Arbor,Perth,2,2
Hsinchu,Rome,2,2
Jerusalem,Los Angeles,2,2
Hsinchu,Lagos,2,2
Canberra,Nairobi,2,2
Cologne,Rome,2,2
Krakow,Paris,2,2
Hsinchu,Sunnyvale,2,2
Ankara,Suzhou,2,2
Houston,Jerusalem,2,2
Jerusalem,Madrid,2,2
Los Angeles,Tsukuba,2,2
Hangzhou,Jerusalem,2,2
Ann Arbor,Delft,2,2
Geneva,Suzhou,2,2
Geneva,Lagos,2,2
Gothenburg,Kuala Lumpur,2,2
Dublin,Kyoto,2,2
Abu Dhabi,Salt Lake City,2,2
Abu Dhabi,Istanbul,2,2
Frankfurt,Grenoble,2,2
Kyoto,Moscow,2,2
Hong Kong,Manila,2,2
Ankara,Lausanne,2,2
Lagos,Perth,2,2
Kyoto,Suzhou,2,2
Kyoto,San Diego,2,2
Kyoto,Prague,2,2
Kyoto,Perth,2,2
Kyoto,Madrid,2,2
Chicago,Kyoto,2,2
Jerusalem,Zurich,2,2
Manila,Vancouver,2,2
Cairo,Mexico City,2,2
Jerusalem,San Jose,2,2
Jerusalem,San Diego,2,2
Edinburgh,Toulouse,2,2
Jerusalem,Portland,2,2
Denver,Jerusalem,2,2
Denver,Geneva,2,2
Cologne,Lagos,2,2
Busan,Toronto,2,2
Hanoi,Santiago,2,2
Hanoi,Miami,2,2
Hanoi,Hsinchu,2,2
Delhi,Hsinchu,2,2
Ann Arbor,Istanbul,2,2
Haifa,Sydney,2,2
Saint Petersburg,Wuhan,2,2
Busan,Tel Aviv,2,2
Cologne,Kyoto,2,2
Busan,Shenzhen,2,2
Busan,Santiago,2,2
Rome,Saint Petersburg,2,2
Portland,Saint Petersburg,2,2
Busan,Mountain View,2,2
Busan,Madrid,2,2
Ann Arbor,Manchester,2,2
Delft,Kolkata,2,2
Hsinchu,Kolkata,2,2
Hsinchu,Santiago,2,2
Hsinchu,Toulouse,2,2
Lyon,Turin,2,2
Riyadh,Toulouse,2,2
Gothenburg,Tsukuba,2,2
Eindhoven,Toulouse,2,2
Osaka,Tsukuba,2,2
Cape Town,Geneva,2,2
Cape Town,Eindhoven,2,2
Ankara,Miami,2,2
Haifa,Lyon,2,2
Ankara,Cape Town,2,2
Budapest,Salt Lake City,2,2
Cologne,Nairobi,2,2
Santiago,Toulouse,2,2
Haifa,Madrid,2,2
Kolkata,Santiago,2,2
Eindhoven,Ottawa,2,2
Lima,Stuttgart,2,2
Manila,Melbourne,2,2
Nairobi,Shenzhen,2,2
Cologne,Johannesburg,2,2
Cologne,Oslo,2,2
Delft,Istanbul,2,2
Cupertino,Minneapolis,2,2
Johannesburg,Milan,2,2
Johannesburg,Warsaw,2,2
Rio de Janeiro,Rome,2,2
Bucharest,Moscow,2,2
Copenhagen,Minneapolis,2,2
Brisbane,Eindhoven,2,2
Brisbane,Copenhagen,2,2
Santiago,Turin,2,2
Edinburgh,Haifa,2,2
Cologne,Xi'an,2,2
Hsinchu,Jakarta,2,2
Kolkata,Tianjin,2,2
Budapest,Jerusalem,2,2
Daejeon,Redmond,2,2
Edinburgh,Milan,2,2
Dublin,Krakow,2,2
Cologne,Minneapolis,2,2
Budapest,Delft,2,2
Osaka,Wuhan,2,2
Cologne,Cupertino,2,2
Raleigh,Rotterdam,2,2
Delft,Manchester,2,2
Atlanta,Bucharest,2,2
Delft,Raleigh,2,2
Delft,Waterloo,2,2
Cologne,Delft,2,2
Helsinki,Minneapolis,2,2
Copenhagen,Perth,2,2
Milan,Rio de Janeiro,2,2
Bristol,Ottawa,2,2
Stuttgart,Waterloo,2,2
Abu Dhabi,Ottawa,2,2
Hyderabad,Jerusalem,2,2
Geneva,Ottawa,2,2
Hamburg,Manila,2,2
Nairobi,New Delhi,2,2
Hanoi,Redmond,2,2
Cape Town,Redmond,2,2
Hanoi,Nairobi,2,2
Edmonton,Wuhan,2,2
Edmonton,Redmond,2,2
Edmonton,Lagos,2,2
Cairo,Edmonton,2,2
Berlin,Jerusalem,2,2
Eindhoven,Warsaw,2,2
Sao Paulo,Tianjin,2,2
Minneapolis,Nanjing,2,2
Eindhoven,Philadelphia,2,2
Ottawa,Turin,2,2
Helsinki,Xi'an,2,2
Stuttgart,Turin,2,2
Eindhoven,Perth,2,2
Taipei,Turin,2,2
Chennai,Mexico City,2,2
Barcelona,Jerusalem,2,2
Brisbane,Cologne,2,2
Brisbane,Delft,2,2
Krakow,Lisbon,2,2
Brussels,Sunnyvale,2,2
Rio de Janeiro,Wuhan,2,2
Gothenburg,Wuhan,2,2
Gothenburg,Istanbul,2,2
Cologne,Edinburgh,2,2
Gothenburg,Lima,2,2
Gothenburg,Oslo,2,2
Calgary,Nairobi,2,2
Calgary,Rio de Janeiro,2,2
Canberra,Ho Chi Minh City,2,2
Haifa,Shenzhen,2,2
Dubai,Hefei,2,2
Gothenburg,Stockholm,2,2
Auckland,Waterloo,2,2
Haifa,San Jose,2,2
Auckland,Frankfurt,2,2
Haifa,Hangzhou,2,2
Haifa,Stockholm,2,2
Haifa,Rio de Janeiro,2,2
Canberra,Lagos,2,2
Haifa,Pune,2,2
Haifa,Helsinki,2,2
Ankara,Edinburgh,2,2
Delhi,Rotterdam,2,2
Hsinchu,Pittsburgh,2,2
Haifa,Lisbon,2,2
Hsinchu,Hyderabad,2,2
Canberra,Rio de Janeiro,2,2
Calgary,Pittsburgh,2,2
Canberra,Waterloo,2,2
Haifa,Oslo,2,2
Gothenburg,Hanoi,2,2
Bangkok,Manchester,2,2
Eindhoven,Manchester,2,2
Riyadh,Vienna,2,2
Perth,Stuttgart,2,2
Edinburgh,Tianjin,2,2
Helsinki,Lima,2,2
Eindhoven,Waterloo,2,2
Kuala Lumpur,Oxford,2,2
Brussels,Rome,2,2
Osaka,Ottawa,2,2
Athens,Gothenburg,2,2
Calgary,Moscow,2,2
Athens,Lima,2,2
Calgary,Rotterdam,2,2
Athens,Stuttgart,2,2
Austin,Haifa,2,2
Calgary,Taipei,2,2
Calgary,Johannesburg,2,2
Cambridge,Jerusalem,2,2
Nanjing,Osaka,2,2
Hanoi,Helsinki,2,2
Copenhagen,Jerusalem,2,2
Brisbane,Suzhou,2,2
Budapest,Gothenburg,2,2
Budapest,Haifa,2,2
Cairo,Gothenburg,2,2
Krakow,Shenzhen,2,2
Cairo,Lima,2,2
Calgary,Ho Chi Minh City,2,2
Cairo,Suzhou,2,2
Krakow,Ottawa,2,2
Cupertino,Stuttgart,2,2
Brussels,Palo Alto,2,2
Bristol,Santiago,2,2
Cape Town,Kolkata,2,2
Hefei,Houston,2,2
Kuala Lumpur,Rome,2,2
Kyoto,Warsaw,2,2
Hefei,Lyon,2,2
Hefei,Madrid,2,2
Kyoto,Waterloo,2,2
Hefei,Prague,2,2
Hefei,Washington,2,2
Istanbul,Nairobi,2,2
Nairobi,Pittsburgh,2,2
Cape Town,Ho Chi Minh City,2,2
Cape Town,Jakarta,2,2
Jerusalem,Mountain View,2,2
Kolkata,Rotterdam,2,2
Jakarta,San Diego,2,2
Jerusalem,Moscow,2,2
Brisbane,Geneva,2,2
Cape Town,Waterloo,2,2
Cambridge,Jakarta,2,2
Chengdu,Toulouse,2,2
Hanoi,Minneapolis,2,2
Ho Chi Minh City,Ottawa,2,2
Istanbul,Jakarta,2,2
Hanoi,Lima,2,2
Istanbul,Toulouse,2,2
Jakarta,Ottawa,2,2
Jakarta,Perth,2,2
Budapest,Saint Petersburg,2,2
Kuala Lumpur,Minneapolis,2,2
Lima,Minneapolis,2,2
Dallas,Hefei,2,2
Cupertino,Lyon,2,2
Jakarta,Saint Petersburg,2,2
Kyoto,Mumbai,2,2
Jerusalem,Taipei,2,2
Jerusalem,Shanghai,2,2
Austin,Turin,2,2
Bangkok,Dalian,2,2
Kyoto,Pune,2,2
Jakarta,Philadelphia,2,2
Saint Petersburg,Stockholm,2,2
Jerusalem,Vancouver,2,2
Chengdu,Turin,2,2
Frankfurt,Stuttgart,2,2
Jerusalem,Redmond,2,2
Geneva,Philadelphia,2,2
Kuala Lumpur,Nairobi,2,2
Madrid,Turin,2,2
Denver,Saint Petersburg,2,2
Jerusalem,Pune,2,2
Palo Alto,Turin,2,2
Stockholm,Turin,2,2
Sunnyvale,Turin,2,2
Copenhagen,Osaka,2,2
Buenos Aires,Cupertino,2,2
Copenhagen,Frankfurt,2,2
Cape Town,Cupertino,2,2
Cape Town,Hefei,2,2
Cape Town,Lyon,2,2
Jerusalem,Melbourne,2,2
Bangkok,Phoenix,2,2
Bangkok,Osaka,2,2
Cairo,Sunnyvale,2,2
Budapest,Geneva,2,2
Cairo,Riyadh,2,2
Abu Dhabi,Bangkok,2,2
Kyoto,Rio de Janeiro,2,2
Ankara,Osaka,2,2
Atlanta,Krakow,2,2
Buenos Aires,Minneapolis,2,2
Cupertino,Ho Chi Minh City,2,2
Geneva,Rome,2,2
Copenhagen,Krakow,2,2
Cupertino,Waterloo,2,2
Bangkok,Kuala Lumpur,2,2
Gothenburg,Ho Chi Minh City,2,2
Bangkok,Cupertino,2,2
Gothenburg,Houston,2,2
Gothenburg,Raleigh,2,2
Gothenburg,Sunnyvale,2,2
Kyoto,Vienna,2,2
Ankara,Turin,2,2
Oxford,Sunnyvale,2,2
Chengdu,Krakow,2,2
Budapest,Manila,2,2
Chengdu,Gothenburg,2,2
Brussels,Cupertino,2,2
Bangkok,Cologne,2,2
Milan,Waterloo,2,2
Ottawa,Waterloo,2,2
Canberra,Dubai,2,2
Cupertino,Kuala Lumpur,2,2
Ankara,Phoenix,2,2
Cambridge,Dalian,2,2
Jerusalem,Lagos,2,2
Istanbul,Jerusalem,2,2
Canberra,Chengdu,2,2
Lisbon,Ottawa,2,2
Ottawa,Perth,2,2
Cape Town,Hsinchu,1,1
Buenos Aires,Jerusalem,1,1
Cologne,Kuala Lumpur,1,1
Brisbane,Detroit,1,1
Cambridge,Osaka,1,1
Bogota,Sunnyvale,1,1
Bogota,Pittsburgh,1,1
Cologne,Stuttgart,1,1
Bogota,Shenzhen,1,1
Detroit,Eindhoven,1,1
Osaka,Pune,1,1
Canberra,Salt Lake City,1,1
Daejeon,Saint Petersburg,1,1
Kyoto,Sao Paulo,1,1
Jerusalem,Washington,1,1
Chengdu,Daejeon,1,1
Dalian,Osaka,1,1
Edmonton,Osaka,1,1
Cologne,Hefei,1,1
Cologne,Rio de Janeiro,1,1
Jerusalem,Waterloo,1,1
Cologne,Edmonton,1,1
Chennai,Daejeon,1,1
Bogota,Hangzhou,1,1
Jerusalem,Milan,1,1
Osaka,Stockholm,1,1
Edinburgh,Perth,1,1
Auckland,Dalian,1,1
Haifa,Osaka,1,1
Minneapolis,Osaka,1,1
Hanoi,Kuala Lumpur,1,1
Edinburgh,Rio de Janeiro,1,1
Cologne,Daejeon,1,1
Perth,Santiago,1,1
Edinburgh,Osaka,1,1
Osaka,Perth,1,1
Budapest,Osaka,1,1
Cologne,Waterloo,1,1
Cologne,Manchester,1,1
Abu Dhabi,Denver,1,1
Edinburgh,Heidelberg,1,1
Cologne,Dalian,1,1
Bucharest,Kuala Lumpur,1,1
Lausanne,Osaka,1,1
Haifa,Warsaw,1,1
Dubai,Jerusalem,1,1
Phoenix,Suzhou,1,1
Bogota,Vancouver,1,1
Hsinchu,Salt Lake City,1,1
Edmonton,Rome,1,1
Hamburg,Osaka,1,1
Atlanta,Canberra,1,1
Budapest,Daejeon,1,1
Barcelona,Daejeon,1,1
Bucharest,Rotterdam,1,1
Budapest,Hefei,1,1
Rotterdam,Waterloo,1,1
Lausanne,Minneapolis,1,1
Osaka,Sao Paulo,1,1
Kuala Lumpur,Lima,1,1
Osaka,Rome,1,1
Hefei,Lima,1,1
Toulouse,Turin,1,1
Bristol,Perth,1,1
Grenoble,Sunnyvale,1,1
Bucharest,Rio de Janeiro,1,1
Delhi,Minneapolis,1,1
Kuala Lumpur,Suzhou,1,1
Houston,Rio de Janeiro,1,1
Geneva,Sao Paulo,1,1
Daejeon,Vienna,1,1
Hamburg,Tsukuba,1,1
Nairobi,Nanjing,1,1
Dalian,Ho Chi Minh City,1,1
Mexico City,Sunnyvale,1,1
Dalian,Hsinchu,1,1
Daejeon,Rome,1,1
Mexico City,Ottawa,1,1
Grenoble,Portland,1,1
Ann Arbor,Hanoi,1,1
Boulder,Grenoble,1,1
Rotterdam,Suzhou,1,1
Auckland,Hefei,1,1
Delft,Phoenix,1,1
Cairo,Delft,1,1
Lausanne,Phoenix,1,1
Hefei,Hsinchu,1,1
Hsinchu,Tianjin,1,1
Brussels,Eindhoven,1,1
Haifa,Waterloo,1,1
Haifa,Nanjing,1,1
Daejeon,Nairobi,1,1
Haifa,Milan,1,1
Ann Arbor,Raleigh,1,1
Bangkok,Bucharest,1,1
Eindhoven,Lagos,1,1
Canberra,Mexico City,1,1
Hefei,Milan,1,1
Hefei,Minneapolis,1,1
Edinburgh,Phoenix,1,1
Hefei,New Delhi,1,1
Hefei,Nairobi,1,1
Hefei,Phoenix,1,1
Edinburgh,Lima,1,1
Hefei,Salt Lake City,1,1
Canberra,Madrid,1,1
Hefei,Ottawa,1,1
Copenhagen,Salt Lake City,1,1
Canberra,Frankfurt,1,1
Oxford,Phoenix,1,1
Cape Town,Wuhan,1,1
Dalian,Kuala Lumpur,1,1
Phoenix,Salt Lake City,1,1
Canberra,Minneapolis,1,1
Cupertino,Kyoto,1,1
Kyoto,Palo Alto,1,1
Dalian,Sydney,1,1
Dalian,Rome,1,1
Dalian,Nairobi,1,1
Cape Town,Lima,1,1
Brussels,Minneapolis,1,1
Brussels,Hefei,1,1
Bristol,Oslo,1,1
Bristol,Suzhou,1,1
Brisbane,Hefei,1,1
Rome,Suzhou,1,1
Cairo,Salt Lake City,1,1
Cologne,Phoenix,1,1
Gothenburg,Nanjing,1,1
Bristol,Nairobi,1,1
Ankara,Lagos,1,1
Bucharest,Salt Lake City,1,1
Daejeon,Hefei,1,1
Ankara,Nairobi,1,1
Buenos Aires,Manila,1,1
Dubai,Manila,1,1
Daejeon,Dalian,1,1
Edmonton,Manila,1,1
Frankfurt,Lima,1,1
Calgary,Canberra,1,1
Edmonton,Nanjing,1,1
Gothenburg,Manila,1,1
Ho Chi Minh City,Manila,1,1
Ankara,Canberra,1,1
Lima,Manila,1,1
Lisbon,Manila,1,1
Manila,Nanjing,1,1
Manila,Perth,1,1
Manila,Sunnyvale,1,1
Manila,Waterloo,1,1
Auckland,Bristol,1,1
Canberra,Johannesburg,1,1
Auckland,Edmonton,1,1
Canberra,Pune,1,1
Bristol,Minneapolis,1,1
Johannesburg,Waterloo,1,1
Bristol,Osaka,1,1
Heidelberg,Nairobi,1,1
Nairobi,Sunnyvale,1,1
Boulder,Hsinchu,1,1
Lisbon,Riyadh,1,1
Cairo,Minneapolis,1,1
Dallas,Lima,1,1
Hamburg,Riyadh,1,1
Detroit,Milan,1,1
Hsinchu,Lima,1,1
Hsinchu,Manchester,1,1
Buenos Aires,Detroit,1,1
Hsinchu,Mumbai,1,1
Hsinchu,Waterloo,1,1
Daejeon,Kuala Lumpur,1,1
Bristol,Phoenix,1,1
Lima,Riyadh,1,1
Bristol,Detroit,1,1
Lyon,Riyadh,1,1
Edinburgh,Salt Lake City,1,1
Bristol,Buenos Aires,1,1
Cairo,Canberra,1,1
Manchester,Riyadh,1,1
Daejeon,Hyderabad,1,1
Ankara,Detroit,1,1
Hsinchu,Ottawa,1,1
Lima,Turin,1,1
Delft,Mexico City,1,1
Riyadh,Sao Paulo,1,1
Riyadh,Waterloo,1,1
Eindhoven,Tianjin,1,1
Atlanta,Manila,1,1
Austin,Manila,1,1
Dubai,Mexico City,1,1
Gothenburg,Palo Alto,1,1
Edmonton,Rio de Janeiro,1,1
Canberra,Dallas,1,1
Eindhoven,Helsinki,1,1
Eindhoven,Guangzhou,1,1
Rio de Janeiro,Riyadh,1,1
Dallas,Saint Petersburg,1,1
Canberra,Saint Petersburg,1,1
Canberra,Rome,1,1
Canberra,Miami,1,1
Canberra,Houston,1,1
Canberra,Helsinki,1,1
Budapest,Canberra,1,1
Ann Arbor,Buenos Aires,1,1
Boulder,Canberra,1,1
Athens,Canberra,1,1
Ann Arbor,Saint Petersburg,1,1
Ann Arbor,Cupertino,1,1
Ann Arbor,Canberra,1,1
Ann Arbor,Budapest,1,1
Abu Dhabi,Saint Petersburg,1,1
Abu Dhabi,Eindhoven,1,1
Abu Dhabi,Canberra,1,1
Eindhoven,Rome,1,1
Eindhoven,Saint Petersburg,1,1
Saint Petersburg,Waterloo,1,1
Bristol,Bucharest,1,1
Busan,Rome,1,1
Busan,Oslo,1,1
Busan,New Delhi,1,1
Busan,Mumbai,1,1
Busan,Lagos,1,1
Busan,Istanbul,1,1
Busan,Hyderabad,1,1
Busan,Houston,1,1
Busan,Grenoble,1,1
Busan,Geneva,1,1
Busan,Dublin,1,1
Busan,Dallas,1,1
Brisbane,Busan,1,1
Atlanta,Busan,1,1
Edmonton,Helsinki,1,1
Bucharest,Manchester,1,1
Bucharest,Copenhagen,1,1
Bristol,Lyon,1,1
Bristol,Lisbon,1,1
Buenos Aires,Lausanne,1,1
Athens,Bristol,1,1
Edmonton,Stuttgart,1,1
Tsukuba,Vienna,1,1
Buenos Aires,Jakarta,1,1
Raleigh,Saint Petersburg,1,1
Abu Dhabi,Jakarta,1,1
Abu Dhabi,Heidelberg,1,1
Abu Dhabi,Calgary,1,1
Abu Dhabi,Buenos Aires,1,1
Oxford,Saint Petersburg,1,1
Tsukuba,Xi'an,1,1
Tsukuba,Warsaw,1,1
Tsukuba,Vancouver,1,1
Nagoya,Tsukuba,1,1
Tel Aviv,Tsukuba,1,1
Stuttgart,Tsukuba,1,1
Santiago,Tsukuba,1,1
San Jose,Tsukuba,1,1
San Diego,Tsukuba,1,1
Saint Petersburg,Tsukuba,1,1
Saint Petersburg,Stuttgart,1,1
Saint Petersburg,Santiago,1,1
Prague,Tsukuba,1,1
Calgary,Jakarta,1,1
Atlanta,Kyoto,1,1
Heidelberg,Lyon,1,1
Jakarta,Oxford,1,1
Edinburgh,Saint Petersburg,1,1
Kyoto,Rome,1,1
Cairo,Kyoto,1,1
Kyoto,Lima,1,1
Bucharest,Kyoto,1,1
Jakarta,Raleigh,1,1
Cupertino,Frankfurt,1,1
Manila,Tel Aviv,1,1
Houston,Manila,1,1
Daejeon,Houston,1,1
Krakow,Stockholm,1,1
Krakow,Rio de Janeiro,1,1
Krakow,Pune,1,1
Hyderabad,Krakow,1,1
Hamburg,Krakow,1,1
Boulder,Rio de Janeiro,1,1
Boulder,Krakow,1,1
Ankara,Raleigh,1,1
Ankara,Krakow,1,1
Busan,Salt Lake City,1,1
Busan,Stuttgart,1,1
Busan,Turin,1,1
Detroit,Suzhou,1,1
Hyderabad,Kyoto,1,1
Auckland,Rio de Janeiro,1,1
Auckland,Oxford,1,1
Auckland,Nairobi,1,1
Auckland,Kyoto,1,1
Athens,Ottawa,1,1
Athens,Kyoto,1,1
Daejeon,Prague,1,1
Jakarta,Suzhou,1,1
Detroit,Hanoi,1,1
Busan,Washington,1,1
Brisbane,Cupertino,1,1
Dubai,Heidelberg,1,1
Cairo,Hsinchu,1,1
Krakow,Santiago,1,1
Krakow,Pittsburgh,1,1
Krakow,Oslo,1,1
Krakow,Miami,1,1
Grenoble,Santiago,1,1
Grenoble,Ottawa,1,1
Istanbul,Kyoto,1,1
Istanbul,Minneapolis,1,1
Kyoto,Manchester,1,1
Kyoto,Ottawa,1,1
Santiago,Tianjin,1,1
Rio de Janeiro,Tianjin,1,1
Redmond,Tianjin,1,1
Oxford,Rio de Janeiro,1,1
Ottawa,Tianjin,1,1
Nairobi,Santiago,1,1
Nairobi,Oslo,1,1
Minneapolis,Tianjin,1,1
Minneapolis,Suzhou,1,1
Minneapolis,Santiago,1,1
Minneapolis,Oslo,1,1
Miami,Minneapolis,1,1
Manchester,Tianjin,1,1
Manchester,Rio de Janeiro,1,1
Manchester,Nairobi,1,1
Manchester,Minneapolis,1,1
Madrid,Tianjin,1,1
Kyoto,Tianjin,1,1
Kyoto,Santiago,1,1
Grenoble,Krakow,1,1
Chengdu,Grenoble,1,1
Ann Arbor,Santiago,1,1
Gothenburg,Hyderabad,1,1
Calgary,Stuttgart,1,1
Calgary,Gothenburg,1,1
Bristol,Oxford,1,1
Bristol,Edinburgh,1,1
Bristol,Calgary,1,1
Salt Lake City,Stuttgart,1,1
Oslo,Turin,1,1
Hyderabad,Turin,1,1
Helsinki,Salt Lake City,1,1
Grenoble,Vienna,1,1
Grenoble,Vancouver,1,1
Grenoble,Stuttgart,1,1
Budapest,Krakow,1,1
Grenoble,New Delhi,1,1
Grenoble,Istanbul,1,1
Grenoble,Houston,1,1
Grenoble,Helsinki,1,1
Geneva,Grenoble,1,1
Dublin,Grenoble,1,1
Delft,Hanoi,1,1
Hanoi,Oxford,1,1
Oxford,Rotterdam,1,1
Lagos,Lausanne,1,1
Daejeon,Vancouver,1,1
Daejeon,Toulouse,1,1
Daejeon,Salt Lake City,1,1
Daejeon,Rotterdam,1,1
Daejeon,Pune,1,1
Daejeon,Philadelphia,1,1
Daejeon,Oxford,1,1
Daejeon,New Delhi,1,1
Daejeon,Munich,1,1
Daejeon,Melbourne,1,1
Daejeon,Lisbon,1,1
Daejeon,Hamburg,1,1
Ankara,Rotterdam,1,1
Ankara,Philadelphia,1,1
Tsukuba,Washington,1,1
New Delhi,Tsukuba,1,1
Madrid,Tsukuba,1,1
Lisbon,Tsukuba,1,1
Lagos,Oxford,1,1
Eindhoven,Wuhan,1,1
Mountain View,Saint Petersburg,1,1
Moscow,Tsukuba,1,1
Delft,Hefei,1,1
Abu Dhabi,Haifa,1,1
Boulder,Dalian,1,1
Atlanta,Dalian,1,1
Edmonton,Kolkata,1,1
Frankfurt,Heidelberg,1,1
Lagos,Santiago,1,1
Haifa,Philadelphia,1,1
Hefei,Lagos,1,1
Delft,Ho Chi Minh City,1,1
Canberra,Mountain View,1,1
Detroit,Kolkata,1,1
Canberra,Hefei,1,1
Geneva,Phoenix,1,1
Miami,Osaka,1,1
Minneapolis,Saint Petersburg,1,1
Riyadh,Tel Aviv,1,1
Perth,Riyadh,1,1
Oslo,Riyadh,1,1
Johannesburg,Sunnyvale,1,1
Johannesburg,Palo Alto,1,1
Bangkok,Krakow,1,1
Hsinchu,Krakow,1,1
Dalian,Dallas,1,1
Dalian,Kolkata,1,1
Cupertino,Jakarta,1,1
Cupertino,Detroit,1,1
Stuttgart,Toulouse,1,1
Phoenix,Toulouse,1,1
Jerusalem,Tel Aviv,1,1
Cupertino,Toulouse,1,1
Krakow,Zurich,1,1
Krakow,Sunnyvale,1,1
Perth,Salt Lake City,1,1
Dalian,Washington,1,1
Dalian,Sao Paulo,1,1
Dalian,San Jose,1,1
Dalian,Salt Lake City,1,1
Dalian,Portland,1,1
Dalian,Perth,1,1
Dalian,Oslo,1,1
Dalian,Mountain View,1,1
Dalian,Miami,1,1
Dalian,Lisbon,1,1
Grenoble,Jakarta,1,1
Cologne,Riyadh,1,1
Buenos Aires,Johannesburg,1,1
Nairobi,Salt Lake City,1,1
Bangkok,Xi'an,1,1
Lausanne,Rotterdam,1,1
Delhi,Nagoya,1,1
Grenoble,Johannesburg,1,1
Mexico City,Nairobi,1,1
Buenos Aires,Dalian,1,1
Kuala Lumpur,Perth,1,1
Frankfurt,Minneapolis,1,1
Frankfurt,Mexico City,1,1
Grenoble,Oxford,1,1
Grenoble,Hefei,1,1
Busan,Nanjing,1,1
Ann Arbor,Grenoble,1,1
Rotterdam,Wuhan,1,1
Mexico City,Prague,1,1
Mexico City,Mountain View,1,1
Manchester,Mexico City,1,1
Atlanta,Mexico City,1,1
Nairobi,Stuttgart,1,1
Cairo,Cape Town,1,1
Cologne,Santiago,1,1
Minneapolis,Waterloo,1,1
Cairo,Hefei,1,1
Chennai,Edmonton,1,1
Chengdu,Edmonton,1,1
Bangkok,Minneapolis,1,1
Bangkok,Edmonton,1,1
Johannesburg,Moscow,1,1
Eindhoven,Moscow,1,1
Bengaluru,Saint Petersburg,1,1
Auckland,Saint Petersburg,1,1
Budapest,Johannesburg,1,1
Krakow,Vancouver,1,1
Krakow,Phoenix,1,1
Hefei,Redmond,1,1
Santiago,Wuhan,1,1
Grenoble,Los Angeles,1,1
Grenoble,Palo Alto,1,1
Grenoble,Tel Aviv,1,1
Hefei,Santiago,1,1
Daejeon,Waterloo,1,1
Cairo,Santiago,1,1
Dallas,Detroit,1,1
Detroit,Rio de Janeiro,1,1
Helsinki,Tsukuba,1,1
Haifa,Raleigh,1,1
Auckland,Eindhoven,1,1
Jakarta,Nairobi,1,1
Milan,Stuttgart,1,1
Canberra,Oslo,1,1
Cairo,Ho Chi Minh City,1,1
Salt Lake City,Suzhou,1,1
Dallas,Suzhou,1,1
Lima,Redmond,1,1
Haifa,Taipei,1,1
Haifa,Phoenix,1,1
Kolkata,Minneapolis,1,1
Haifa,Palo Alto,1,1
Haifa,Miami,1,1
Dublin,Haifa,1,1
Dallas,Haifa,1,1
Cupertino,Haifa,1,1
Cologne,Gothenburg,1,1
Bucharest,Phoenix,1,1
Bucharest,Haifa,1,1
Bucharest,Cupertino,1,1
Rio de Janeiro,Rotterdam,1,1
Canberra,Edinburgh,1,1
Canberra,Ottawa,1,1
Canberra,Portland,1,1
Kuala Lumpur,Saint Petersburg,1,1
Gothenburg,Santiago,1,1
Gothenburg,Saint Petersburg,1,1
Delft,Xi'an,1,1
Delft,Tsukuba,1,1
Delft,Santiago,1,1
Hsinchu,Rio de Janeiro,1,1
Barcelona,Tsukuba,1,1
Austin,Tsukuba,1,1
Atlanta,Tsukuba,1,1
Frankfurt,Rio de Janeiro,1,1
Bogota,Zurich,1,1
Bogota,Kolkata,1,1
Bogota,Jakarta,1,1
Edinburgh,Turin,1,1
Edinburgh,Eindhoven,1,1
Canberra,Xi'an,1,1
Canberra,Taipei,1,1
Canberra,Stockholm,1,1
Busan,Ottawa,1,1
Busan,Chengdu,1,1
Busan,Xi'an,1,1
Cupertino,Riyadh,1,1
Cupertino,Heidelberg,1,1
Chengdu,Riyadh,1,1
Buenos Aires,Tianjin,1,1
Buenos Aires,Osaka,1,1
Auckland,Riyadh,1,1
Auckland,Heidelberg,1,1
Auckland,Hanoi,1,1
Athens,Osaka,1,1
Athens,Geneva,1,1
Athens,Buenos Aires,1,1
Kuala Lumpur,Phoenix,1,1
Edmonton,Phoenix,1,1
Brisbane,Tianjin,1,1
Cape Town,Stuttgart,1,1
Copenhagen,Suzhou,1,1
Lisbon,Tianjin,1,1
Edinburgh,Lisbon,1,1
Delft,Tianjin,1,1
Calgary,Tianjin,1,1
Cupertino,Osaka,1,1
Kuala Lumpur,Santiago,1,1
Busan,Wuhan,1,1
Geneva,Hanoi,1,1
Dublin,Saint Petersburg,1,1
Detroit,Saint Petersburg,1,1
Cupertino,Manchester,1,1
Cupertino,Lima,1,1
Cupertino,Edmonton,1,1
Calgary,Cupertino,1,1
Tianjin,Warsaw,1,1
Riyadh,Tianjin,1,1
Riyadh,Suzhou,1,1
Osaka,Riyadh,1,1
New Delhi,Tianjin,1,1
Heidelberg,Tianjin,1,1
Heidelberg,Suzhou,1,1
Heidelberg,Riyadh,1,1
Hanoi,Osaka,1,1
Hanoi,Heidelberg,1,1
Guangzhou,Riyadh,1,1
Geneva,Osaka,1,1
Geneva,Heidelberg,1,1
Rotterdam,Tianjin,1,1
Chengdu,Tsukuba,1,1
Hanoi,Rotterdam,1,1
Chennai,Krakow,1,1
Haifa,Zurich,1,1
Mexico City,Stuttgart,1,1
Frankfurt,Toulouse,1,1
Bangkok,Santiago,1,1
Athens,Manila,1,1
Chicago,Manila,1,1
Edinburgh,Mexico City,1,1
Eindhoven,Manila,1,1
Manila,Montreal,1,1
Buenos Aires,Mexico City,1,1
Manila,New Delhi,1,1
Auckland,Mexico City,1,1
Manila,Shanghai,1,1
Manila,Vienna,1,1
Detroit,Shenzhen,1,1
Manila,Washington,1,1
Detroit,San Diego,1,1
Geneva,Haifa,1,1
Copenhagen,Mexico City,1,1
Bucharest,Nagoya,1,1
Krakow,Mexico City,1,1
Jakarta,Phoenix,1,1
Lagos,Nagoya,1,1
Minneapolis,Nagoya,1,1
Montreal,Nagoya,1,1
Mountain View,Nagoya,1,1
Nagoya,Phoenix,1,1
Nagoya,Sao Paulo,1,1
Nagoya,Washington,1,1
Ottawa,Saint Petersburg,1,1
Brisbane,Dalian,1,1
Edmonton,Nagoya,1,1
Athens,Edinburgh,1,1
Bangkok,Lausanne,1,1
Brisbane,Kuala Lumpur,1,1
Krakow,Washington,1,1
Krakow,Warsaw,1,1
Cape Town,Chennai,1,1
Detroit,Pittsburgh,1,1
Bucharest,Nanjing,1,1
Jakarta,Nagoya,1,1
Edmonton,Oxford,1,1
Copenhagen,Toulouse,1,1
Edmonton,Kuala Lumpur,1,1
Dalian,Pune,1,1
Edinburgh,Nairobi,1,1
Edinburgh,Edmonton,1,1
Dalian,Delft,1,1
Delhi,Edmonton,1,1
Dalian,Grenoble,1,1
Dalian,Toulouse,1,1
Delft,Grenoble,1,1
Buenos Aires,Nairobi,1,1
Bangkok,Suzhou,1,1
Dalian,Dublin,1,1
Dalian,Mumbai,1,1
Brussels,Nairobi,1,1
Dalian,New Delhi,1,1
Dalian,Palo Alto,1,1
Grenoble,Waterloo,1,1
Cupertino,Nairobi,1,1
Bucharest,Suzhou,1,1
Frankfurt,Lausanne,1,1
Detroit,Hangzhou,1,1
Budapest,Nagoya,1,1
Chengdu,Nagoya,1,1
Guangzhou,Nagoya,1,1
Delft,Detroit,1,1
Chengdu,Detroit,1,1
Cambridge,Detroit,1,1
Hangzhou,Nagoya,1,1
Hanoi,Nagoya,1,1
Bangkok,Detroit,1,1
Bangkok,Delft,1,1
Milan,Nagoya,1,1
Nagoya,Nanjing,1,1
Nagoya,Shenzhen,1,1
Nagoya,Suzhou,1,1
Nagoya,Xi'an,1,1
Gothenburg,Nairobi,1,1
Abu Dhabi,Auckland,1,1
Jakarta,Lagos,1,1
Ankara,Kyoto,1,1
Bucharest,Jerusalem,1,1
Bucharest,Chennai,1,1
Hsinchu,Perth,1,1
Jerusalem,Kyoto,1,1
Delft,Minneapolis,1,1
Jerusalem,Perth,1,1
Cape Town,Hanoi,1,1
Jerusalem,Prague,1,1
Jerusalem,Shenzhen,1,1
Jerusalem,Suzhou,1,1
Ann Arbor,Dalian,1,1
Geneva,Lausanne,1,1
Johannesburg,Rome,1,1
Ankara,Delft,1,1
Guangzhou,Phoenix,1,1
Denver,Detroit,1,1
Auckland,Johannesburg,1,1
Detroit,Perth,1,1
Santiago,Sunnyvale,1,1
Jerusalem,Miami,1,1
Riyadh,Stuttgart,1,1
Jerusalem,Vienna,1,1
Cape Town,Riyadh,1,1
Boulder,Suzhou,1,1
Kyoto,Toulouse,1,1
Riyadh,San Jose,1,1
Chengdu,Jerusalem,1,1
Daejeon,Delft,1,1
Cologne,Jerusalem,1,1
Dublin,Jerusalem,1,1
Istanbul,Lausanne,1,1
Geneva,Jerusalem,1,1
Geneva,Perth,1,1
Daejeon,Edmonton,1,1
Hong Kong,Jerusalem,1,1
Houston,Hsinchu,1,1
Jakarta,Oslo,1,1
Houston,Kyoto,1,1
Hsinchu,Jerusalem,1,1
Riyadh,Wuhan,1,1
Cape Town,Delft,1,1
Cologne,Kolkata,1,1
Dubai,Jakarta,1,1
Rotterdam,Santiago,1,1
Calgary,Riyadh,1,1
Johannesburg,Ottawa,1,1
Johannesburg,Portland,1,1
Johannesburg,San Diego,1,1
Buenos Aires,Rotterdam,1,1
Nairobi,Riyadh,1,1
Ottawa,Riyadh,1,1
Riyadh,San Diego,1,1
Ann Arbor,Auckland,1,1
Heidelberg,Phoenix,1,1
Heidelberg,Oslo,1,1
Ann Arbor,Jakarta,1,1
Ann Arbor,Nagoya,1,1
Sao Paulo,Suzhou,1,1
Delft,Perth,1,1
Barcelona,Nagoya,1,1
Hamburg,Hefei,1,1
Abu Dhabi,Grenoble,1,1
Pittsburgh,Riyadh,1,1
Calgary,Milan,1,1
Abu Dhabi,Kuala Lumpur,1,1
Lausanne,Riyadh,1,1
Jakarta,Stuttgart,1,1
Brussels,Toulouse,1,1
Jakarta,Riyadh,1,1
Abu Dhabi,Redmond,1,1
Hanoi,Rome,1,1
Cairo,Grenoble,1,1
Grenoble,Hamburg,1,1
Grenoble,Kolkata,1,1
Grenoble,Lisbon,1,1
Grenoble,Philadelphia,1,1
Bristol,Wuhan,1,1
Bristol,Riyadh,1,1
Bristol,Jakarta,1,1
Bristol,Ho Chi Minh City,1,1
Bristol,Chennai,1,1
Dalian,Turin,1,1
Suzhou,Turin,1,1
Buenos Aires,Hefei,1,1
Haifa,Moscow,1,1
Bristol,Rotterdam,1,1
Haifa,Mumbai,1,1
Haifa,Perth,1,1
Haifa,San Diego,1,1
Bristol,Guangzhou,1,1
Haifa,Singapore,1,1
Haifa,Stuttgart,1,1
Haifa,Suzhou,1,1
Haifa,Toronto,1,1
Haifa,Vienna,1,1
Haifa,Washington,1,1
Haifa,Wuhan,1,1
Hanoi,Oslo,1,1
Hanoi,Perth,1,1
Hanoi,San Diego,1,1
Ann Arbor,Turin,1,1
Brussels,Geneva,1,1
Bristol,Salt Lake City,1,1
Haifa,Montreal,1,1
Hefei,Perth,1,1
Bristol,Turin,1,1
Cairo,Stuttgart,1,1
Cape Town,Turin,1,1
Chicago,Haifa,1,1
Denver,Haifa,1,1
Gothenburg,Haifa,1,1
Gothenburg,Rio de Janeiro,1,1
Cape Town,Gothenburg,1,1
Cape Town,Edmonton,1,1
Gothenburg,Suzhou,1,1
Brussels,Turin,1,1
Haifa,Hanoi,1,1
Brussels,Heidelberg,1,1
Haifa,Hong Kong,1,1
Haifa,Istanbul,1,1
Haifa,Lima,1,1
Bristol,Xi'an,1,1
Haifa,Melbourne,1,1
Hefei,Lisbon,1,1
Ann Arbor,Gothenburg,1,1
Auckland,Lima,1,1
Budapest,Hsinchu,1,1
Daejeon,Mountain View,1,1
Daejeon,Lyon,1,1
Cologne,Jakarta,1,1
Daejeon,Lausanne,1,1
Cologne,Lyon,1,1
Daejeon,Edinburgh,1,1
Cologne,Rotterdam,1,1
Cologne,Saint Petersburg,1,1
Cologne,Toulouse,1,1
Delhi,Saint Petersburg,1,1
Geneva,Jakarta,1,1
Geneva,Rotterdam,1,1
Geneva,Saint Petersburg,1,1
Hsinchu,Saint Petersburg,1,1
Abu Dhabi,Daejeon,1,1
Saint Petersburg,Toulouse,1,1
Jakarta,Rotterdam,1,1
Daejeon,Mumbai,1,1
Bangkok,Toulouse,1,1
Ann Arbor,Edmonton,1,1
Brisbane,Bucharest,1,1
Ann Arbor,Cape Town,1,1
Cologne,Oxford,1,1
Bangkok,Gothenburg,1,1
Cupertino,Milan,1,1
Dubai,Tianjin,1,1
Edmonton,Frankfurt,1,1
Edmonton,Hanoi,1,1
Abu Dhabi,Bristol,1,1
Bristol,Nanjing,1,1
Nanjing,Santiago,1,1
Jakarta,Redmond,1,1
Daejeon,Xi'an,1,1
Daejeon,Washington,1,1
Daejeon,Tel Aviv,1,1
Daejeon,Sunnyvale,1,1
Daejeon,Stuttgart,1,1
Daejeon,San Jose,1,1
Cairo,Haifa,1,1
Brisbane,Hanoi,1,1
Brisbane,Haifa,1,1
Houston,Oxford,1,1
Ankara,Manila,1,1
Bangkok,Manila,1,1
Boulder,Geneva,1,1
Boulder,Manila,1,1
Boulder,Turin,1,1
Phoenix,Rio de Janeiro,1,1
Cupertino,Delhi,1,1
Cupertino,Manila,1,1
Eindhoven,Rio de Janeiro,1,1
Eindhoven,Phoenix,1,1
Cupertino,Turin,1,1
Delhi,Manila,1,1
Geneva,Manila,1,1
Turin,Xi'an,1,1
Turin,Warsaw,1,1
Sao Paulo,Turin,1,1
Kuala Lumpur,Manila,1,1
Ankara,Cupertino,1,1
Cairo,Tel Aviv,1,1
Brisbane,Gothenburg,1,1
Brussels,Hanoi,1,1
Dublin,Hefei,1,1
Geneva,Hefei,1,1
Saint Petersburg,Washington,1,1
Saint Petersburg,Tianjin,1,1
Hefei,Miami,1,1
Brussels,Tianjin,1,1
Cape Town,Perth,1,1
Frankfurt,Ho Chi Minh City,1,1
Geneva,Sunnyvale,1,1
Cologne,Hanoi,1,1
Cologne,Frankfurt,1,1
Perth,Toulouse,1,1
Bucharest,Hsinchu,1,1
Bucharest,Ho Chi Minh City,1,1
Bucharest,Cologne,1,1
Cupertino,Gothenburg,1,1
Brussels,Hsinchu,1,1
Kuala Lumpur,Turin,1,1
Manila,Ottawa,1,1
Manila,San Diego,1,1
Manila,Stuttgart,1,1
Gothenburg,Salt Lake City,1,1
Gothenburg,Rotterdam,1,1
Gothenburg,Ottawa,1,1
Eindhoven,Kuala Lumpur,1,1
Gothenburg,Heidelberg,1,1
Edmonton,Xi'an,1,1
Eindhoven,Oxford,1,1
Edmonton,Turin,1,1
Eindhoven,Prague,1,1
Kuala Lumpur,Manchester,1,1
Edmonton,Rotterdam,1,1
Kuala Lumpur,Palo Alto,1,1
Edmonton,Ottawa,1,1
Athens,Haifa,1,1
Edmonton,Heidelberg,1,1
Dublin,Gothenburg,1,1
Barcelona,Haifa,1,1
Gothenburg,Turin,1,1
Guangzhou,Rotterdam,1,1
Bucharest,Geneva,1,1
Delft,Johannesburg,1,1
Rotterdam,Turin,1,1
Manila,Turin,1,1
Portland,Turin,1,1
Suzhou,Waterloo,1,1
Philadelphia,Turin,1,1
Mountain View,Turin,1,1
Montreal,Turin,1,1
Gothenburg,Kolkata,1,1
Canberra,Denver,1,1
Bucharest,Stuttgart,1,1
Heidelberg,Turin,1,1
Minneapolis,Stuttgart,1,1
Chicago,Turin,1,1
Busan,Daejeon,1,1
Hefei,Kolkata,1,1
Bristol,Canberra,1,1
Cape Town,Kyoto,1,1
Athens,Dubai,1,1
Gothenburg,Phoenix,1,1
Mexico City,Oxford,1,1
Dubai,Osaka,1,1
Delhi,Mexico City,1,1
Frankfurt,Osaka,1,1
Eindhoven,Salt Lake City,1,1
Kyoto,Nanjing,1,1
Boulder,Calgary,1,1
Bangkok,Calgary,1,1
Madrid,Osaka,1,1
Osaka,Phoenix,1,1
Dubai,Grenoble,1,1
Bangkok,Grenoble,1,1
Auckland,Turin,1,1
Auckland,Grenoble,1,1
Sunnyvale,Tianjin,1,1
Hefei,Stuttgart,1,1
Edinburgh,Waterloo,1,1
Eindhoven,Gothenburg,1,1
Delhi,Osaka,1,1
Kyoto,Stuttgart,1,1
Brussels,Rio de Janeiro,1,1
Kyoto,Sunnyvale,1,1
Cairo,Dalian,1,1
Bangkok,Cairo,1,1
Ankara,Saint Petersburg,1,1
Ankara,Dalian,1,1
Abu Dhabi,Osaka,1,1
Abu Dhabi,Phoenix,1,1
Detroit,Sao Paulo,1,1
Detroit,Santiago,1,1
Detroit,Rome,1,1
Detroit,Prague,1,1
Detroit,Istanbul,1,1
Copenhagen,Detroit,1,1
Cape Town,Detroit,1,1
Budapest,Detroit,1,1
Johannesburg,Minneapolis,1,1
Denver,Riyadh,1,1
Denver,Johannesburg,1,1
Edinburgh,Kyoto,1,1
Brussels,Suzhou,1,1
Tel Aviv,Turin,1,1
Seattle,Tsukuba,1,1
Ann Arbor,Calgary,1,1
Copenhagen,Geneva,1,1
Edmonton,Istanbul,1,1
Bucharest,Waterloo,1,1
Heidelberg,Nagoya,1,1
Ho Chi Minh City,Nagoya,1,1
Mexico City,Rio de Janeiro,1,1
Bucharest,Turin,1,1
Mexico City,Pune,1,1
Hefei,Tel Aviv,1,1
Detroit,Helsinki,1,1
Kolkata,Saint Petersburg,1,1
Hefei,Lausanne,1,1
Oslo,Saint Petersburg,1,1
Osaka,San Diego,1,1
Ann Arbor,Riyadh,1,1
Osaka,Redmond,1,1
Stockholm,Tsukuba,1,1
Ann Arbor,Mexico City,1,1
Mexico City,Toulouse,1,1
Athens,Calgary,1,1
Mexico City,Rome,1,1
Mexico City,Pittsburgh,1,1
Mexico City,Nanjing,1,1
Lima,Rotterdam,1,1
Lagos,Mexico City,1,1
Abu Dhabi,Kyoto,1,1
Abu Dhabi,Hefei,1,1
Heidelberg,Toulouse,1,1
Berlin,Tsukuba,1,1
Heidelberg,Mexico City,1,1
Heidelberg,Lima,1,1
Rotterdam,Saint Petersburg,1,1
Delhi,Tsukuba,1,1
Calgary,Toulouse,1,1
Edinburgh,Tsukuba,1,1
Calgary,Mexico City,1,1
Athens,Rotterdam,1,1
Cairo,Saint Petersburg,1,1
Dalian,Prague,1,1
Athens,Xi'an,1,1
Nairobi,Phoenix,1,1
Lima,Tianjin,1,1
Lima,Nairobi,1,1
Lagos,Tianjin,1,1
Eindhoven,Krakow,1,1
Eindhoven,Stuttgart,1,1
Hong Kong,Krakow,1,1
Helsinki,Tianjin,1,1
Helsinki,Nairobi,1,1
Krakow,Melbourne,1,1
Krakow,Portland,1,1
Delhi,Tianjin,1,1
Copenhagen,Tianjin,1,1
Krakow,Stuttgart,1,1
Krakow,Sydney,1,1
Ann Arbor,Nairobi,1,1
Krakow,Toronto,1,1
Detroit,New Delhi,1,1
Dubai,Krakow,1,1
Delft,Krakow,1,1
Calgary,Dallas,1,1
Heidelberg,Waterloo,1,1
Ann Arbor,Detroit,1,1
Jerusalem,Rotterdam,1,1
Jerusalem,Raleigh,1,1
Jerusalem,Palo Alto,1,1
Jerusalem,New Delhi,1,1
Jerusalem,Munich,1,1
Hsinchu,Oslo,1,1
Jerusalem,Mumbai,1,1
Auckland,Hsinchu,1,1
Ankara,Hsinchu,1,1
Jerusalem,Montreal,1,1
Jerusalem,Kolkata,1,1
Edinburgh,Manchester,1,1
Chengdu,Eindhoven,1,1
Tianjin,Waterloo,1,1
Rome,Tianjin,1,1
Phoenix,Tianjin,1,1
Heidelberg,Jerusalem,1,1
Calgary,Hsinchu,1,1
Dalian,Saint Petersburg,1,1
Jerusalem,Santiago,1,1
Budapest,Mexico City,1,1
Brussels,Jerusalem,1,1
Brussels,Budapest,1,1
Brisbane,Mexico City,1,1
Brisbane,Jerusalem,1,1
Canberra,Daejeon,1,1
Calgary,Frankfurt,1,1
Budapest,Heidelberg,1,1
Budapest,Calgary,1,1
Redmond,Tsukuba,1,1
Eindhoven,Minneapolis,1,1
Eindhoven,San Diego,1,1
Krakow,Milan,1,1
Bucharest,Krakow,1,1
Nanjing,Saint Petersburg,1,1
Hamburg,Saint Petersburg,1,1
Dalian,San Diego,1,1
Jerusalem,Mexico City,1,1
Jerusalem,Stockholm,1,1
Kyoto,Pittsburgh,1,1
Jerusalem,Warsaw,1,1
Kyoto,New Delhi,1,1
Kyoto,Lisbon,1,1
Kolkata,Kyoto,1,1
Brisbane,Kyoto,1,1
Delhi,Jerusalem,1,1
Bangkok,Nairobi,1,1
Copenhagen,Rotterdam,1,1
Bangkok,Kyoto,1,1
Sydney,Turin,1,1
Perth,Turin,1,1
Nanjing,Turin,1,1
Jakarta,Turin,1,1
Chennai,Jerusalem,1,1
Heidelberg,Lausanne,1,1
Heidelberg,Helsinki,1,1
Calgary,Jerusalem,1,1
Mexico City,Santiago,1,1
Osaka,Pittsburgh,1,1
Johannesburg,Mexico City,1,1
Kuala Lumpur,Osaka,1,1
Kolkata,Warsaw,1,1
Edinburgh,Nagoya,1,1
Suzhou,Toulouse,1,1
Chicago,Nagoya,1,1
Chennai,Nagoya,1,1
Boulder,Edinburgh,1,1
Perth,Rotterdam,1,1
Atlanta,Nagoya,1,1
Ankara,Nagoya,1,1
Salt Lake City,Sunnyvale,1,1
Phoenix,Rotterdam,1,1
Cambridge,Grenoble,1,1
Grenoble,Moscow,1,1
Daejeon,Dallas,1,1
Krakow,New Delhi,1,1
Houston,Krakow,1,1
Daejeon,Ho Chi Minh City,1,1
Daejeon,Stockholm,1,1
Kolkata,Nagoya,1,1
Lyon,Nagoya,1,1
Helsinki,Kuala Lumpur,1,1
Madrid,Nagoya,1,1
Bogota,Chennai,1,1
Bogota,Calgary,1,1
Bogota,Boston,1,1
Bengaluru,Bogota,1,1
Johannesburg,Nanjing,1,1
Barcelona,Bogota,1,1
Johannesburg,New Delhi,1,1
Auckland,Bogota,1,1
Amsterdam,Bogota,1,1
Johannesburg,Rotterdam,1,1
Hefei,Osaka,1,1
Auckland,Bucharest,1,1
Athens,Bucharest,1,1
Nagoya,Zurich,1,1
Nagoya,Stuttgart,1,1
Nagoya,San Diego,1,1
Nagoya,Redmond,1,1
Cape Town,Krakow,1,1
Abu Dhabi,Busan,1,1
Ho Chi Minh City,Kuala Lumpur,1,1
Busan,Kolkata,1,1
Athens,Grenoble,1,1
Haifa,Johannesburg,1,1
Busan,Moscow,1,1
Cambridge,Haifa,1,1
Busan,Philadelphia,1,1
Busan,Portland,1,1
Busan,Toulouse,1,1
Minneapolis,Toulouse,1,1
Lyon,Minneapolis,1,1
Busan,Zurich,1,1
Cupertino,Santiago,1,1
Busan,Cupertino,1,1
Hanoi,Philadelphia,1,1
Phoenix,Santiago,1,1
Hanoi,Toulouse,1,1
Hsinchu,Lausanne,1,1
Lausanne,Santiago,1,1
Busan,Lausanne,1,1
Busan,Hanoi,1,1
Abu Dhabi,Hamburg,1,1
Busan,Hamburg,1,1
Busan,Sydney,1,1
Busan,Stockholm,1,1
Busan,Prague,1,1
Busan,Montreal,1,1
Busan,Milan,1,1
Busan,Kuala Lumpur,1,1
Abu Dhabi,Hsinchu,1,1
Busan,Dubai,1,1
Busan,Copenhagen,1,1
Budapest,Busan,1,1
Bristol,Kuala Lumpur,1,1
Bristol,Frankfurt,1,1
Bristol,Busan,1,1
Bristol,Budapest,1,1
Bangkok,Busan,1,1
Bangkok,Bristol,1,1
Lausanne,Nairobi,1,1
Bogota,Copenhagen,1,1
Bogota,Denver,1,1
Bogota,Edinburgh,1,1
Cape Town,Nagoya,1,1
Boston,Busan,1,1
Bangkok,Nagoya,1,1
Ann Arbor,Bangkok,1,1
Denver,Osaka,1,1
Bristol,Rio de Janeiro,1,1
Busan,Osaka,1,1
Busan,Denver,1,1
Boulder,Osaka,1,1
Boulder,Busan,1,1
Geneva,Pittsburgh,1,1
Ann Arbor,Frankfurt,1,1
Ann Arbor,Johannesburg,1,1
Cupertino,Lausanne,1,1
Krakow,Saint Petersburg,1,1
Bristol,Raleigh,1,1
Bangkok,Brussels,1,1
Eindhoven,Pittsburgh,1,1
Gothenburg,Osaka,1,1
Bucharest,Edinburgh,1,1
Bogota,Guangzhou,1,1
Raleigh,Tsukuba,1,1
Riyadh,Salt Lake City,1,1
Heidelberg,Kuala Lumpur,1,1
Copenhagen,Manila,1,1
Copenhagen,Rio de Janeiro,1,1
Guangzhou,Manila,1,1
Manchester,Stuttgart,1,1
Manila,Rio de Janeiro,1,1
Cairo,Johannesburg,1,1
Hyderabad,Saint Petersburg,1,1
Cape Town,Rio de Janeiro,1,1
Cape Town,Kuala Lumpur,1,1
Canberra,Warsaw,1,1
Palo Alto,Saint Petersburg,1,1
Canberra,Raleigh,1,1
Canberra,New Delhi,1,1
Canberra,Kuala Lumpur,1,1
Canberra,Hamburg,1,1
Bangkok,Johannesburg,1,1
Bristol,Johannesburg,1,1
Hefei,Jakarta,1,1
Hanoi,Hefei,1,1
Bogota,Raleigh,1,1
Bogota,Pune,1,1
Bogota,Prague,1,1
Bogota,Paris,1,1
Helsinki,Rotterdam,1,1
Bogota,New Delhi,1,1
Bogota,Nanjing,1,1
Bogota,Munich,1,1
Bogota,Mumbai,1,1
Bogota,Miami,1,1
Bogota,Melbourne,1,1
Hong Kong,Johannesburg,1,1
Bogota,Los Angeles,1,1
Bogota,Lagos,1,1
Bogota,Kuala Lumpur,1,1
Bogota,Hyderabad,1,1
Bogota,Houston,1,1
Bogota,San Francisco,1,1
Bogota,Sao Paulo,1,1
Bogota,Seattle,1,1
Calgary,Kuala Lumpur,1,1
Ankara,Hefei,1,1
Saint Petersburg,Sunnyvale,1,1
Redmond,Saint Petersburg,1,1
Brussels,Johannesburg,1,1
Houston,Kuala Lumpur,1,1
Chengdu,Johannesburg,1,1
Haifa,Los Angeles,1,1
Dubai,Rotterdam,1,1
Helsinki,Johannesburg,1,1
Lausanne,Salt Lake City,1,1
Frankfurt,Johannesburg,1,1
Bogota,Warsaw,1,1
Bogota,Toronto,1,1
Bogota,Tokyo,1,1
Bogota,Singapore,1,1
Frankfurt,Rotterdam,1,1
Cairo,Xi'an,1,1
