source_city,target_city,edge_weight,shared_projects
Beijing,Shanghai,591,591
New York,San Francisco,573,573
San Francisco,Tokyo,557,557
Beijing,Tokyo,495,495
London,San Francisco,476,476
New York,Tokyo,430,430
San Francisco,Seattle,420,420
Shanghai,Tokyo,413,413
Beijing,Hangzhou,413,413
London,Tokyo,405,405
Beijing,San Francisco,403,403
London,New York,392,392
Hangzhou,Shanghai,349,349
San Francisco,Shanghai,347,347
New York,Seattle,338,338
Beijing,Shenzhen,335,335
Seattle,Tokyo,334,334
Beijing,Singapore,331,331
Berlin,San Francisco,319,319
Bengaluru,San Francisco,314,314
Paris,San Francisco,308,308
Beijing,New York,304,304
Shanghai,Shenzhen,303,303
Beijing,London,301,301
London,Seattle,298,298
Singapore,Tokyo,296,296
Hangzhou,Tokyo,287,287
San Francisco,Singapore,285,285
New York,Shanghai,271,271
Shanghai,Singapore,270,270
Paris,Tokyo,264,264
San Francisco,Toronto,260,260
New York,Singapore,257,257
London,Shanghai,256,256
New York,Paris,255,255
Berlin,New York,253,253
Berlin,London,250,250
Beijing,Hong Kong,248,248
Bengaluru,New York,248,248
Berlin,Tokyo,247,247
Bengaluru,Tokyo,246,246
New York,Toronto,243,243
Shenzhen,Tokyo,240,240
Beijing,Seattle,240,240
London,Paris,240,240
Seoul,Tokyo,239,239
San Francisco,Seoul,239,239
London,Singapore,234,234
Bengaluru,London,229,229
Hangzhou,Shenzhen,222,222
Hong Kong,Shanghai,221,221
Hangzhou,San Francisco,220,220
Beijing,Seoul,213,213
London,Toronto,205,205
Berlin,Seattle,204,204
Austin,San Francisco,203,203
Boston,San Francisco,203,203
Los Angeles,San Francisco,202,202
New York,Seoul,201,201
Seattle,Shanghai,198,198
Tokyo,Toronto,197,197
Bengaluru,Seattle,194,194
London,Seoul,193,193
Munich,San Francisco,191,191
Beijing,Guangzhou,189,189
Seattle,Singapore,187,187
Austin,New York,187,187
Hong Kong,Tokyo,187,187
San Francisco,Zurich,187,187
San Francisco,Vancouver,186,186
Boston,New York,183,183
Seoul,Shanghai,183,183
San Francisco,Shenzhen,181,181
Berlin,Paris,180,180
Seattle,Toronto,178,178
Paris,Seattle,177,177
Beijing,Berlin,176,176
Los Angeles,Tokyo,175,175
Beijing,Bengaluru,173,173
Los Angeles,New York,173,173
Hangzhou,Singapore,173,173
Hangzhou,London,171,171
Boston,London,171,171
Beijing,Paris,171,171
Beijing,Chengdu,169,169
Amsterdam,San Francisco,169,169
Beijing,Toronto,168,168
Chicago,San Francisco,168,168
Boston,Tokyo,168,168
Seattle,Seoul,164,164
Hangzhou,New York,164,164
Guangzhou,Shanghai,164,164
Shenzhen,Singapore,163,163
Tokyo,Vancouver,161,161
New York,Zurich,161,161
Bengaluru,Paris,160,160
New York,Vancouver,157,157
Chengdu,Shanghai,157,157
Munich,Tokyo,156,156
Austin,London,156,156
Chicago,New York,156,156
Austin,Tokyo,155,155
Berlin,Singapore,155,155
Bengaluru,Berlin,154,154
London,Munich,153,153
Berlin,Shanghai,152,152
Bengaluru,Shanghai,151,151
Beijing,Los Angeles,150,150
Cambridge,San Francisco,150,150
Hong Kong,San Francisco,150,150
Amsterdam,Tokyo,149,149
London,Shenzhen,149,149
New York,Shenzhen,149,149
Austin,Seattle,148,148
London,Los Angeles,148,148
Munich,New York,147,147
Beijing,Nanjing,147,147
Mountain View,San Francisco,147,147
Shanghai,Toronto,147,147
Paris,Shanghai,146,146
Hong Kong,Singapore,145,145
Seoul,Singapore,145,145
Tokyo,Zurich,145,145
Paris,Seoul,144,144
Boston,Seattle,143,143
Paris,Singapore,143,143
Chicago,Tokyo,140,140
Amsterdam,New York,139,139
Amsterdam,London,139,139
Hong Kong,New York,139,139
Beijing,Boston,138,138
San Francisco,San Jose,138,138
Los Angeles,Seattle,138,138
London,Vancouver,138,138
Paris,Toronto,137,137
Bengaluru,Seoul,137,137
London,Zurich,137,137
Bengaluru,Singapore,137,137
Melbourne,San Francisco,136,136
Berlin,Toronto,136,136
Singapore,Toronto,135,135
Montreal,San Francisco,134,134
Chicago,London,134,134
Seattle,Vancouver,134,134
Berlin,Seoul,133,133
Munich,Seattle,133,133
Bengaluru,Toronto,132,132
Hong Kong,Shenzhen,132,132
Beijing,Munich,132,132
San Francisco,Sydney,131,131
Sydney,Tokyo,131,131
Nanjing,Shanghai,129,129
Barcelona,San Francisco,128,128
Seattle,Zurich,128,128
Hangzhou,Seattle,128,128
Seoul,Toronto,128,128
Palo Alto,San Francisco,127,127
Hangzhou,Hong Kong,127,127
Cambridge,Tokyo,127,127
Guangzhou,Hangzhou,126,126
Barcelona,New York,126,126
Melbourne,New York,126,126
Munich,Paris,125,125
Chengdu,Hangzhou,125,125
Hong Kong,London,125,125
Beijing,Wuhan,123,123
Cambridge,New York,123,123
London,Montreal,121,121
Mumbai,San Francisco,121,121
Amsterdam,Berlin,121,121
Guangzhou,Tokyo,121,121
Los Angeles,Shanghai,121,121
Montreal,New York,120,120
Berlin,Munich,119,119
Austin,Beijing,119,119
Boston,Shanghai,118,118
Cambridge,London,118,118
New York,San Jose,118,118
Madrid,San Francisco,118,118
Montreal,Tokyo,117,117
San Francisco,Taipei,116,116
Beijing,Cambridge,116,116
New York,Sydney,116,116
Barcelona,Tokyo,115,115
Munich,Shanghai,115,115
Chicago,Seattle,115,115
Beijing,Zurich,115,115
San Jose,Tokyo,115,115
Shanghai,Wuhan,114,114
London,Melbourne,114,114
Bengaluru,Boston,114,114
Amsterdam,Seattle,114,114
Nanjing,Tokyo,113,113
Palo Alto,Tokyo,112,112
Redmond,Seattle,112,112
Melbourne,Tokyo,112,112
Austin,Shanghai,112,112
Taipei,Tokyo,111,111
London,Sydney,111,111
Mountain View,New York,111,111
Pune,San Francisco,110,110
Hangzhou,Seoul,110,110
Chengdu,Tokyo,109,109
Pune,Tokyo,109,109
Beijing,Vancouver,109,109
Atlanta,San Francisco,109,109
Bengaluru,Pune,108,108
Los Angeles,Singapore,108,108
London,San Jose,108,108
Austin,Toronto,107,107
Austin,Bengaluru,107,107
Amsterdam,Paris,107,107
Berlin,Boston,107,107
Austin,Berlin,107,107
Hangzhou,Nanjing,106,106
San Francisco,Washington,106,106
Barcelona,London,105,105
Guangzhou,Shenzhen,105,105
Boston,Singapore,105,105
Seattle,Shenzhen,105,105
Pittsburgh,San Francisco,105,105
Boston,Toronto,104,104
Chengdu,Shenzhen,104,104
Beijing,San Jose,104,104
London,Mountain View,104,104
New York,Washington,104,104
Bengaluru,Hangzhou,102,102
Los Angeles,Paris,102,102
Berlin,Zurich,102,102
Bengaluru,Munich,102,102
Bengaluru,Los Angeles,102,102
Austin,Paris,101,101
Beijing,Chicago,101,101
Bengaluru,Mumbai,101,101
Madrid,New York,101,101
Boston,Seoul,101,101
Amsterdam,Beijing,101,101
Atlanta,New York,101,101
Shanghai,Zurich,100,100
Shanghai,Vancouver,100,100
Guangzhou,San Francisco,100,100
Seoul,Shenzhen,100,100
Los Angeles,Seoul,100,100
Toronto,Vancouver,100,100
Berlin,Chicago,99,99
San Jose,Seattle,99,99
Munich,Toronto,99,99
Paris,Zurich,99,99
Pittsburgh,Tokyo,99,99
Munich,Singapore,98,98
San Francisco,Vienna,98,98
Austin,Singapore,98,98
San Diego,San Francisco,98,98
Chicago,Shanghai,98,98
Mountain View,Tokyo,98,98
Boston,Paris,97,97
Hyderabad,San Francisco,97,97
Beijing,Sydney,97,97
Seattle,Sydney,97,97
Berlin,Vancouver,97,97
Bengaluru,Vancouver,96,96
San Jose,Shanghai,96,96
New York,Pune,96,96
Los Angeles,Toronto,96,96
Redmond,San Francisco,96,96
Atlanta,London,96,96
Mumbai,Tokyo,95,95
Berlin,Los Angeles,95,95
Amsterdam,Singapore,95,95
Nanjing,Shenzhen,95,95
Amsterdam,Shanghai,95,95
Montreal,Seattle,95,95
Chengdu,San Francisco,95,95
San Francisco,Stockholm,95,95
Atlanta,Tokyo,95,95
New York,Palo Alto,95,95
Chicago,Singapore,95,95
Hong Kong,Seoul,94,94
Berlin,Hangzhou,94,94
Redmond,Tokyo,94,94
Shanghai,Sydney,94,94
Dublin,San Francisco,94,94
Mountain View,Seattle,94,94
London,Taipei,94,94
London,Mumbai,93,93
Tokyo,Washington,93,93
London,Pune,93,93
Berlin,Shenzhen,93,93
Beijing,Melbourne,93,93
Beijing,Palo Alto,92,92
Beijing,Taipei,92,92
Bengaluru,Zurich,92,92
Bengaluru,Chicago,92,92
Munich,Seoul,92,92
Singapore,Zurich,91,91
Paris,Shenzhen,91,91
Cambridge,Seattle,91,91
Hangzhou,Paris,90,90
Melbourne,Seattle,90,90
Hong Kong,Seattle,90,90
Hamburg,San Francisco,90,90
Beijing,Pittsburgh,90,90
Mumbai,New York,90,90
Hyderabad,New York,90,90
Amsterdam,Bengaluru,90,90
London,Madrid,90,90
Beijing,Mountain View,90,90
New York,Redmond,90,90
Tokyo,Wuhan,89,89
Chicago,Toronto,89,89
Hamburg,New York,89,89
Bengaluru,Hyderabad,89,89
Amsterdam,Toronto,89,89
San Francisco,Sunnyvale,89,89
Toronto,Zurich,89,89
Austin,Seoul,89,89
Chicago,Paris,88,88
Dublin,New York,88,88
New York,Stockholm,88,88
London,Palo Alto,88,88
New York,Taipei,87,87
Hyderabad,Tokyo,87,87
Beijing,Montreal,87,87
New York,Pittsburgh,87,87
Singapore,Vancouver,87,87
London,Redmond,87,87
New York,San Diego,87,87
Barcelona,Beijing,86,86
Prague,San Francisco,86,86
Paris,Vancouver,86,86
Guangzhou,Singapore,86,86
Mountain View,Shanghai,86,86
Atlanta,Seattle,86,86
Chengdu,Singapore,86,86
London,Stockholm,86,86
Cambridge,Shanghai,86,86
Hangzhou,Wuhan,85,85
Madrid,Tokyo,85,85
New York,Vienna,85,85
San Francisco,Warsaw,85,85
New Delhi,San Francisco,84,84
Hangzhou,Toronto,84,84
Seoul,Vancouver,84,84
Denver,San Francisco,84,84
Hangzhou,Los Angeles,84,84
Seoul,Zurich,84,84
Austin,Boston,83,83
Los Angeles,Zurich,83,83
Bengaluru,Shenzhen,82,82
London,Pittsburgh,82,82
Beijing,Redmond,82,82
Berlin,Montreal,82,82
Barcelona,Paris,82,82
Hyderabad,London,82,82
Austin,Los Angeles,82,82
Munich,Zurich,82,82
Bengaluru,Cambridge,81,81
Seattle,Washington,81,81
Dublin,London,81,81
Amsterdam,Seoul,81,81
Singapore,Sydney,81,81
Austin,Chicago,81,81
Shenzhen,Wuhan,81,81
London,Prague,81,81
Shanghai,Taipei,81,81
Shenzhen,Toronto,80,80
London,Washington,80,80
San Francisco,Sao Paulo,80,80
Chicago,Seoul,80,80
Melbourne,Shanghai,80,80
Bengaluru,New Delhi,79,79
Austin,Munich,79,79
Stockholm,Tokyo,79,79
Chengdu,New York,79,79
Guangzhou,London,79,79
Cambridge,Paris,79,79
Cambridge,Singapore,78,78
Tokyo,Vienna,78,78
Nanjing,San Francisco,78,78
Madrid,Paris,78,78
London,Vienna,78,78
New York,Prague,78,78
Sydney,Toronto,78,78
Montreal,Toronto,78,78
Atlanta,Beijing,78,78
Melbourne,Singapore,78,78
Guangzhou,New York,78,78
Barcelona,Seattle,77,77
Seoul,Sydney,77,77
Hamburg,London,77,77
Boston,Munich,77,77
New York,Sunnyvale,76,76
Los Angeles,Vancouver,76,76
Pittsburgh,Seattle,76,76
Barcelona,Shanghai,76,76
Melbourne,Paris,76,76
Montreal,Paris,76,76
New Delhi,Tokyo,75,75
Lisbon,San Francisco,75,75
Berlin,Cambridge,75,75
Berlin,Melbourne,75,75
Austin,Vancouver,74,74
Pune,Seattle,74,74
Beijing,Pune,74,74
Dublin,Tokyo,74,74
Bengaluru,Montreal,74,74
Pittsburgh,Shanghai,74,74
Palo Alto,Seattle,74,74
Hong Kong,Toronto,74,74
Barcelona,Singapore,74,74
Boston,Los Angeles,73,73
Austin,Zurich,73,73
Montreal,Shanghai,73,73
Boston,Hangzhou,73,73
Sunnyvale,Tokyo,73,73
Barcelona,Bengaluru,73,73
Mountain View,Paris,73,73
Bengaluru,Melbourne,73,73
Chicago,Zurich,72,72
Amsterdam,Boston,72,72
Chengdu,London,72,72
Tokyo,Warsaw,72,72
Barcelona,Toronto,71,71
San Diego,Seattle,71,71
Montreal,Seoul,71,71
Denver,New York,71,71
Barcelona,Berlin,71,71
Singapore,Taipei,71,71
Boston,Cambridge,71,71
Montreal,Singapore,71,71
Prague,Tokyo,71,71
Boston,Vancouver,71,71
Mumbai,Seattle,71,71
Bengaluru,San Jose,71,71
Hong Kong,Paris,70,70
Atlanta,Singapore,70,70
Melbourne,Toronto,70,70
Beijing,Sunnyvale,70,70
Guangzhou,Hong Kong,70,70
Cambridge,Toronto,70,70
Amsterdam,Munich,70,70
Berlin,Sydney,70,70
Redmond,Shanghai,70,70
Hamburg,Tokyo,70,70
Palo Alto,Shanghai,70,70
Hyderabad,Seattle,70,70
Seattle,Sunnyvale,70,70
Chicago,Los Angeles,70,70
Amsterdam,Hangzhou,69,69
Hangzhou,Munich,69,69
London,New Delhi,69,69
Boston,Shenzhen,68,68
Seattle,Taipei,68,68
Amsterdam,Austin,68,68
Mumbai,Paris,68,68
Beijing,Dublin,68,68
Seoul,Taipei,68,68
Barcelona,Seoul,68,68
Austin,Hangzhou,68,68
New Delhi,New York,68,68
Milan,San Francisco,68,68
Chicago,Munich,68,68
Atlanta,Berlin,68,68
Atlanta,Shanghai,68,68
Guangzhou,Seoul,68,68
Bengaluru,Sydney,67,67
San Jose,Seoul,67,67
Boston,Chicago,67,67
Lisbon,London,67,67
Paris,Sydney,67,67
Nanjing,Singapore,67,67
Chennai,San Francisco,67,67
Los Angeles,Munich,67,67
San Diego,Tokyo,66,66
Houston,San Francisco,66,66
Madrid,Seattle,66,66
Mountain View,Singapore,66,66
Beijing,San Diego,66,66
Philadelphia,San Francisco,66,66
Beijing,Washington,66,66
Dallas,San Francisco,66,66
Bengaluru,Stockholm,66,66
Berlin,Pune,66,66
Cambridge,Seoul,66,66
Berlin,Mumbai,66,66
Boston,Zurich,65,65
Bengaluru,Hong Kong,65,65
Munich,Vancouver,65,65
Boston,Hong Kong,65,65
Shenzhen,Vancouver,65,65
Amsterdam,Shenzhen,65,65
Berlin,Hong Kong,65,65
Seattle,Stockholm,65,65
Chengdu,Hong Kong,64,64
London,Warsaw,64,64
London,Sao Paulo,64,64
Shanghai,Sunnyvale,64,64
Melbourne,Seoul,64,64
Palo Alto,Singapore,64,64
Denver,London,64,64
Austin,Montreal,64,64
Hamburg,Seattle,64,64
Miami,San Francisco,64,64
Hangzhou,Vancouver,64,64
Moscow,San Francisco,63,63
New York,Sao Paulo,63,63
Mountain View,Seoul,63,63
Sao Paulo,Tokyo,63,63
Atlanta,Bengaluru,63,63
London,Sunnyvale,63,63
Atlanta,Seoul,63,63
Beijing,Mumbai,63,63
Paris,Pune,63,63
Austin,Melbourne,63,63
Paris,Stockholm,63,63
Hong Kong,Los Angeles,62,62
Mumbai,Toronto,62,62
Los Angeles,Shenzhen,62,62
Pittsburgh,Singapore,62,62
Amsterdam,Melbourne,62,62
Bengaluru,Mountain View,62,62
Berlin,Hyderabad,62,62
Lisbon,New York,62,62
Nanjing,New York,62,62
Bengaluru,Chennai,62,62
San Jose,Singapore,62,62
New York,Philadelphia,62,62
Dublin,Seattle,62,62
Chennai,Tokyo,62,62
Berlin,Mountain View,62,62
Mountain View,Toronto,62,62
Beijing,Madrid,62,62
Paris,San Jose,61,61
Montreal,Munich,61,61
Beijing,Suzhou,61,61
Shenzhen,Sydney,61,61
Bengaluru,Dublin,61,61
Philadelphia,Tokyo,61,61
Beijing,Xi'an,61,61
Munich,Shenzhen,61,61
Atlanta,Paris,61,61
Taipei,Toronto,61,61
Paris,Prague,61,61
Pune,Shanghai,61,61
New York,Warsaw,61,61
Lisbon,Tokyo,61,61
Berlin,San Jose,61,61
Los Angeles,Mountain View,61,61
London,San Diego,61,61
Hong Kong,Nanjing,60,60
Amsterdam,Barcelona,60,60
Atlanta,Toronto,60,60
Munich,Sydney,60,60
Chennai,London,60,60
Toronto,Washington,60,60
San Francisco,Wuhan,59,59
Berlin,Stockholm,59,59
Chicago,Hangzhou,59,59
Amsterdam,Los Angeles,59,59
San Diego,Shanghai,59,59
Bengaluru,Madrid,59,59
Austin,Barcelona,59,59
Amsterdam,Zurich,59,59
Hamburg,Paris,59,59
Hangzhou,Zurich,59,59
Mumbai,Shanghai,59,59
Paris,Taipei,59,59
Seattle,Vienna,59,59
Montreal,Vancouver,58,58
Beijing,Warsaw,58,58
Madrid,Singapore,58,58
Chengdu,Guangzhou,58,58
Berlin,Vienna,58,58
Beijing,Philadelphia,58,58
Delhi,San Francisco,58,58
Milan,Tokyo,58,58
Chennai,New York,58,58
Bengaluru,Kolkata,58,58
Dublin,Paris,58,58
Sydney,Vancouver,58,58
Pune,Seoul,58,58
New Delhi,Seattle,58,58
Milan,New York,58,58
London,Nanjing,58,58
Berlin,Sao Paulo,58,58
Singapore,Wuhan,58,58
Hangzhou,Taipei,58,58
Hamburg,Toronto,58,58
Cambridge,Los Angeles,58,58
Paris,Vienna,57,57
Vancouver,Zurich,57,57
Berlin,Taipei,57,57
Paris,Washington,57,57
Beijing,Hyderabad,57,57
Boston,Montreal,57,57
Hyderabad,Shanghai,57,57
Toronto,Vienna,57,57
Chicago,Vancouver,57,57
Cambridge,Chicago,57,57
San Francisco,Tel Aviv,57,57
Hyderabad,Pune,57,57
Montreal,Sydney,57,57
Madrid,Shanghai,57,57
Houston,Tokyo,57,57
San Jose,Toronto,57,57
Berlin,Madrid,57,57
Mumbai,Pune,57,57
Beijing,Moscow,56,56
Barcelona,Hangzhou,56,56
Paris,Warsaw,56,56
Miami,Tokyo,56,56
Singapore,Stockholm,56,56
Hyderabad,Paris,56,56
Bengaluru,Taipei,56,56
Houston,London,56,56
Amsterdam,Chicago,56,56
Bengaluru,Delhi,56,56
Hyderabad,Toronto,56,56
Mountain View,San Jose,56,56
Dallas,New York,56,56
New York,Tel Aviv,56,56
London,Milan,56,56
Istanbul,San Francisco,56,56
Beijing,Vienna,56,56
Austin,Mountain View,56,56
Guangzhou,Seattle,56,56
Berlin,Palo Alto,56,56
Shanghai,Xi'an,55,55
Los Angeles,San Jose,55,55
Austin,San Jose,55,55
Beijing,Stockholm,55,55
Dubai,San Francisco,55,55
Mountain View,Zurich,55,55
Hangzhou,Sydney,55,55
Hong Kong,Wuhan,55,55
Boston,Melbourne,55,55
Madrid,Seoul,55,55
Bengaluru,Hamburg,55,55
London,Wuhan,55,55
Moscow,Shanghai,54,54
Denver,Seattle,54,54
Dubai,Tokyo,54,54
Dubai,London,54,54
Montreal,Zurich,54,54
Chengdu,Seattle,54,54
Berlin,Hamburg,54,54
Seattle,Warsaw,54,54
Shanghai,Washington,54,54
New York,Wuhan,54,54
Los Angeles,Madrid,54,54
Denver,Tokyo,54,54
London,Tel Aviv,54,54
Guangzhou,Nanjing,54,54
Shanghai,Suzhou,54,54
Pune,Singapore,54,54
Dublin,Shanghai,54,54
Mumbai,Singapore,54,54
Pune,Toronto,53,53
Beijing,Hamburg,53,53
Hong Kong,Munich,53,53
Kolkata,San Francisco,53,53
Barcelona,Shenzhen,53,53
Miami,New York,53,53
Kolkata,Tokyo,53,53
Bengaluru,Palo Alto,53,53
Hangzhou,San Jose,53,53
Shanghai,Vienna,53,53
Moscow,New York,53,53
Cambridge,Zurich,53,53
Moscow,Tokyo,53,53
Hyderabad,Seoul,53,53
Melbourne,Shenzhen,52,52
Sao Paulo,Seattle,52,52
Guangzhou,Wuhan,52,52
Los Angeles,Montreal,52,52
Houston,New York,52,52
Shenzhen,Zurich,52,52
Beijing,New Delhi,52,52
Bengaluru,Sunnyvale,52,52
Melbourne,Munich,52,52
Madrid,Toronto,52,52
Hangzhou,Melbourne,52,52
Bengaluru,Washington,52,52
Atlanta,Austin,52,52
Singapore,Washington,52,52
Mumbai,Seoul,52,52
Delhi,London,52,52
Melbourne,Vancouver,52,52
Hyderabad,Mumbai,52,52
Paris,Pittsburgh,52,52
Barcelona,Munich,52,52
Beijing,Prague,52,52
Seoul,Vienna,52,52
Austin,Sydney,52,52
Prague,Seattle,52,52
Dubai,New York,51,51
Mumbai,Vancouver,51,51
Stockholm,Toronto,51,51
Barcelona,Los Angeles,51,51
Madrid,Zurich,51,51
Hangzhou,Palo Alto,51,51
Berlin,Prague,51,51
Bengaluru,San Diego,51,51
London,Miami,51,51
Amsterdam,Vancouver,51,51
Los Angeles,Sydney,51,51
Mumbai,Munich,51,51
Austin,Pune,51,51
Beijing,Hefei,51,51
Bengaluru,Redmond,51,51
Singapore,Vienna,50,50
Paris,Sao Paulo,50,50
Atlanta,Vancouver,50,50
Barcelona,Vancouver,50,50
Kolkata,New York,50,50
Palo Alto,Paris,50,50
Boston,San Jose,50,50
Munich,Pune,50,50
Amsterdam,Hong Kong,50,50
Palo Alto,Seoul,50,50
Delhi,Tokyo,50,50
Chicago,Montreal,50,50
Palo Alto,Toronto,50,50
Austin,Shenzhen,50,50
Berlin,Warsaw,50,50
Shanghai,Stockholm,50,50
Boulder,New York,50,50
Beijing,Denver,50,50
Hamburg,Shanghai,50,50
Austin,Cambridge,50,50
Hong Kong,Vancouver,50,50
San Diego,Singapore,49,49
Suzhou,Tokyo,49,49
Hefei,Shanghai,49,49
Hyderabad,Singapore,49,49
Denver,Singapore,49,49
Bengaluru,Vienna,49,49
Shenzhen,Taipei,49,49
Austin,Hong Kong,49,49
Pittsburgh,Seoul,49,49
Hangzhou,Mountain View,49,49
Houston,Seattle,49,49
Dallas,Tokyo,49,49
Munich,San Jose,49,49
New Delhi,Paris,49,49
Austin,Mumbai,49,49
Redmond,Singapore,49,49
Cambridge,Hangzhou,49,49
Hyderabad,Munich,49,49
Boston,Taipei,49,49
Boston,Pune,49,49
San Francisco,Waterloo,49,49
Istanbul,London,49,49
Dublin,Seoul,49,49
Mumbai,New Delhi,48,48
Hong Kong,Sydney,48,48
Mountain View,Munich,48,48
Dallas,Seattle,48,48
Hong Kong,Melbourne,48,48
Amsterdam,Mumbai,48,48
Chicago,San Jose,48,48
Copenhagen,San Francisco,48,48
Seoul,Warsaw,48,48
London,Moscow,48,48
Barcelona,Boston,48,48
Austin,Taipei,48,48
Chicago,Sydney,48,48
Delhi,New York,48,48
Chengdu,Toronto,48,48
Munich,Vienna,48,48
Ottawa,San Francisco,48,48
Dallas,London,48,48
Berlin,Pittsburgh,48,48
Melbourne,Sydney,48,48
Berlin,Washington,48,48
San Diego,Toronto,48,48
Barcelona,Hong Kong,48,48
Chicago,Melbourne,48,48
Atlanta,Los Angeles,48,48
Boston,Sydney,48,48
Hangzhou,Suzhou,48,48
Guangzhou,Los Angeles,47,47
Berlin,Dublin,47,47
Munich,Washington,47,47
Philadelphia,Seattle,47,47
Berlin,New Delhi,47,47
Boston,Madrid,47,47
Berlin,Denver,47,47
Redmond,Toronto,47,47
Seoul,Stockholm,47,47
Amsterdam,Sydney,47,47
Cambridge,Montreal,47,47
Chicago,Mountain View,47,47
Amsterdam,Montreal,47,47
Los Angeles,Palo Alto,47,47
Atlanta,Chicago,47,47
London,Philadelphia,47,47
San Jose,Vancouver,47,47
Hangzhou,Pittsburgh,46,46
Chengdu,Seoul,46,46
Mountain View,Vancouver,46,46
New York,Ottawa,46,46
Melbourne,Montreal,46,46
Cambridge,Hong Kong,46,46
Redmond,Sydney,46,46
Los Angeles,Mumbai,46,46
Atlanta,Zurich,46,46
Chicago,Hong Kong,46,46
Atlanta,Munich,46,46
Cambridge,Munich,46,46
Chennai,Seattle,46,46
Austin,Hyderabad,46,46
Hong Kong,Pittsburgh,46,46
Vancouver,Washington,46,46
Beijing,Sao Paulo,46,46
Austin,Dublin,46,46
Boulder,San Francisco,46,46
Austin,Redmond,46,46
Istanbul,Tokyo,46,46
Philadelphia,Shanghai,46,46
Lisbon,Seattle,46,46
Melbourne,Zurich,46,46
Boston,Dublin,46,46
Dublin,Singapore,46,46
Los Angeles,Melbourne,46,46
Bengaluru,Prague,46,46
Paris,Redmond,46,46
San Jose,Zurich,46,46
Barcelona,Chicago,46,46
Budapest,San Francisco,45,45
Chicago,Washington,45,45
Boston,Mountain View,45,45
Cambridge,Mountain View,45,45
Bengaluru,Guangzhou,45,45
New Delhi,Toronto,45,45
Seoul,Washington,45,45
Chengdu,Nanjing,45,45
San Diego,Seoul,45,45
Bengaluru,Pittsburgh,45,45
Bengaluru,Chengdu,45,45
Madrid,Munich,45,45
Paris,San Diego,45,45
Atlanta,Shenzhen,45,45
Hong Kong,Zurich,45,45
Hong Kong,San Jose,45,45
Austin,Madrid,45,45
Paris,Sunnyvale,45,45
Sao Paulo,Singapore,45,45
Hong Kong,Montreal,45,45
Austin,Stockholm,44,44
Atlanta,Hangzhou,44,44
Bengaluru,Warsaw,44,44
Dubai,Seattle,44,44
Pittsburgh,Shenzhen,44,44
Chengdu,Los Angeles,44,44
Edinburgh,San Francisco,44,44
Prague,Seoul,44,44
Toronto,Warsaw,44,44
Sao Paulo,Shanghai,44,44
Redmond,Seoul,44,44
Hamburg,Seoul,44,44
Barcelona,Sydney,44,44
Copenhagen,New York,44,44
Tel Aviv,Tokyo,44,44
Munich,Taipei,44,44
Chicago,Shenzhen,44,44
Amsterdam,Hyderabad,44,44
Chicago,Madrid,44,44
Hyderabad,New Delhi,44,44
Istanbul,New York,44,44
Sao Paulo,Toronto,44,44
Boston,Hamburg,44,44
Chennai,Paris,44,44
Copenhagen,Tokyo,44,44
Prague,Toronto,43,43
Los Angeles,Washington,43,43
Milan,Seattle,43,43
Hamburg,Singapore,43,43
Tokyo,Xi'an,43,43
Los Angeles,Pune,43,43
Hangzhou,Pune,43,43
Beijing,Lisbon,43,43
Singapore,Sunnyvale,43,43
Vancouver,Vienna,43,43
Austin,Sunnyvale,43,43
New Delhi,Pune,43,43
Miami,Seattle,43,43
Cambridge,Vancouver,43,43
New Delhi,Shanghai,43,43
Shanghai,Warsaw,43,43
Singapore,Warsaw,43,43
Boston,Redmond,43,43
Chennai,Mumbai,43,43
Copenhagen,Seattle,43,43
Nanjing,Wuhan,43,43
Montreal,Shenzhen,43,43
Beijing,Tianjin,43,43
Redmond,Vancouver,43,43
Nanjing,Seattle,42,42
Beijing,Dallas,42,42
Los Angeles,San Diego,42,42
Austin,Hamburg,42,42
Denver,Shanghai,42,42
Hangzhou,Mumbai,42,42
Prague,Shanghai,42,42
Seoul,Sunnyvale,42,42
Shenzhen,Suzhou,42,42
Los Angeles,Stockholm,42,42
New Delhi,Seoul,42,42
Hong Kong,Mountain View,42,42
Kolkata,Seattle,42,42
Dublin,Zurich,42,42
Hong Kong,Palo Alto,42,42
Berlin,Redmond,42,42
Beijing,Istanbul,42,42
Lisbon,Paris,42,42
Denver,Toronto,42,42
Austin,Washington,42,42
Sydney,Zurich,42,42
Berlin,Lisbon,42,42
Boston,Mumbai,42,42
Amsterdam,Pune,42,42
Guangzhou,Munich,42,42
Milan,Shanghai,42,42
Delhi,Seattle,42,42
Bengaluru,Sao Paulo,42,42
Copenhagen,London,41,41
Cambridge,San Jose,41,41
Cambridge,Shenzhen,41,41
Guangzhou,Paris,41,41
Pittsburgh,Toronto,41,41
Taipei,Vancouver,41,41
Redmond,Zurich,41,41
Bengaluru,Dubai,41,41
Munich,Stockholm,41,41
Boston,Denver,41,41
Chicago,Mumbai,41,41
Beijing,Dubai,41,41
Barcelona,Zurich,41,41
Kolkata,London,41,41
Hyderabad,Los Angeles,41,41
Beijing,Edinburgh,41,41
Amsterdam,Taipei,41,41
Boston,Palo Alto,41,41
Amsterdam,Stockholm,41,41
Kolkata,Mumbai,41,41
Helsinki,San Francisco,41,41
Budapest,Tokyo,41,41
Bengaluru,Lisbon,41,41
Amsterdam,Prague,40,40
Madrid,Vancouver,40,40
Boulder,London,40,40
Berlin,Chengdu,40,40
Boston,Stockholm,40,40
Seoul,Wuhan,40,40
Prague,Singapore,40,40
Boston,Hyderabad,40,40
Budapest,New York,40,40
Berlin,San Diego,40,40
Chengdu,Wuhan,40,40
Nanjing,Seoul,40,40
Chicago,Taipei,40,40
Beijing,Houston,40,40
Moscow,Singapore,40,40
Rome,San Francisco,40,40
Boston,Pittsburgh,40,40
Boston,Washington,40,40
Helsinki,New York,40,40
Munich,Redmond,40,40
Barcelona,Mumbai,40,40
Boston,Chengdu,40,40
Austin,San Diego,40,40
Dublin,Toronto,40,40
Shanghai,Tianjin,40,40
Berlin,Chennai,40,40
Dallas,Singapore,40,40
Dubai,Shanghai,40,40
Hamburg,Munich,40,40
Denver,Paris,40,40
Sydney,Washington,39,39
Hong Kong,Taipei,39,39
Budapest,London,39,39
Berlin,Philadelphia,39,39
Atlanta,Boston,39,39
Amsterdam,Atlanta,39,39
Beijing,Milan,39,39
Taipei,Zurich,39,39
Atlanta,Montreal,39,39
Berlin,Tel Aviv,39,39
Dallas,Shanghai,39,39
Austin,Vienna,39,39
Munich,Prague,39,39
Chicago,Vienna,39,39
Sydney,Taipei,39,39
Hong Kong,San Diego,39,39
Hangzhou,Hyderabad,39,39
Hamburg,Los Angeles,39,39
San Jose,Washington,39,39
Austin,Palo Alto,39,39
Chicago,San Diego,39,39
Milan,Singapore,39,39
Beijing,Chennai,39,39
Ho Chi Minh City,San Francisco,39,39
Delhi,Mumbai,39,39
Shenzhen,Xi'an,39,39
Bengaluru,Denver,38,38
New Delhi,Singapore,38,38
Chennai,Toronto,38,38
Amsterdam,Madrid,38,38
San Francisco,Xi'an,38,38
Moscow,Seattle,38,38
Houston,Toronto,38,38
Los Angeles,Redmond,38,38
London,Oxford,38,38
New York,Waterloo,38,38
Bengaluru,Nanjing,38,38
Barcelona,Melbourne,38,38
Chicago,Stockholm,38,38
Mountain View,Palo Alto,38,38
Mountain View,Shenzhen,38,38
Bengaluru,Istanbul,38,38
Austin,Denver,38,38
Austin,Sao Paulo,38,38
Singapore,Tel Aviv,38,38
Beijing,Tel Aviv,38,38
Palo Alto,Zurich,38,38
Boulder,Seattle,38,38
Philadelphia,Seoul,38,38
Miami,Shanghai,38,38
Munich,Warsaw,38,38
Amsterdam,San Jose,38,38
Hangzhou,Xi'an,38,38
Miami,Seoul,38,38
Los Angeles,Sunnyvale,37,37
Berlin,Dallas,37,37
Guangzhou,Toronto,37,37
Beijing,Copenhagen,37,37
Pittsburgh,Zurich,37,37
Brisbane,New York,37,37
Athens,San Francisco,37,37
Amsterdam,New Delhi,37,37
Austin,Warsaw,37,37
Bangkok,San Francisco,37,37
Amsterdam,Cambridge,37,37
Los Angeles,Taipei,37,37
Hyderabad,Zurich,37,37
Chicago,Dublin,37,37
Dublin,Los Angeles,37,37
Hefei,Shenzhen,37,37
London,Ottawa,37,37
Dallas,Toronto,37,37
Austin,Pittsburgh,37,37
Mountain View,Sunnyvale,37,37
Berlin,Houston,37,37
Cambridge,Palo Alto,37,37
Singapore,Xi'an,37,37
Stockholm,Zurich,37,37
Beijing,Miami,37,37
Barcelona,Montreal,37,37
Atlanta,Hong Kong,37,37
Athens,New York,37,37
Athens,London,37,37
Oxford,San Francisco,37,37
Hangzhou,Montreal,37,37
Vienna,Zurich,37,37
Seattle,Wuhan,37,37
Sunnyvale,Toronto,37,37
Lisbon,Shanghai,37,37
Hamburg,Vancouver,37,37
Atlanta,Sydney,36,36
Ankara,San Francisco,36,36
Boston,Vienna,36,36
Tokyo,Waterloo,36,36
Miami,Singapore,36,36
Miami,Toronto,36,36
Amsterdam,Hamburg,36,36
Cambridge,San Diego,36,36
Hangzhou,Sunnyvale,36,36
Berlin,Copenhagen,36,36
Hangzhou,Hefei,36,36
Cambridge,Sydney,36,36
Houston,Paris,36,36
Bengaluru,Houston,36,36
Sydney,Vienna,36,36
Houston,Shanghai,36,36
Guangzhou,Vancouver,36,36
Moscow,Seoul,36,36
Houston,Singapore,36,36
Dubai,Toronto,36,36
San Jose,Shenzhen,36,36
Los Angeles,Pittsburgh,36,36
Chicago,Hyderabad,36,36
Dublin,Munich,36,36
Montreal,Mountain View,36,36
Palo Alto,Shenzhen,36,36
Lausanne,San Francisco,35,35
Montreal,Washington,35,35
Berlin,Milan,35,35
Berlin,Sunnyvale,35,35
Atlanta,Melbourne,35,35
Istanbul,Singapore,35,35
Washington,Zurich,35,35
Munich,Sunnyvale,35,35
Los Angeles,New Delhi,35,35
Hangzhou,Tianjin,35,35
Ho Chi Minh City,Tokyo,35,35
Mumbai,Zurich,35,35
Oxford,Singapore,35,35
Ottawa,Tokyo,35,35
Paris,Philadelphia,35,35
Amsterdam,Vienna,35,35
Chicago,Pune,35,35
London,Rome,35,35
San Francisco,Suzhou,35,35
Chicago,Redmond,35,35
Boston,Lisbon,35,35
Austin,Miami,35,35
Delhi,Shanghai,35,35
Delhi,Toronto,35,35
Cupertino,San Francisco,35,35
Austin,Chengdu,35,35
Prague,Vancouver,35,35
Brisbane,San Francisco,35,35
Bangkok,Tokyo,35,35
Sao Paulo,Seoul,35,35
Chengdu,Paris,35,35
Dallas,Seoul,35,35
Beijing,Kolkata,35,35
Cambridge,Hamburg,35,35
Beijing,Budapest,35,35
Munich,Pittsburgh,35,35
Boulder,Tokyo,35,35
Munich,New Delhi,34,34
Copenhagen,Paris,34,34
Kolkata,New Delhi,34,34
Kolkata,Shanghai,34,34
Ho Chi Minh City,London,34,34
Mountain View,San Diego,34,34
Bengaluru,Miami,34,34
Chicago,Palo Alto,34,34
Tianjin,Tokyo,34,34
Istanbul,Paris,34,34
Munich,San Diego,34,34
Bengaluru,Dallas,34,34
Toronto,Waterloo,34,34
Chengdu,Vancouver,34,34
Chennai,Pune,34,34
Hyderabad,Shenzhen,34,34
San Diego,Zurich,34,34
Delhi,Paris,34,34
Kolkata,Paris,34,34
Helsinki,Paris,34,34
Denver,Seoul,34,34
Moscow,Toronto,34,34
Philadelphia,Singapore,34,34
Delhi,Singapore,34,34
Chennai,Shanghai,34,34
Chennai,Singapore,34,34
Austin,New Delhi,34,34
Cupertino,Tokyo,34,34
Istanbul,Seoul,34,34
New York,Xi'an,34,34
Berlin,Guangzhou,34,34
Chicago,Warsaw,34,34
Hamburg,Zurich,34,34
Hyderabad,Sydney,34,34
Mountain View,Washington,34,34
Denver,Los Angeles,33,33
Helsinki,London,33,33
Beijing,Delhi,33,33
Pune,Zurich,33,33
New York,Oxford,33,33
Barcelona,Taipei,33,33
London,Waterloo,33,33
Chicago,Sao Paulo,33,33
Munich,Palo Alto,33,33
Boston,Dallas,33,33
Lisbon,Toronto,33,33
Ho Chi Minh City,New York,33,33
Chicago,Pittsburgh,33,33
Atlanta,Barcelona,33,33
Berlin,Delhi,33,33
Oxford,Tokyo,33,33
Boston,Sao Paulo,33,33
Tel Aviv,Toronto,33,33
Mountain View,Taipei,33,33
Dublin,Hangzhou,33,33
Miami,Paris,33,33
Palo Alto,San Jose,33,33
Hyderabad,Kolkata,33,33
Beijing,Helsinki,33,33
Melbourne,Mumbai,33,33
Bangkok,New York,33,33
Seattle,Tel Aviv,33,33
Berlin,Nanjing,33,33
Beijing,Cupertino,33,33
Chennai,Hyderabad,33,33
Boston,San Diego,33,33
Montreal,Redmond,33,33
Boston,Chennai,33,33
Kolkata,Seoul,33,33
Delhi,New Delhi,33,33
Hangzhou,Vienna,33,33
Atlanta,Mumbai,33,33
Istanbul,Seattle,33,33
Delhi,Pune,33,33
Pune,Vancouver,33,33
Helsinki,Tokyo,33,33
Milan,Paris,33,33
Hyderabad,San Jose,33,33
Dublin,San Jose,33,33
Milan,Toronto,33,33
Guangzhou,Pittsburgh,33,33
Hangzhou,Madrid,32,32
Hangzhou,Philadelphia,32,32
Pittsburgh,Vancouver,32,32
Hyderabad,Vancouver,32,32
Cairo,San Francisco,32,32
Berlin,Istanbul,32,32
Beijing,Ottawa,32,32
Cambridge,Pune,32,32
Melbourne,Pune,32,32
Boston,Warsaw,32,32
Mountain View,Pittsburgh,32,32
Copenhagen,Shanghai,32,32
Mumbai,Sydney,32,32
Boston,Sunnyvale,32,32
Beijing,Ho Chi Minh City,32,32
Dubai,Los Angeles,32,32
Philadelphia,Toronto,32,32
Shanghai,Tel Aviv,32,32
Dubai,Seoul,32,32
Abu Dhabi,San Francisco,32,32
Madrid,Montreal,32,32
Barcelona,Palo Alto,32,32
Amsterdam,Warsaw,32,32
Cambridge,Melbourne,32,32
Chicago,New Delhi,32,32
Moscow,Paris,32,32
Hefei,Tokyo,32,32
Atlanta,Washington,32,32
Berlin,Moscow,32,32
Stockholm,Vancouver,32,32
Austin,Dallas,32,32
Austin,Guangzhou,32,32
Istanbul,Shanghai,32,32
Dublin,Shenzhen,32,32
Brisbane,Seattle,32,32
Montreal,San Jose,31,31
Amsterdam,Palo Alto,31,31
Berlin,Kolkata,31,31
Los Angeles,Milan,31,31
Dallas,Paris,31,31
Amsterdam,Lisbon,31,31
Barcelona,San Jose,31,31
Cambridge,Mumbai,31,31
Chicago,Houston,31,31
Kolkata,Toronto,31,31
Hangzhou,Stockholm,31,31
Hamburg,Hong Kong,31,31
Barcelona,Hyderabad,31,31
Ottawa,Singapore,31,31
Mountain View,Sydney,31,31
Mumbai,Shenzhen,31,31
Boston,Guangzhou,31,31
Ankara,New York,31,31
Ankara,London,31,31
Amsterdam,Sao Paulo,31,31
Barcelona,Vienna,31,31
Athens,Seattle,31,31
Hong Kong,Mumbai,31,31
Chicago,Sunnyvale,31,31
Amsterdam,Denver,31,31
London,Suzhou,31,31
Boulder,Seoul,31,31
Brisbane,Tokyo,31,31
Delhi,Hyderabad,31,31
Hangzhou,San Diego,31,31
Kolkata,Pune,31,31
Madrid,Mumbai,31,31
Boston,Prague,31,31
Rome,Tokyo,31,31
Hangzhou,Prague,31,31
San Jose,Sydney,31,31
Phoenix,San Francisco,31,31
Austin,Lisbon,31,31
Lausanne,London,31,31
Chengdu,San Jose,31,31
Atlanta,Hyderabad,31,31
Shenzhen,Vienna,31,31
Budapest,Paris,31,31
Milan,Seoul,31,31
Bengaluru,Copenhagen,30,30
Houston,Zurich,30,30
Barcelona,Stockholm,30,30
Dublin,Pune,30,30
Kuala Lumpur,New York,30,30
Cambridge,Sunnyvale,30,30
Cambridge,Pittsburgh,30,30
Bengaluru,Wuhan,30,30
Chennai,New Delhi,30,30
Amsterdam,Dublin,30,30
Ho Chi Minh City,Seattle,30,30
Chennai,Los Angeles,30,30
Hamburg,Shenzhen,30,30
Nanjing,Paris,30,30
Mumbai,San Jose,30,30
Amsterdam,Mountain View,30,30
Delft,Tokyo,30,30
Pune,San Jose,30,30
Edinburgh,Tokyo,30,30
Edinburgh,London,30,30
Los Angeles,Warsaw,30,30
Ann Arbor,Beijing,30,30
San Jose,Sunnyvale,30,30
Helsinki,Shanghai,30,30
Pittsburgh,Taipei,30,30
Delhi,Seoul,30,30
Philadelphia,Zurich,30,30
Lisbon,Vancouver,30,30
Ho Chi Minh City,Shanghai,30,30
Los Angeles,Vienna,30,30
Madrid,Sydney,30,30
Singapore,Suzhou,30,30
Guangzhou,San Jose,30,30
Edinburgh,New York,30,30
Los Angeles,Sao Paulo,30,30
New York,Suzhou,30,30
Hangzhou,Moscow,30,30
Chennai,Seoul,30,30
Montreal,Stockholm,30,30
Austin,Prague,30,30
Rome,Shanghai,30,30
Lisbon,Seoul,30,30
Berlin,Miami,30,30
Hong Kong,Xi'an,30,30
San Jose,Taipei,30,30
Chicago,Guangzhou,30,30
Seattle,Waterloo,30,30
Sunnyvale,Vancouver,30,30
Barcelona,Guangzhou,30,30
Hong Kong,Suzhou,30,30
San Diego,Vancouver,30,30
Cambridge,Redmond,30,30
Montreal,Mumbai,30,30
Barcelona,Washington,30,30
Hangzhou,Washington,30,30
Cambridge,Madrid,30,30
New York,Rome,30,30
Chicago,Hamburg,30,30
Shenzhen,Warsaw,30,30
Denver,Hangzhou,30,30
Atlanta,Mountain View,30,30
Beijing,Waterloo,29,29
Chengdu,Munich,29,29
New Delhi,Vancouver,29,29
London,Xi'an,29,29
Pune,Shenzhen,29,29
Madrid,Pune,29,29
Delft,New York,29,29
Redmond,San Jose,29,29
Dubai,Paris,29,29
Denver,Mountain View,29,29
Melbourne,Mountain View,29,29
Bangkok,Beijing,29,29
Amsterdam,Houston,29,29
Ottawa,Paris,29,29
Dublin,Hong Kong,29,29
Atlanta,San Jose,29,29
Hamburg,Montreal,29,29
Beijing,Boulder,29,29
Austin,Chennai,29,29
Paris,Tel Aviv,29,29
Pune,Sydney,29,29
Amsterdam,San Diego,29,29
Pune,Taipei,29,29
Melbourne,Taipei,29,29
Cambridge,Washington,29,29
Melbourne,Stockholm,29,29
Edinburgh,Singapore,29,29
Sao Paulo,Vancouver,29,29
Pittsburgh,San Jose,29,29
Moscow,Munich,29,29
Hyderabad,Mountain View,29,29
Montreal,Wuhan,29,29
Barcelona,Madrid,29,29
Chennai,Munich,29,29
Denver,Vancouver,29,29
Hong Kong,Philadelphia,29,29
Amsterdam,Washington,29,29
Barcelona,Hamburg,29,29
Hefei,Singapore,29,29
Barcelona,Warsaw,29,29
Melbourne,Prague,29,29
Ankara,Tokyo,29,29
Atlanta,Pune,29,29
Ann Arbor,San Francisco,29,29
Montreal,Pune,29,29
Austin,Houston,29,29
Redmond,Washington,29,29
Berlin,Wuhan,29,29
Palo Alto,Vancouver,29,29
Beijing,Oxford,29,29
Guangzhou,Mountain View,29,29
Madrid,Shenzhen,29,29
Hong Kong,Moscow,29,29
Hyderabad,Montreal,29,29
Amsterdam,Guangzhou,29,29
Guangzhou,Suzhou,29,29
Oxford,Seattle,29,29
Hangzhou,Redmond,29,29
Hong Kong,Stockholm,28,28
Amsterdam,Chengdu,28,28
Amsterdam,Dallas,28,28
Dublin,Montreal,28,28
Barcelona,Pune,28,28
Cairo,London,28,28
Sydney,Wuhan,28,28
Mumbai,Taipei,28,28
New York,Phoenix,28,28
Milan,Sydney,28,28
Bangkok,Seattle,28,28
Dublin,Madrid,28,28
Vancouver,Warsaw,28,28
Shanghai,Waterloo,28,28
Denver,Melbourne,28,28
Beijing,Lausanne,28,28
Los Angeles,Prague,28,28
Sao Paulo,Zurich,28,28
Berlin,Ottawa,28,28
Hyderabad,Stockholm,28,28
Abu Dhabi,Tokyo,28,28
Chengdu,Chicago,28,28
Athens,Paris,28,28
San Diego,San Jose,28,28
Barcelona,Cambridge,28,28
Athens,Berlin,28,28
Barcelona,Prague,28,28
Abu Dhabi,Shanghai,28,28
Mumbai,Pittsburgh,28,28
Edinburgh,Shanghai,28,28
Ottawa,Toronto,28,28
Bengaluru,Rome,28,28
Atlanta,Cambridge,28,28
Chennai,Kolkata,28,28
Boston,New Delhi,28,28
Madrid,San Jose,28,28
Hyderabad,Melbourne,28,28
Bengaluru,Moscow,28,28
Berlin,Budapest,28,28
Madrid,Melbourne,28,28
Denver,Montreal,28,28
Denver,Zurich,28,28
Boston,Philadelphia,28,28
Bengaluru,Budapest,28,28
Pune,Stockholm,28,28
Barcelona,New Delhi,28,28
Mumbai,Washington,28,28
Cambridge,Dublin,28,28
Chicago,Denver,28,28
Amsterdam,Pittsburgh,28,28
Cambridge,Guangzhou,28,28
Redmond,Shenzhen,28,28
Lisbon,Singapore,28,28
Boston,Houston,28,28
Budapest,Shanghai,28,28
Dubai,Singapore,27,27
Chennai,Vancouver,27,27
Dallas,Vancouver,27,27
Cupertino,New York,27,27
Melbourne,Warsaw,27,27
Sao Paulo,Shenzhen,27,27
Austin,Wuhan,27,27
Moscow,Shenzhen,27,27
Pune,Washington,27,27
Nanjing,Suzhou,27,27
Chengdu,Sydney,27,27
Budapest,Seattle,27,27
Lisbon,Munich,27,27
Mumbai,Prague,27,27
Los Angeles,Moscow,27,27
Madrid,Prague,27,27
Brisbane,London,27,27
Sunnyvale,Zurich,27,27
Chengdu,Hefei,27,27
Rome,Seattle,27,27
Los Angeles,Nanjing,27,27
Delhi,Los Angeles,27,27
Bengaluru,Philadelphia,27,27
Guangzhou,Zurich,27,27
Los Angeles,Miami,27,27
Cambridge,Denver,27,27
Austin,Tel Aviv,27,27
Amsterdam,Moscow,27,27
Chicago,Dubai,27,27
Chicago,Miami,27,27
Barcelona,Dublin,27,27
Montreal,Taipei,27,27
Denver,San Jose,27,27
Montreal,Vienna,27,27
Athens,Beijing,27,27
Bangkok,Berlin,27,27
Istanbul,Munich,27,27
Mountain View,Pune,27,27
Bengaluru,Ho Chi Minh City,27,27
San Diego,Shenzhen,27,27
Cairo,New York,27,27
Hong Kong,Washington,27,27
Miami,Vancouver,27,27
Kolkata,Singapore,27,27
Cambridge,Hyderabad,27,27
Austin,Moscow,27,27
Abu Dhabi,Beijing,27,27
Palo Alto,Sunnyvale,27,27
Bengaluru,Waterloo,27,27
Berlin,Dubai,27,27
Istanbul,Toronto,27,27
Ottawa,Shanghai,27,27
Houston,Los Angeles,27,27
Milan,Munich,27,27
Ottawa,Seattle,27,27
Lisbon,Melbourne,26,26
Delhi,Munich,26,26
Shenzhen,Sunnyvale,26,26
Seoul,Tel Aviv,26,26
Dublin,Vancouver,26,26
Athens,Tokyo,26,26
Seattle,Xi'an,26,26
Shenzhen,Washington,26,26
Prague,Stockholm,26,26
Boston,Wuhan,26,26
Stockholm,Sydney,26,26
Hong Kong,Madrid,26,26
Hong Kong,Vienna,26,26
Dublin,Taipei,26,26
Cairo,Tokyo,26,26
Hyderabad,Vienna,26,26
Melbourne,Washington,26,26
Denver,Munich,26,26
Miami,Munich,26,26
Budapest,Toronto,26,26
Munich,Nanjing,26,26
Montreal,Palo Alto,26,26
Bengaluru,Milan,26,26
Melbourne,Palo Alto,26,26
Moscow,Zurich,26,26
Munich,Sao Paulo,26,26
Chengdu,Suzhou,26,26
Hamburg,Mountain View,26,26
Barcelona,Mountain View,26,26
Mountain View,Vienna,26,26
Dubai,Zurich,26,26
Boston,Moscow,26,26
Mountain View,Redmond,26,26
Copenhagen,Singapore,26,26
Prague,Zurich,26,26
Atlanta,Pittsburgh,26,26
Athens,Boston,26,26
Barcelona,San Diego,26,26
Berlin,Waterloo,26,26
Hangzhou,Milan,26,26
Chengdu,Mountain View,26,26
Austin,Dubai,26,26
Ankara,Seattle,26,26
Dublin,Mountain View,26,26
Milan,Vancouver,26,26
Cupertino,Shanghai,26,26
Montreal,New Delhi,26,26
Montreal,Prague,26,26
Hangzhou,Istanbul,26,26
Helsinki,Toronto,26,26
Atlanta,Sao Paulo,26,26
Delft,San Francisco,26,26
Beijing,Rome,26,26
Ann Arbor,New York,26,26
Barcelona,Chengdu,26,26
Chicago,Prague,26,26
Cambridge,Taipei,26,26
Houston,Munich,26,26
Boulder,Shanghai,26,26
Paris,Rome,26,26
Chicago,Lisbon,26,26
Montreal,Warsaw,25,25
Delhi,Zurich,25,25
Boulder,Singapore,25,25
San Jose,Vienna,25,25
Hangzhou,New Delhi,25,25
Ho Chi Minh City,Seoul,25,25
Helsinki,Seattle,25,25
Guangzhou,Montreal,25,25
Denver,Hong Kong,25,25
Helsinki,Seoul,25,25
Berlin,Ho Chi Minh City,25,25
Amsterdam,Budapest,25,25
Cambridge,Vienna,25,25
Delhi,Kolkata,25,25
Helsinki,Singapore,25,25
Hangzhou,Houston,25,25
Melbourne,Sao Paulo,25,25
Abu Dhabi,Singapore,25,25
Bangkok,London,25,25
Miami,San Jose,25,25
Amsterdam,Chennai,25,25
Hong Kong,New Delhi,25,25
Hamburg,Madrid,25,25
Guangzhou,Sydney,25,25
Hangzhou,Warsaw,25,25
Bengaluru,Tel Aviv,25,25
Ho Chi Minh City,Singapore,25,25
Ho Chi Minh City,Paris,25,25
Oxford,Paris,25,25
Oxford,Shanghai,25,25
Melbourne,Pittsburgh,25,25
Chengdu,Zurich,25,25
Palo Alto,Pittsburgh,25,25
Dublin,Sydney,25,25
Madrid,Stockholm,25,25
Hamburg,Stockholm,25,25
Lausanne,Tokyo,25,25
Cambridge,New Delhi,25,25
Sao Paulo,Sydney,25,25
Hamburg,Sydney,25,25
Lausanne,New York,25,25
Hyderabad,Taipei,25,25
Ankara,Beijing,25,25
Boston,Milan,25,25
Kolkata,Los Angeles,25,25
Cambridge,Milan,25,25
Dubai,Hangzhou,25,25
Chicago,Copenhagen,25,25
Nanjing,Zurich,25,25
Barcelona,Pittsburgh,25,25
New Delhi,Zurich,25,25
Boulder,Paris,25,25
Dallas,Los Angeles,25,25
Pittsburgh,Washington,25,25
Palo Alto,Sydney,25,25
Madrid,Washington,25,25
Atlanta,Prague,25,25
Milan,Shenzhen,25,25
Bengaluru,Ottawa,25,25
Hamburg,Hangzhou,25,25
Seoul,Waterloo,25,25
Melbourne,San Jose,25,25
Bangkok,Shanghai,25,25
Nanjing,Sydney,25,25
Melbourne,San Diego,25,25
Houston,Seoul,24,24
Guangzhou,Taipei,24,24
Dubai,San Jose,24,24
Atlanta,Lisbon,24,24
Athens,Bengaluru,24,24
Madrid,Redmond,24,24
Bangkok,Paris,24,24
Bangkok,Seoul,24,24
Cambridge,Stockholm,24,24
Lausanne,Zurich,24,24
Chennai,Montreal,24,24
Atlanta,Hamburg,24,24
Boston,Delhi,24,24
Austin,Istanbul,24,24
Delhi,Hong Kong,24,24
Munich,Wuhan,24,24
Austin,Brisbane,24,24
Dallas,Shenzhen,24,24
Amsterdam,Redmond,24,24
Copenhagen,Munich,24,24
Melbourne,Wuhan,24,24
Barcelona,Chennai,24,24
Amsterdam,Copenhagen,24,24
Barcelona,Delhi,24,24
Mumbai,Stockholm,24,24
Barcelona,Sao Paulo,24,24
Cupertino,Seattle,24,24
Atlanta,Vienna,24,24
Austin,Philadelphia,24,24
Barcelona,Miami,24,24
Boston,Copenhagen,24,24
Berlin,Helsinki,24,24
Los Angeles,Tel Aviv,24,24
Munich,Philadelphia,24,24
Milan,Zurich,24,24
Budapest,Singapore,24,24
Melbourne,Vienna,24,24
Houston,Vancouver,24,24
Pittsburgh,San Diego,24,24
Hamburg,Pune,24,24
Hamburg,Taipei,24,24
Paris,Wuhan,24,24
Atlanta,Madrid,24,24
Stockholm,Taipei,24,24
Kuala Lumpur,Tokyo,24,24
Shenzhen,Stockholm,24,24
Berlin,Boulder,24,24
Dublin,Melbourne,24,24
Ann Arbor,Shanghai,24,24
Dublin,Palo Alto,24,24
Hyderabad,Washington,24,24
Copenhagen,Toronto,24,24
Ankara,Shanghai,24,24
Hangzhou,Sao Paulo,24,24
Shenzhen,Tianjin,24,24
Montreal,Pittsburgh,24,24
Atlanta,Guangzhou,24,24
Montreal,Sao Paulo,24,24
Pittsburgh,Sydney,24,24
Boston,Istanbul,24,24
Austin,Boulder,24,24
Nanjing,Pittsburgh,24,24
Mountain View,Mumbai,24,24
Istanbul,Vancouver,23,23
Chicago,Nanjing,23,23
Montreal,San Diego,23,23
Dublin,Mumbai,23,23
Hamburg,Hyderabad,23,23
Athens,Seoul,23,23
Rome,Toronto,23,23
Sydney,Warsaw,23,23
Dubai,Vancouver,23,23
Houston,San Jose,23,23
Chicago,Delhi,23,23
Atlanta,Stockholm,23,23
Boston,Miami,23,23
Athens,Munich,23,23
Bengaluru,Boulder,23,23
Beijing,Delft,23,23
Ann Arbor,Tokyo,23,23
Barcelona,Copenhagen,23,23
Chengdu,Montreal,23,23
Vancouver,Wuhan,23,23
Chennai,Chicago,23,23
Lisbon,Montreal,23,23
Seoul,Suzhou,23,23
Hamburg,Melbourne,23,23
Lisbon,Zurich,23,23
Chennai,Delhi,23,23
Moscow,Vancouver,23,23
Taipei,Vienna,23,23
Melbourne,Nanjing,23,23
Hong Kong,Miami,23,23
Melbourne,Miami,23,23
Beijing,Brisbane,23,23
Hanoi,Tokyo,23,23
Chengdu,Melbourne,23,23
Ottawa,Seoul,23,23
Boston,Nanjing,23,23
Boston,Dubai,23,23
Edinburgh,Seoul,23,23
Beijing,Hsinchu,23,23
Rome,Seoul,23,23
Berlin,Rome,23,23
Chennai,Hangzhou,23,23
Copenhagen,Seoul,23,23
Brisbane,Toronto,23,23
Edinburgh,Hangzhou,23,23
Bangkok,Bengaluru,23,23
Hong Kong,Pune,23,23
Philadelphia,Shenzhen,23,23
New Delhi,Sydney,23,23
Prague,Sydney,23,23
New Delhi,San Jose,23,23
Bengaluru,Cairo,23,23
Chengdu,Xi'an,22,22
Kuala Lumpur,London,22,22
San Diego,Taipei,22,22
Helsinki,Shenzhen,22,22
Amsterdam,Milan,22,22
Pittsburgh,Wuhan,22,22
Hsinchu,Tokyo,22,22
Palo Alto,Taipei,22,22
Dubai,Hyderabad,22,22
Cambridge,Warsaw,22,22
Houston,Palo Alto,22,22
Berlin,Brisbane,22,22
Hangzhou,Kolkata,22,22
Abu Dhabi,London,22,22
Rome,Singapore,22,22
Barcelona,Denver,22,22
Hangzhou,Lisbon,22,22
Los Angeles,Wuhan,22,22
Denver,Sydney,22,22
Lisbon,Mumbai,22,22
Lisbon,Sydney,22,22
Atlanta,Dublin,22,22
Hyderabad,Istanbul,22,22
Brisbane,Seoul,22,22
Dublin,Hyderabad,22,22
Pune,Sao Paulo,22,22
Austin,Kolkata,22,22
Budapest,Seoul,22,22
Hong Kong,Oxford,22,22
Prague,Pune,22,22
Dublin,San Diego,22,22
Austin,Ottawa,22,22
Atlanta,Palo Alto,22,22
Pittsburgh,Redmond,22,22
Athens,Singapore,22,22
Copenhagen,Los Angeles,22,22
Atlanta,Taipei,22,22
Beijing,Cairo,22,22
Prague,Shenzhen,22,22
Cairo,Toronto,22,22
Pune,San Diego,22,22
Madrid,Taipei,22,22
London,Phoenix,22,22
Redmond,San Diego,22,22
Melbourne,Redmond,22,22
San Jose,Stockholm,22,22
Hanoi,Singapore,22,22
Guangzhou,Melbourne,22,22
Guangzhou,Xi'an,22,22
Moscow,San Diego,22,22
Cupertino,London,22,22
Hong Kong,Sunnyvale,22,22
Chicago,Philadelphia,22,22
Edinburgh,Paris,22,22
Copenhagen,Zurich,22,22
Los Angeles,Philadelphia,22,22
Mumbai,Vienna,22,22
Melbourne,Milan,22,22
Miami,Sydney,22,22
Cupertino,Seoul,22,22
Nanjing,Toronto,22,22
Kuala Lumpur,San Francisco,22,22
Oxford,Toronto,22,22
Hong Kong,Warsaw,22,22
Seattle,Suzhou,22,22
Sunnyvale,Taipei,22,22
Singapore,Waterloo,22,22
Vienna,Washington,22,22
Dublin,Washington,22,22
Ankara,Bengaluru,22,22
Jakarta,San Francisco,22,22
Bengaluru,Delft,22,22
Amsterdam,Delhi,22,22
Suzhou,Wuhan,22,22
Taipei,Warsaw,22,22
Philadelphia,Vancouver,21,21
Cairo,Paris,21,21
Cairo,Shanghai,21,21
Dublin,Redmond,21,21
Chengdu,Palo Alto,21,21
Boston,Tel Aviv,21,21
Kolkata,Vancouver,21,21
Ho Chi Minh City,Melbourne,21,21
Seoul,Xi'an,21,21
Delft,London,21,21
Hamburg,Mumbai,21,21
Kolkata,Zurich,21,21
Kolkata,Madrid,21,21
Dubai,Munich,21,21
Lausanne,Paris,21,21
Lausanne,Seattle,21,21
Mumbai,San Diego,21,21
Delhi,San Jose,21,21
Delhi,Sydney,21,21
Phoenix,Tokyo,21,21
Cupertino,Singapore,21,21
Budapest,Shenzhen,21,21
Dallas,Hangzhou,21,21
Hamburg,San Diego,21,21
Hyderabad,Madrid,21,21
Chennai,Sydney,21,21
Toronto,Wuhan,21,21
Athens,Austin,21,21
Hanoi,San Francisco,21,21
Cambridge,Prague,21,21
Montreal,Moscow,21,21
Bengaluru,Suzhou,21,21
Miami,Shenzhen,21,21
Bengaluru,Oxford,21,21
Miami,Zurich,21,21
Madrid,Vienna,21,21
Munich,Oxford,21,21
Munich,Tel Aviv,21,21
Melbourne,New Delhi,21,21
Pittsburgh,Vienna,21,21
Boulder,Vancouver,21,21
Hong Kong,Prague,21,21
Abu Dhabi,Shenzhen,21,21
Mountain View,New Delhi,21,21
Edinburgh,Seattle,21,21
Abu Dhabi,New York,21,21
Tel Aviv,Vancouver,21,21
Cambridge,Chengdu,21,21
Lisbon,Shenzhen,21,21
Sao Paulo,Stockholm,21,21
Boston,Ottawa,21,21
Atlanta,San Diego,21,21
Ankara,Seoul,21,21
Amsterdam,Ho Chi Minh City,21,21
New Delhi,Stockholm,21,21
Amsterdam,Sunnyvale,21,21
Cambridge,Moscow,21,21
San Diego,Washington,21,21
Mountain View,Sao Paulo,21,21
Mumbai,Sunnyvale,21,21
Boulder,Toronto,21,21
Hangzhou,Ho Chi Minh City,21,21
Hong Kong,Sao Paulo,21,21
San Jose,Sao Paulo,21,21
Palo Alto,San Diego,21,21
Beijing,Hanoi,20,20
Amsterdam,Istanbul,20,20
Warsaw,Zurich,20,20
Nanjing,Xi'an,20,20
New Delhi,Washington,20,20
Dallas,Montreal,20,20
Los Angeles,Xi'an,20,20
Mumbai,Warsaw,20,20
Bengaluru,Lausanne,20,20
Pune,Vienna,20,20
Boulder,Chicago,20,20
Abu Dhabi,Hangzhou,20,20
Boulder,Zurich,20,20
Hyderabad,Sao Paulo,20,20
Bengaluru,Helsinki,20,20
Chicago,Wuhan,20,20
Istanbul,Shenzhen,20,20
Ann Arbor,Cambridge,20,20
Jakarta,Tokyo,20,20
Moscow,Taipei,20,20
Istanbul,Pune,20,20
Oxford,Seoul,20,20
Helsinki,Munich,20,20
Austin,Copenhagen,20,20
Moscow,Sydney,20,20
Atlanta,Miami,20,20
Boston,Kolkata,20,20
Hamburg,New Delhi,20,20
Edmonton,San Francisco,20,20
Hamburg,Pittsburgh,20,20
Geneva,San Francisco,20,20
Dallas,Munich,20,20
Sao Paulo,Warsaw,20,20
Mumbai,Sao Paulo,20,20
Bengaluru,Kuala Lumpur,20,20
Hamburg,Vienna,20,20
Abu Dhabi,Seattle,20,20
Abu Dhabi,Paris,20,20
Madrid,New Delhi,20,20
San Jose,Tel Aviv,20,20
Ho Chi Minh City,Toronto,20,20
Cambridge,Philadelphia,20,20
Geneva,New York,20,20
Chennai,Madrid,20,20
Helsinki,Vancouver,20,20
Paris,Waterloo,20,20
Helsinki,Sydney,20,20
Delhi,Melbourne,20,20
Cairo,Seattle,20,20
Melbourne,Moscow,20,20
Hyderabad,Palo Alto,20,20
Austin,Xi'an,20,20
Cupertino,Hangzhou,20,20
Dallas,Washington,20,20
Hamburg,Palo Alto,20,20
Dallas,Sydney,20,20
Atlanta,Dallas,20,20
Amsterdam,Wuhan,20,20
Amsterdam,Miami,20,20
Amsterdam,Nanjing,20,20
Budapest,Vancouver,20,20
Delhi,Vancouver,20,20
Atlanta,Boulder,20,20
Ankara,Singapore,20,20
Copenhagen,Vancouver,20,20
Kolkata,Shenzhen,20,20
Amsterdam,Ottawa,20,20
Dublin,Pittsburgh,20,20
Lisbon,Pune,20,20
Ankara,Berlin,20,20
Ankara,Hangzhou,20,20
Barcelona,Lisbon,20,20
Denver,Mumbai,20,20
Cambridge,Houston,20,20
Hong Kong,Tel Aviv,20,20
Barcelona,Moscow,20,20
Budapest,Melbourne,20,20
Guangzhou,Sunnyvale,20,20
Athens,Toronto,20,20
Lausanne,Shanghai,20,20
Amsterdam,Kolkata,20,20
Boston,Budapest,20,20
Hamburg,San Jose,20,20
Berlin,Oxford,20,20
Mumbai,Palo Alto,20,20
Copenhagen,Hangzhou,19,19
Atlanta,New Delhi,19,19
Dublin,Stockholm,19,19
Austin,Nanjing,19,19
Atlanta,Warsaw,19,19
Geneva,Tokyo,19,19
Guangzhou,Moscow,19,19
Austin,Milan,19,19
Chennai,Shenzhen,19,19
Pittsburgh,Sunnyvale,19,19
Mountain View,Warsaw,19,19
Cambridge,Sao Paulo,19,19
Ann Arbor,Singapore,19,19
Austin,Budapest,19,19
Istanbul,Sydney,19,19
Denver,Pune,19,19
Bengaluru,Brisbane,19,19
New Delhi,San Diego,19,19
Madrid,Mountain View,19,19
Sydney,Waterloo,19,19
Sao Paulo,Washington,19,19
Chicago,Moscow,19,19
Pittsburgh,Stockholm,19,19
Bangkok,Toronto,19,19
Houston,Pune,19,19
Berlin,Lausanne,19,19
Chengdu,Pittsburgh,19,19
Hefei,Hong Kong,19,19
Dubai,Shenzhen,19,19
Chicago,Kolkata,19,19
New Delhi,Taipei,19,19
San Diego,Vienna,19,19
Guangzhou,Hefei,19,19
Austin,Delhi,19,19
Delft,Shanghai,19,19
Dubai,Mumbai,19,19
Ann Arbor,London,19,19
Hsinchu,Shanghai,19,19
Lausanne,Munich,19,19
Brisbane,Shanghai,19,19
Prague,Washington,19,19
Edinburgh,Hong Kong,19,19
Phoenix,Seattle,19,19
Hefei,New York,19,19
Ho Chi Minh City,Hong Kong,19,19
Chicago,Dallas,19,19
Hyderabad,Redmond,19,19
New Delhi,Shenzhen,19,19
Montreal,Sunnyvale,19,19
Dallas,Redmond,19,19
Madrid,Palo Alto,19,19
Istanbul,Mumbai,19,19
Madrid,Philadelphia,19,19
Chennai,Vienna,19,19
Nanjing,Tianjin,19,19
Denver,New Delhi,19,19
Montreal,Nanjing,19,19
Chicago,Ottawa,19,19
Moscow,Mountain View,19,19
Suzhou,Toronto,19,19
Wuhan,Xi'an,19,19
Boulder,Mountain View,19,19
Hong Kong,Milan,19,19
Denver,Washington,19,19
Atlanta,Houston,19,19
Houston,Mumbai,19,19
Hamburg,Sao Paulo,19,19
Helsinki,Zurich,19,19
Guangzhou,Vienna,18,18
Istanbul,Taipei,18,18
Mountain View,Prague,18,18
Kuala Lumpur,Shanghai,18,18
Miami,Taipei,18,18
Philadelphia,Taipei,18,18
Edmonton,Tokyo,18,18
Ottawa,Taipei,18,18
Miami,Pune,18,18
Mountain View,Philadelphia,18,18
Dallas,Miami,18,18
Miami,Mumbai,18,18
Copenhagen,Vienna,18,18
Dublin,Prague,18,18
Miami,Mountain View,18,18
Edinburgh,Los Angeles,18,18
Houston,Hyderabad,18,18
Atlanta,Denver,18,18
Brisbane,Chicago,18,18
Chennai,Zurich,18,18
Denver,San Diego,18,18
Cambridge,Edinburgh,18,18
Amsterdam,Philadelphia,18,18
Dublin,New Delhi,18,18
Lisbon,Washington,18,18
Berlin,Edinburgh,18,18
Chengdu,Taipei,18,18
Hanoi,New York,18,18
Hamburg,Washington,18,18
Lisbon,Sao Paulo,18,18
Copenhagen,Montreal,18,18
Bangkok,Shenzhen,18,18
Ann Arbor,Hong Kong,18,18
Copenhagen,Hong Kong,18,18
Taipei,Washington,18,18
Prague,Warsaw,18,18
Geneva,London,18,18
Hong Kong,Hyderabad,18,18
Cambridge,Dallas,18,18
Dubai,Sydney,18,18
Cambridge,Chennai,18,18
Barcelona,Tel Aviv,18,18
Dallas,Melbourne,18,18
Berlin,Xi'an,18,18
Mumbai,Redmond,18,18
Barcelona,Sunnyvale,18,18
Austin,Oxford,18,18
Barcelona,Rome,18,18
San Jose,Warsaw,18,18
Barcelona,Istanbul,18,18
Atlanta,Philadelphia,18,18
Austin,Rome,18,18
Edinburgh,Shenzhen,18,18
Boulder,Sunnyvale,18,18
New Delhi,Prague,18,18
Nanjing,Pune,18,18
Atlanta,Chennai,18,18
Atlanta,Ho Chi Minh City,18,18
Dubai,Pune,18,18
Dallas,Hong Kong,18,18
Chennai,Washington,18,18
Chengdu,Dublin,18,18
Chengdu,Madrid,18,18
Budapest,Hangzhou,18,18
Guangzhou,Warsaw,18,18
Delhi,Hangzhou,18,18
Kolkata,Munich,18,18
Delft,Singapore,18,18
Madrid,Milan,18,18
Melbourne,Philadelphia,18,18
New Delhi,Rome,18,18
Denver,Stockholm,18,18
Milan,Montreal,18,18
New Delhi,Sunnyvale,18,18
Cambridge,Copenhagen,18,18
Montreal,Tel Aviv,18,18
Paris,Xi'an,18,18
Houston,Mountain View,18,18
San Diego,Sydney,18,18
Oxford,Sydney,18,18
Atlanta,Sunnyvale,18,18
Pittsburgh,Pune,18,18
Hyderabad,Pittsburgh,18,18
Ankara,Paris,18,18
Ann Arbor,Berlin,18,18
Ann Arbor,Seattle,18,18
Lisbon,Prague,18,18
Munich,Rome,18,18
Hangzhou,Miami,18,18
Dubai,Melbourne,18,18
Milan,San Jose,18,18
Pune,Warsaw,18,18
Chennai,Dublin,18,18
Hsinchu,New York,18,18
Chengdu,Pune,18,18
Brisbane,Paris,18,18
Philadelphia,San Jose,18,18
Palo Alto,Philadelphia,18,18
Hong Kong,Redmond,18,18
Philadelphia,Pittsburgh,17,17
Brisbane,Munich,17,17
Amsterdam,Edinburgh,17,17
Shenzhen,Tel Aviv,17,17
Barcelona,Budapest,17,17
Suzhou,Sydney,17,17
Redmond,Stockholm,17,17
Dallas,Zurich,17,17
Atlanta,Redmond,17,17
Sydney,Tel Aviv,17,17
Dallas,Taipei,17,17
Dallas,Mumbai,17,17
Brisbane,Hangzhou,17,17
Cupertino,Vancouver,17,17
Houston,San Diego,17,17
Lisbon,San Diego,17,17
Barcelona,Philadelphia,17,17
Tel Aviv,Zurich,17,17
Chicago,Istanbul,17,17
Philadelphia,Vienna,17,17
Barcelona,Wuhan,17,17
Wuhan,Zurich,17,17
Delhi,Stockholm,17,17
Delhi,Mountain View,17,17
Stockholm,Washington,17,17
Hefei,San Francisco,17,17
Amsterdam,Bangkok,17,17
Nanjing,Vienna,17,17
Dubai,Stockholm,17,17
Houston,Sunnyvale,17,17
Guangzhou,Pune,17,17
Oxford,Shenzhen,17,17
Ankara,Toronto,17,17
Austin,Ho Chi Minh City,17,17
Berlin,Delft,17,17
Cambridge,Tel Aviv,17,17
Munich,Ottawa,17,17
Barcelona,Brisbane,17,17
Moscow,San Jose,17,17
Chicago,Waterloo,17,17
Lisbon,Vienna,17,17
Chengdu,Denver,17,17
Hyderabad,Prague,17,17
Nanjing,Palo Alto,17,17
Atlanta,Dubai,17,17
Istanbul,Vienna,17,17
Dublin,Houston,17,17
San Diego,Sunnyvale,17,17
Guangzhou,San Diego,17,17
Guangzhou,Mumbai,17,17
Sao Paulo,Taipei,17,17
Guangzhou,Palo Alto,17,17
Boston,Suzhou,17,17
Delft,Seoul,17,17
Delft,Seattle,17,17
Delft,Paris,17,17
Chicago,Tel Aviv,17,17
Ankara,Vancouver,17,17
Ann Arbor,Bengaluru,17,17
Redmond,Sunnyvale,17,17
Boulder,Munich,17,17
Lisbon,San Jose,17,17
Amsterdam,Helsinki,17,17
Hyderabad,Lisbon,17,17
Hyderabad,Warsaw,17,17
Madrid,San Diego,17,17
Kolkata,Washington,17,17
Budapest,Munich,17,17
Palo Alto,Washington,17,17
Rome,Vancouver,17,17
Berlin,Suzhou,17,17
Chengdu,San Diego,17,17
Lausanne,Singapore,17,17
Singapore,Tianjin,17,17
Helsinki,Los Angeles,17,17
Tianjin,Wuhan,17,17
Budapest,Hong Kong,17,17
Denver,Madrid,17,17
Boston,Lausanne,17,17
Bengaluru,Cupertino,17,17
Houston,Madrid,17,17
Atlanta,Delhi,17,17
Athens,Shanghai,17,17
Palo Alto,Stockholm,17,17
Cambridge,Nanjing,17,17
Mountain View,Waterloo,17,17
Prague,San Diego,17,17
Milan,Washington,17,17
Edinburgh,Zurich,17,17
Amsterdam,Rome,17,17
Dublin,Ottawa,17,17
Hanoi,London,17,17
Ho Chi Minh City,Shenzhen,17,17
Dublin,Sunnyvale,17,17
Palo Alto,Vienna,17,17
Nanjing,Sunnyvale,17,17
Istanbul,Montreal,17,17
Ho Chi Minh City,Munich,17,17
Ho Chi Minh City,Montreal,17,17
Hong Kong,Lisbon,17,17
Vienna,Warsaw,17,17
Hangzhou,Ottawa,17,17
Chennai,Melbourne,17,17
Abu Dhabi,Seoul,17,17
Palo Alto,Pune,17,17
Taipei,Wuhan,17,17
Dublin,Philadelphia,17,17
Kuala Lumpur,Seoul,17,17
Amsterdam,Brisbane,17,17
Atlanta,Istanbul,17,17
Chengdu,Vienna,17,17
Chennai,Stockholm,17,17
Beijing,Dalian,17,17
Mumbai,Waterloo,17,17
Melbourne,Tel Aviv,17,17
Hong Kong,Istanbul,17,17
Chicago,Helsinki,16,16
Boston,Boulder,16,16
Barcelona,Nanjing,16,16
Ottawa,Shenzhen,16,16
Hong Kong,Rome,16,16
Prague,Sao Paulo,16,16
Edmonton,London,16,16
Dublin,Miami,16,16
Dublin,Hamburg,16,16
Hangzhou,Helsinki,16,16
Sunnyvale,Washington,16,16
Dallas,Madrid,16,16
Moscow,Mumbai,16,16
Toronto,Xi'an,16,16
Budapest,Mumbai,16,16
Dublin,Vienna,16,16
Melbourne,Oxford,16,16
Hyderabad,San Diego,16,16
Dallas,Stockholm,16,16
Hong Kong,Kolkata,16,16
Abu Dhabi,Bengaluru,16,16
Helsinki,Washington,16,16
Ottawa,Vancouver,16,16
Hsinchu,San Francisco,16,16
Prague,San Jose,16,16
Jakarta,New York,16,16
Dallas,Pune,16,16
Cupertino,Paris,16,16
Berlin,Cupertino,16,16
Amsterdam,Athens,16,16
Dubai,Vienna,16,16
Chennai,Sao Paulo,16,16
Hyderabad,Nanjing,16,16
Miami,Montreal,16,16
Hong Kong,Tianjin,16,16
Brisbane,Singapore,16,16
Boulder,Hangzhou,16,16
Prague,Vienna,16,16
Kolkata,Sydney,16,16
Dalian,Shanghai,16,16
Beijing,Phoenix,16,16
Jakarta,London,16,16
Helsinki,Prague,16,16
Denver,Prague,16,16
Helsinki,Montreal,16,16
Boston,Delft,16,16
Delhi,Washington,16,16
New Delhi,Sao Paulo,16,16
Edinburgh,Toronto,16,16
Edmonton,Seattle,16,16
Hyderabad,Miami,16,16
Copenhagen,Shenzhen,16,16
Ho Chi Minh City,Vancouver,16,16
Chicago,Milan,16,16
Dublin,Istanbul,16,16
Lisbon,Mountain View,16,16
Ann Arbor,Paris,16,16
Cambridge,Lausanne,16,16
Dublin,Lisbon,16,16
Miami,Stockholm,16,16
Ottawa,Sydney,16,16
Miami,Redmond,16,16
Bengaluru,Phoenix,16,16
Mumbai,Tel Aviv,16,16
Edinburgh,Munich,16,16
Madrid,Sao Paulo,16,16
Copenhagen,Melbourne,16,16
Milan,Vienna,16,16
Kolkata,Montreal,16,16
Munich,Suzhou,16,16
Hefei,Wuhan,16,16
Lisbon,Palo Alto,16,16
Redmond,Taipei,16,16
Mountain View,Tel Aviv,16,16
Nanjing,Taipei,16,16
Chengdu,Moscow,16,16
Ho Chi Minh City,Sydney,16,16
Cambridge,Kolkata,16,16
Helsinki,Hong Kong,16,16
Melbourne,Waterloo,16,16
Mumbai,Nanjing,16,16
Atlanta,Nanjing,16,16
Amsterdam,Oxford,16,16
Hefei,Nanjing,16,16
Atlanta,Milan,16,16
Delhi,Taipei,16,16
Cambridge,Delhi,16,16
San Jose,Xi'an,16,16
Bangkok,Zurich,16,16
Sunnyvale,Warsaw,16,16
Boulder,San Jose,16,16
Warsaw,Washington,16,16
Montreal,Oxford,16,16
Montreal,Ottawa,16,16
Edmonton,New York,16,16
Montreal,Philadelphia,16,16
Cambridge,Helsinki,16,16
Lisbon,Stockholm,16,16
Mountain View,Stockholm,16,16
San Jose,Wuhan,16,16
Ho Chi Minh City,Los Angeles,16,16
Boston,Waterloo,16,16
Delft,Toronto,16,16
Hanoi,Shanghai,16,16
Beijing,Kuala Lumpur,16,16
Austin,Waterloo,16,16
Palo Alto,Redmond,16,16
Helsinki,Melbourne,16,16
Barcelona,Milan,16,16
Sunnyvale,Sydney,16,16
Shenzhen,Waterloo,16,16
Delhi,Montreal,16,16
Bengaluru,Xi'an,15,15
Helsinki,Vienna,15,15
Los Angeles,Suzhou,15,15
Chennai,San Jose,15,15
Denver,Dublin,15,15
Amsterdam,Tel Aviv,15,15
Lausanne,Seoul,15,15
Boston,Ho Chi Minh City,15,15
Cambridge,Rome,15,15
Budapest,Sydney,15,15
Chengdu,Sunnyvale,15,15
Hangzhou,Oxford,15,15
San Francisco,Tianjin,15,15
Madrid,Nanjing,15,15
Barcelona,Dallas,15,15
Dubai,New Delhi,15,15
Ankara,Zurich,15,15
Houston,New Delhi,15,15
Chennai,Redmond,15,15
Ottawa,Zurich,15,15
Delft,Shenzhen,15,15
Cambridge,Wuhan,15,15
Lisbon,Los Angeles,15,15
Chicago,Oxford,15,15
Hamburg,Tel Aviv,15,15
Hangzhou,Tel Aviv,15,15
Dallas,Sao Paulo,15,15
Dubai,Montreal,15,15
Budapest,Stockholm,15,15
Hamburg,Lisbon,15,15
Istanbul,Los Angeles,15,15
Athens,Prague,15,15
Guangzhou,Madrid,15,15
Cairo,Vancouver,15,15
Ankara,Los Angeles,15,15
Dubai,Hong Kong,15,15
Nanjing,Vancouver,15,15
Brisbane,San Diego,15,15
Abu Dhabi,Berlin,15,15
Boston,Xi'an,15,15
Kuala Lumpur,Paris,15,15
Budapest,Chicago,15,15
Miami,Washington,15,15
Pune,Redmond,15,15
Budapest,Los Angeles,15,15
Berlin,Hanoi,15,15
Kolkata,Mountain View,15,15
Dubai,Mountain View,15,15
Amsterdam,Waterloo,15,15
Ankara,Shenzhen,15,15
Denver,Philadelphia,15,15
Hamburg,Moscow,15,15
Cambridge,Miami,15,15
Guangzhou,Philadelphia,15,15
Pune,Sunnyvale,15,15
Madrid,Pittsburgh,15,15
Istanbul,Mountain View,15,15
Philadelphia,Sydney,15,15
New Delhi,Vienna,15,15
Paris,Suzhou,15,15
Bangkok,Singapore,15,15
Munich,Xi'an,15,15
Munich,Waterloo,15,15
Los Angeles,Waterloo,15,15
Guangzhou,Tianjin,15,15
Atlanta,Kolkata,15,15
Denver,Shenzhen,15,15
Denver,Sao Paulo,15,15
Boulder,Melbourne,15,15
Kyoto,Shanghai,15,15
Berlin,Phoenix,15,15
Istanbul,Prague,15,15
Barcelona,Kolkata,15,15
Montreal,Rome,15,15
Hamburg,Sunnyvale,15,15
Budapest,Montreal,15,15
Mumbai,Rome,15,15
Houston,Montreal,15,15
Delhi,Madrid,15,15
Guangzhou,Redmond,15,15
Budapest,Madrid,15,15
New York,Tianjin,15,15
Delhi,Shenzhen,15,15
Dalian,Tokyo,15,15
Delhi,Vienna,15,15
Bangkok,Hangzhou,15,15
Denver,Redmond,15,15
Oxford,Vancouver,15,15
Prague,Taipei,15,15
Austin,Cupertino,15,15
Stockholm,Sunnyvale,15,15
Milan,Taipei,15,15
Miami,Vienna,15,15
Cairo,Singapore,15,15
Tel Aviv,Washington,15,15
Ann Arbor,Hangzhou,15,15
Berlin,Jakarta,15,15
Cairo,Seoul,15,15
Stockholm,Vienna,15,15
Rome,Zurich,15,15
Cairo,Hangzhou,15,15
Dublin,Tel Aviv,15,15
Hyderabad,Waterloo,15,15
Brisbane,Vancouver,15,15
Jakarta,Shanghai,14,14
Cupertino,Toronto,14,14
Barcelona,Redmond,14,14
Rome,San Diego,14,14
Hong Kong,Houston,14,14
Milan,Pittsburgh,14,14
Geneva,Shanghai,14,14
Dallas,San Jose,14,14
Madrid,Tel Aviv,14,14
Miami,Philadelphia,14,14
Amsterdam,Lausanne,14,14
Lausanne,Toronto,14,14
Palo Alto,Prague,14,14
Athens,Sydney,14,14
New Delhi,Warsaw,14,14
Beijing,Edmonton,14,14
Nanjing,Philadelphia,14,14
Moscow,Vienna,14,14
Bangkok,Stockholm,14,14
Istanbul,San Jose,14,14
Boulder,Vienna,14,14
Denver,Warsaw,14,14
Amsterdam,Suzhou,14,14
Sao Paulo,Vienna,14,14
Boulder,Pittsburgh,14,14
Ho Chi Minh City,Hyderabad,14,14
Denver,Hyderabad,14,14
Denver,Ho Chi Minh City,14,14
Ankara,Madrid,14,14
Hanoi,Paris,14,14
New Delhi,Tel Aviv,14,14
Delhi,Hamburg,14,14
Hangzhou,Rome,14,14
Houston,Melbourne,14,14
Ottawa,Pune,14,14
Hefei,London,14,14
Hangzhou,Waterloo,14,14
Waterloo,Zurich,14,14
Philadelphia,Pune,14,14
Ankara,Sydney,14,14
Kuala Lumpur,Seattle,14,14
Ho Chi Minh City,Mumbai,14,14
Los Angeles,Rome,14,14
Chengdu,Mumbai,14,14
Ho Chi Minh City,Pune,14,14
Hsinchu,Seoul,14,14
Hanoi,Seoul,14,14
Austin,Helsinki,14,14
Austin,Edinburgh,14,14
Hamburg,Prague,14,14
Ann Arbor,Seoul,14,14
Moscow,Pune,14,14
Vienna,Wuhan,14,14
Denver,Miami,14,14
Atlanta,Rome,14,14
Dallas,Milan,14,14
Chengdu,New Delhi,14,14
Hong Kong,Waterloo,14,14
Phoenix,Sydney,14,14
Lisbon,Taipei,14,14
Miami,Warsaw,14,14
Dubai,Dublin,14,14
Chengdu,Washington,14,14
Chennai,Mountain View,14,14
Cupertino,Munich,14,14
Chengdu,Istanbul,14,14
Madrid,Moscow,14,14
Hong Kong,Ottawa,14,14
Ankara,Barcelona,14,14
Pittsburgh,Prague,14,14
Vancouver,Waterloo,14,14
Boulder,Shenzhen,14,14
Athens,Stockholm,14,14
Abu Dhabi,Munich,14,14
Istanbul,Melbourne,14,14
Abu Dhabi,Nanjing,14,14
Kuala Lumpur,Toronto,14,14
Hamburg,Warsaw,14,14
Miami,New Delhi,14,14
Miami,San Diego,14,14
Berlin,Kuala Lumpur,14,14
Athens,Los Angeles,14,14
Phoenix,Toronto,14,14
Chennai,Denver,14,14
Houston,Pittsburgh,14,14
Chicago,Suzhou,14,14
Hangzhou,Lausanne,14,14
Denver,Pittsburgh,14,14
Bangkok,Vancouver,14,14
Copenhagen,Sydney,14,14
Denver,Sunnyvale,14,14
Barcelona,Dubai,14,14
Barcelona,Houston,14,14
Dubai,Taipei,14,14
Delft,Hangzhou,14,14
Hamburg,Redmond,14,14
Geneva,Seattle,14,14
Montreal,Xi'an,14,14
Lisbon,Madrid,14,14
Boulder,Mumbai,14,14
San Diego,Stockholm,14,14
Boulder,Los Angeles,14,14
Rome,Sao Paulo,14,14
Brisbane,Montreal,14,14
Bangkok,Barcelona,14,14
Ann Arbor,Zurich,14,14
Hefei,Seattle,14,14
Geneva,Toronto,14,14
Kolkata,San Jose,14,14
Athens,Pune,14,14
Istanbul,Lisbon,14,14
Suzhou,Vancouver,14,14
Cairo,Pune,14,14
Boston,Helsinki,14,14
Pittsburgh,Warsaw,14,14
Guangzhou,Hyderabad,14,14
Hong Kong,Lausanne,14,14
Hamburg,Philadelphia,14,14
Denver,Hamburg,14,14
Delhi,Dubai,14,14
Brisbane,Sydney,14,14
Amsterdam,Delft,14,14
Copenhagen,Palo Alto,14,14
Lisbon,Pittsburgh,14,14
Atlanta,Chengdu,14,14
Milan,Warsaw,13,13
Barcelona,Helsinki,13,13
Atlanta,Budapest,13,13
San Diego,Warsaw,13,13
Moscow,Pittsburgh,13,13
Houston,Vienna,13,13
Abu Dhabi,Hong Kong,13,13
Denver,Palo Alto,13,13
Bangkok,Melbourne,13,13
Boulder,Taipei,13,13
Copenhagen,Mountain View,13,13
Lisbon,Milan,13,13
Abu Dhabi,Sydney,13,13
Milan,Pune,13,13
Houston,Sao Paulo,13,13
Lisbon,Warsaw,13,13
Athens,Montreal,13,13
Atlanta,Helsinki,13,13
Lisbon,New Delhi,13,13
Beijing,Jakarta,13,13
Barcelona,Ho Chi Minh City,13,13
Amsterdam,Dubai,13,13
Copenhagen,Sao Paulo,13,13
Atlanta,Waterloo,13,13
Madrid,Sunnyvale,13,13
Cupertino,Los Angeles,13,13
Madrid,Miami,13,13
Ottawa,Pittsburgh,13,13
Dubai,Sunnyvale,13,13
Ottawa,San Jose,13,13
Boulder,Hyderabad,13,13
Chicago,Ho Chi Minh City,13,13
Austin,Lausanne,13,13
Kuala Lumpur,Singapore,13,13
Edinburgh,Guangzhou,13,13
Boston,Edinburgh,13,13
Hamburg,Kolkata,13,13
Ho Chi Minh City,Madrid,13,13
Ho Chi Minh City,Mountain View,13,13
Hsinchu,Singapore,13,13
Abu Dhabi,Amsterdam,13,13
Madrid,Ottawa,13,13
Brisbane,Hong Kong,13,13
Dallas,Vienna,13,13
Cairo,Shenzhen,13,13
Kyoto,Tokyo,13,13
Phoenix,Shanghai,13,13
Sunnyvale,Tel Aviv,13,13
Paris,Phoenix,13,13
Melbourne,Rome,13,13
Madrid,Warsaw,13,13
Dublin,Guangzhou,13,13
Rome,Vienna,13,13
Chennai,Hamburg,13,13
Brisbane,San Jose,13,13
Lausanne,Shenzhen,13,13
Pune,Tel Aviv,13,13
Phoenix,Singapore,13,13
Phoenix,Seoul,13,13
Melbourne,Sunnyvale,13,13
Boulder,Sydney,13,13
Ann Arbor,Toronto,13,13
Hamburg,Ottawa,13,13
Hamburg,Houston,13,13
Houston,Redmond,13,13
Brisbane,Melbourne,13,13
Amsterdam,Ankara,13,13
Dubai,Redmond,13,13
Chennai,Istanbul,13,13
Chengdu,Redmond,13,13
Copenhagen,Madrid,13,13
Cupertino,Shenzhen,13,13
Chennai,Prague,13,13
Dallas,Dublin,13,13
Boston,Cairo,13,13
Austin,Cairo,13,13
Chennai,Ho Chi Minh City,13,13
Dalian,Shenzhen,13,13
Dalian,Hangzhou,13,13
Guangzhou,Miami,13,13
Athens,Melbourne,13,13
Istanbul,Washington,13,13
Taipei,Xi'an,13,13
Taipei,Waterloo,13,13
Kuala Lumpur,Zurich,13,13
Nanjing,Warsaw,13,13
Mumbai,Wuhan,13,13
Denver,Houston,13,13
Dublin,Warsaw,13,13
Copenhagen,Prague,13,13
Edinburgh,San Jose,13,13
Cairo,Hong Kong,13,13
Boulder,Cambridge,13,13
Brisbane,Zurich,13,13
Cambridge,Xi'an,13,13
Denver,Vienna,13,13
Hyderabad,Rome,13,13
Ann Arbor,Los Angeles,13,13
Barcelona,Ottawa,13,13
Chengdu,Hamburg,13,13
Hyderabad,Sunnyvale,13,13
Chennai,San Diego,13,13
Denver,Moscow,13,13
Dallas,Denver,13,13
Philadelphia,Warsaw,13,13
Denver,Tel Aviv,13,13
Pittsburgh,Sao Paulo,13,13
Boulder,Washington,13,13
Istanbul,Warsaw,13,13
Nanjing,Washington,13,13
Montreal,Suzhou,13,13
Milan,Nanjing,13,13
Denver,Lisbon,13,13
Moscow,Sunnyvale,13,13
Melbourne,Suzhou,13,13
Milan,San Diego,13,13
Cambridge,Dubai,13,13
Dallas,Houston,13,13
Istanbul,Stockholm,13,13
Atlanta,Moscow,13,13
Milan,Sao Paulo,13,13
Lausanne,Los Angeles,13,13
Brisbane,Los Angeles,13,13
Denver,Taipei,13,13
Dubai,San Diego,13,13
Houston,Washington,13,13
Budapest,Cambridge,13,13
Chengdu,Tianjin,13,13
Boston,Rome,13,13
Palo Alto,Warsaw,13,13
Chengdu,Prague,13,13
Madrid,Rome,13,13
Athens,Hangzhou,13,13
Atlanta,Brisbane,13,13
Delft,Munich,13,13
Boston,Brisbane,13,13
Houston,Taipei,13,13
Denver,Guangzhou,13,13
Milan,Rome,12,12
Beijing,Geneva,12,12
Moscow,Nanjing,12,12
Philadelphia,San Diego,12,12
Dalian,San Francisco,12,12
Guangzhou,Washington,12,12
Budapest,Rome,12,12
Budapest,Moscow,12,12
Copenhagen,Stockholm,12,12
Istanbul,New Delhi,12,12
Lausanne,Pittsburgh,12,12
Amsterdam,Xi'an,12,12
Cambridge,Ottawa,12,12
Hangzhou,Hanoi,12,12
Ankara,Istanbul,12,12
Chicago,Rome,12,12
Denver,Wuhan,12,12
Ho Chi Minh City,Prague,12,12
Rome,Sydney,12,12
Miami,Prague,12,12
Montreal,Waterloo,12,12
Hsinchu,London,12,12
Houston,Stockholm,12,12
Amsterdam,Boulder,12,12
Guangzhou,Milan,12,12
Chennai,Lisbon,12,12
Kuala Lumpur,Melbourne,12,12
Cairo,Mumbai,12,12
Bangkok,Los Angeles,12,12
Cairo,Redmond,12,12
Xi'an,Zurich,12,12
Rome,Stockholm,12,12
Cairo,Zurich,12,12
Dallas,Hyderabad,12,12
Dallas,Pittsburgh,12,12
Ann Arbor,Mumbai,12,12
Prague,Wuhan,12,12
Dublin,Nanjing,12,12
Jakarta,Seattle,12,12
Ann Arbor,Chicago,12,12
Los Angeles,Ottawa,12,12
Berlin,Cairo,12,12
Melbourne,Ottawa,12,12
Copenhagen,Guangzhou,12,12
Copenhagen,Taipei,12,12
Sunnyvale,Waterloo,12,12
Kolkata,Stockholm,12,12
Hefei,Seoul,12,12
Lausanne,Mumbai,12,12
Amsterdam,Cairo,12,12
Cambridge,Lisbon,12,12
Budapest,Denver,12,12
Houston,Tel Aviv,12,12
Redmond,Wuhan,12,12
Bengaluru,Edinburgh,12,12
Los Angeles,Phoenix,12,12
Athens,Sao Paulo,12,12
Lausanne,Madrid,12,12
Helsinki,San Diego,12,12
Ann Arbor,Pittsburgh,12,12
Ann Arbor,Shenzhen,12,12
Dallas,Palo Alto,12,12
Pune,Wuhan,12,12
Guangzhou,Kolkata,12,12
Dubai,Kolkata,12,12
Dubai,Guangzhou,12,12
Delft,Zurich,12,12
Mountain View,Wuhan,12,12
Ho Chi Minh City,New Delhi,12,12
Chengdu,Dubai,12,12
Bangkok,Hong Kong,12,12
Kuala Lumpur,Shenzhen,12,12
Barcelona,Oxford,12,12
Moscow,Wuhan,12,12
Austin,Suzhou,12,12
Atlanta,Tel Aviv,12,12
Houston,Milan,12,12
Barcelona,Waterloo,12,12
Istanbul,Zurich,12,12
Austin,Phoenix,12,12
Philadelphia,Washington,12,12
Ann Arbor,Montreal,12,12
Boulder,Warsaw,12,12
Abu Dhabi,Madrid,12,12
Boulder,Hamburg,12,12
Chicago,Xi'an,12,12
Hanoi,Seattle,12,12
Budapest,Lisbon,12,12
Edmonton,Los Angeles,12,12
Palo Alto,Tel Aviv,12,12
Houston,Warsaw,12,12
Budapest,Washington,12,12
Philadelphia,Wuhan,12,12
Moscow,Philadelphia,12,12
Oxford,Zurich,12,12
Jakarta,Paris,12,12
Barcelona,Kuala Lumpur,12,12
Copenhagen,Sunnyvale,12,12
Chengdu,Ho Chi Minh City,12,12
Dubai,Nanjing,12,12
Kolkata,Vienna,12,12
Boston,Oxford,12,12
Chennai,Palo Alto,12,12
Sunnyvale,Vienna,12,12
Chennai,Dallas,12,12
Vancouver,Xi'an,12,12
Houston,Prague,12,12
Budapest,Zurich,12,12
Athens,Madrid,12,12
San Jose,Waterloo,11,11
Mountain View,Xi'an,11,11
Moscow,New Delhi,11,11
Hanoi,Los Angeles,11,11
Delhi,Pittsburgh,11,11
Prague,Redmond,11,11
Ann Arbor,Boston,11,11
Hyderabad,Moscow,11,11
Bangkok,Munich,11,11
Boston,Phoenix,11,11
Brisbane,Mumbai,11,11
Moscow,Warsaw,11,11
Dallas,Lisbon,11,11
Istanbul,Madrid,11,11
Dallas,Mountain View,11,11
Guangzhou,Hamburg,11,11
Dublin,Sao Paulo,11,11
Hyderabad,Tel Aviv,11,11
Miami,Sunnyvale,11,11
Berlin,Hsinchu,11,11
Guangzhou,Stockholm,11,11
Edmonton,Montreal,11,11
Hangzhou,Hsinchu,11,11
Delhi,Moscow,11,11
Athens,Hyderabad,11,11
Guangzhou,Istanbul,11,11
Guangzhou,Tel Aviv,11,11
Bengaluru,Hanoi,11,11
San Diego,Sao Paulo,11,11
Philadelphia,Sao Paulo,11,11
Bangkok,Taipei,11,11
Philadelphia,Prague,11,11
Boston,Cupertino,11,11
New Delhi,Palo Alto,11,11
Cambridge,Istanbul,11,11
Cupertino,Taipei,11,11
Denver,Oxford,11,11
Copenhagen,San Jose,11,11
Dublin,Milan,11,11
Redmond,Tel Aviv,11,11
Ho Chi Minh City,Lisbon,11,11
Houston,Shenzhen,11,11
Kolkata,Waterloo,11,11
New Delhi,Waterloo,11,11
Ottawa,Washington,11,11
Sao Paulo,Xi'an,11,11
Kuala Lumpur,Vancouver,11,11
Suzhou,Xi'an,11,11
Nanjing,San Diego,11,11
Bengaluru,Jakarta,11,11
Athens,Zurich,11,11
Guangzhou,New Delhi,11,11
Ho Chi Minh City,Zurich,11,11
Hong Kong,Hsinchu,11,11
Hsinchu,Toronto,11,11
Dubai,Warsaw,11,11
Phoenix,Vancouver,11,11
Ann Arbor,Palo Alto,11,11
Delhi,Sunnyvale,11,11
Cupertino,Montreal,11,11
Milan,Stockholm,11,11
Hamburg,Nanjing,11,11
Delhi,Palo Alto,11,11
Amsterdam,Edmonton,11,11
Athens,Chennai,11,11
Hanoi,Munich,11,11
Athens,Vancouver,11,11
Cambridge,Oxford,11,11
Lausanne,Montreal,11,11
Budapest,Sao Paulo,11,11
Mumbai,Philadelphia,11,11
Bangkok,Chicago,11,11
Athens,Barcelona,11,11
Pittsburgh,Tel Aviv,11,11
Oxford,Sao Paulo,11,11
Copenhagen,Mumbai,11,11
Cairo,Madrid,11,11
Copenhagen,Hyderabad,11,11
Ankara,Stockholm,11,11
Chennai,Warsaw,11,11
Chicago,Lausanne,11,11
Moscow,Palo Alto,11,11
Edinburgh,Wuhan,11,11
Edinburgh,Palo Alto,11,11
Cairo,Sydney,11,11
Copenhagen,New Delhi,11,11
Lausanne,Vancouver,11,11
Copenhagen,Pune,11,11
Stockholm,Tel Aviv,11,11
Edinburgh,Mountain View,11,11
Abu Dhabi,Los Angeles,11,11
Milan,Wuhan,11,11
Cairo,Taipei,11,11
Copenhagen,San Diego,11,11
Brisbane,Hyderabad,11,11
Oxford,Taipei,11,11
Chennai,Hong Kong,11,11
Sunnyvale,Wuhan,11,11
Bangkok,Montreal,11,11
Atlanta,Copenhagen,11,11
Cupertino,Mountain View,11,11
Abu Dhabi,Chicago,11,11
Milan,Mountain View,11,11
Lausanne,Mountain View,11,11
Milan,New Delhi,11,11
Ankara,Chicago,11,11
Budapest,Prague,11,11
Mountain View,Ottawa,11,11
Miami,Tel Aviv,11,11
Sydney,Xi'an,11,11
Chengdu,Hyderabad,11,11
Miami,Milan,11,11
Dubai,Houston,11,11
Kolkata,San Diego,11,11
Kolkata,Prague,11,11
Guangzhou,Prague,11,11
Chengdu,Warsaw,11,11
Boulder,Kolkata,11,11
Abu Dhabi,Austin,11,11
Pune,Waterloo,11,11
Ankara,San Jose,11,11
Rome,Washington,11,11
Ankara,Austin,11,11
Brisbane,Shenzhen,11,11
Kuala Lumpur,Los Angeles,11,11
Hyderabad,Milan,11,11
Hamburg,Oxford,11,11
Kuala Lumpur,Munich,11,11
Ankara,Munich,11,11
Suzhou,Zurich,11,11
Chengdu,Stockholm,11,11
Tel Aviv,Vienna,11,11
Jakarta,Sydney,11,11
Abu Dhabi,Cambridge,11,11
Brisbane,Vienna,11,11
Chengdu,Tel Aviv,11,11
Delft,Los Angeles,11,11
Lisbon,Moscow,11,11
Boulder,Lisbon,11,11
Dallas,Hamburg,11,11
Boulder,Montreal,11,11
Chennai,Nanjing,10,10
Boulder,Hong Kong,10,10
Kolkata,Nanjing,10,10
Edinburgh,Montreal,10,10
Nanjing,New Delhi,10,10
Brisbane,Washington,10,10
Dubai,Washington,10,10
Istanbul,Miami,10,10
Austin,Bangkok,10,10
Denver,Rome,10,10
Munich,Phoenix,10,10
Copenhagen,Warsaw,10,10
Palo Alto,Wuhan,10,10
Amsterdam,Phoenix,10,10
Chicago,Phoenix,10,10
Delhi,Philadelphia,10,10
Cairo,Lisbon,10,10
Oxford,Stockholm,10,10
Dublin,Kolkata,10,10
Hsinchu,Paris,10,10
Geneva,Vancouver,10,10
Lisbon,Philadelphia,10,10
Ann Arbor,Austin,10,10
Lausanne,Melbourne,10,10
Barcelona,Jakarta,10,10
Helsinki,Stockholm,10,10
Ottawa,Vienna,10,10
Cambridge,Cupertino,10,10
Hanoi,Melbourne,10,10
Delhi,Prague,10,10
Cupertino,Hong Kong,10,10
Lausanne,Taipei,10,10
Helsinki,Sao Paulo,10,10
Warsaw,Xi'an,10,10
Redmond,Sao Paulo,10,10
Brisbane,Lisbon,10,10
Warsaw,Waterloo,10,10
Kolkata,Sao Paulo,10,10
Budapest,Hamburg,10,10
Chengdu,Kolkata,10,10
Nanjing,San Jose,10,10
Copenhagen,Lisbon,10,10
Chicago,Edinburgh,10,10
Helsinki,Oxford,10,10
Helsinki,Pune,10,10
Moscow,Redmond,10,10
Helsinki,Mountain View,10,10
Abu Dhabi,Guangzhou,10,10
Redmond,Vienna,10,10
Hamburg,Milan,10,10
Bangkok,New Delhi,10,10
Brisbane,Sao Paulo,10,10
Guangzhou,Sao Paulo,10,10
Mumbai,Ottawa,10,10
Kolkata,Miami,10,10
Los Angeles,Oxford,10,10
Denver,Nanjing,10,10
Chengdu,Lisbon,10,10
Istanbul,Kolkata,10,10
Chengdu,Dalian,10,10
Pittsburgh,Suzhou,10,10
Bangkok,Boston,10,10
London,Tianjin,10,10
Kolkata,Melbourne,10,10
Warsaw,Wuhan,10,10
Berlin,Geneva,10,10
Dallas,Istanbul,10,10
Bangkok,Sydney,10,10
Ann Arbor,Melbourne,10,10
Dallas,Warsaw,10,10
Chennai,Pittsburgh,10,10
Ho Chi Minh City,Istanbul,10,10
Nanjing,Sao Paulo,10,10
Cairo,Chicago,10,10
Athens,Washington,10,10
Dallas,New Delhi,10,10
Berlin,Edmonton,10,10
Boston,Edmonton,10,10
Houston,Sydney,10,10
Boston,Hanoi,10,10
Oxford,Pittsburgh,10,10
Austin,Delft,10,10
Kuala Lumpur,Sao Paulo,10,10
Delhi,Miami,10,10
Atlanta,Oxford,10,10
Moscow,Washington,10,10
Barcelona,Suzhou,10,10
Copenhagen,Washington,10,10
Chennai,Copenhagen,10,10
Ann Arbor,San Diego,10,10
Bangkok,Hamburg,10,10
Moscow,Sao Paulo,10,10
Chennai,Houston,10,10
Hsinchu,Seattle,10,10
Austin,Edmonton,10,10
Edinburgh,Mumbai,10,10
Chennai,Miami,10,10
Delhi,Guangzhou,10,10
Bangkok,Pittsburgh,10,10
Edinburgh,Nanjing,10,10
Copenhagen,Houston,10,10
Austin,Hanoi,10,10
Cupertino,Zurich,10,10
Kolkata,Pittsburgh,10,10
Lausanne,Stockholm,10,10
Hong Kong,Jakarta,10,10
New Delhi,Wuhan,10,10
Pune,Rome,10,10
Ann Arbor,Munich,10,10
Edmonton,Shanghai,10,10
New Delhi,Redmond,10,10
Hsinchu,Shenzhen,10,10
Milan,Mumbai,10,10
Stockholm,Warsaw,10,10
Brisbane,Warsaw,10,10
Oxford,San Jose,10,10
Jakarta,Shenzhen,10,10
Helsinki,Taipei,10,10
Boulder,Miami,10,10
Cupertino,Palo Alto,10,10
Boulder,Sao Paulo,10,10
Sunnyvale,Xi'an,10,10
Athens,Chicago,10,10
Cupertino,San Jose,10,10
Geneva,Singapore,10,10
Bengaluru,Edmonton,10,10
Chengdu,Sao Paulo,10,10
Dubai,Miami,10,10
Abu Dhabi,Vancouver,10,10
Hanoi,Hong Kong,10,10
Cupertino,Melbourne,10,10
Delhi,San Diego,10,10
Delhi,Denver,10,10
New Delhi,Pittsburgh,10,10
Kyoto,London,10,10
Hamburg,Rome,10,10
Boulder,San Diego,10,10
Ankara,Hamburg,10,10
Phoenix,Prague,10,10
Kolkata,Lisbon,10,10
Ankara,Melbourne,10,10
Ankara,Montreal,10,10
Houston,Moscow,10,10
Athens,Copenhagen,10,10
Hyderabad,Philadelphia,10,10
Budapest,Hyderabad,10,10
Kolkata,Sunnyvale,10,10
Budapest,New Delhi,10,10
Chengdu,Chennai,10,10
Edmonton,Toronto,10,10
Ankara,Atlanta,10,10
Delhi,Sao Paulo,10,10
Guangzhou,Waterloo,10,10
Rome,Shenzhen,10,10
Ankara,Taipei,10,10
Prague,Tel Aviv,10,10
Guangzhou,Houston,10,10
Delhi,Dublin,10,10
Atlanta,Wuhan,10,10
Dublin,Suzhou,9,9
Helsinki,Warsaw,9,9
Cairo,Sao Paulo,9,9
Edmonton,Vancouver,9,9
Cupertino,Sydney,9,9
Chengdu,Edinburgh,9,9
Chennai,Sunnyvale,9,9
Barcelona,Xi'an,9,9
Cupertino,Sao Paulo,9,9
Dallas,Sunnyvale,9,9
Chennai,Milan,9,9
Athens,Mumbai,9,9
Athens,New Delhi,9,9
Edinburgh,Stockholm,9,9
Kuala Lumpur,Mumbai,9,9
Washington,Wuhan,9,9
Palo Alto,Sao Paulo,9,9
Prague,Sunnyvale,9,9
Geneva,Paris,9,9
Boulder,Stockholm,9,9
Athens,Vienna,9,9
Hamburg,Lausanne,9,9
Chengdu,Dallas,9,9
Geneva,Seoul,9,9
Madrid,Phoenix,9,9
Palo Alto,Waterloo,9,9
Lisbon,Nanjing,9,9
Milan,Ottawa,9,9
Ankara,Warsaw,9,9
Athens,Shenzhen,9,9
Dubai,Prague,9,9
Helsinki,San Jose,9,9
Cupertino,Sunnyvale,9,9
Hanoi,Taipei,9,9
Brisbane,Hamburg,9,9
Dallas,Philadelphia,9,9
Denver,Milan,9,9
Moscow,Tel Aviv,9,9
Copenhagen,Redmond,9,9
Dublin,Moscow,9,9
Atlanta,Edmonton,9,9
Cambridge,Waterloo,9,9
Taipei,Tel Aviv,9,9
Copenhagen,Delhi,9,9
Dallas,Ottawa,9,9
Sao Paulo,Tel Aviv,9,9
Bangkok,Prague,9,9
Hangzhou,Kuala Lumpur,9,9
Kyoto,Seattle,9,9
San Jose,Suzhou,9,9
Ankara,Moscow,9,9
Lausanne,San Jose,9,9
Ann Arbor,Sydney,9,9
Kyoto,Vancouver,9,9
Istanbul,Waterloo,9,9
Athens,Atlanta,9,9
Houston,Lisbon,9,9
Boulder,Dallas,9,9
Houston,Nanjing,9,9
Budapest,Sunnyvale,9,9
Atlanta,Phoenix,9,9
Ho Chi Minh City,Washington,9,9
Moscow,Stockholm,9,9
Bangkok,Palo Alto,9,9
Dubai,Madrid,9,9
Abu Dhabi,Lausanne,9,9
Delft,Hyderabad,9,9
Brisbane,New Delhi,9,9
Edmonton,Seoul,9,9
Helsinki,Madrid,9,9
New Delhi,Philadelphia,9,9
Helsinki,Miami,9,9
Oxford,Vienna,9,9
Jakarta,Zurich,9,9
Houston,Miami,9,9
Chennai,Waterloo,9,9
Lausanne,Pune,9,9
Abu Dhabi,Milan,9,9
Boulder,Pune,9,9
Helsinki,Milan,9,9
Athens,Lisbon,9,9
Kyoto,Seoul,9,9
Barcelona,Hanoi,9,9
Kyoto,Singapore,9,9
Nanjing,Redmond,9,9
Hanoi,Shenzhen,9,9
Nanjing,Stockholm,9,9
Budapest,Pune,9,9
Mumbai,Phoenix,9,9
Oxford,Warsaw,9,9
Beijing,Kyoto,9,9
Dalian,Guangzhou,9,9
Ho Chi Minh City,Waterloo,9,9
Sao Paulo,Sunnyvale,9,9
Hamburg,Miami,9,9
Amsterdam,Kuala Lumpur,9,9
Budapest,Vienna,9,9
Abu Dhabi,Zurich,9,9
Budapest,San Jose,9,9
Chennai,Rome,9,9
Cairo,Melbourne,9,9
Ho Chi Minh City,Stockholm,9,9
Dallas,Ho Chi Minh City,9,9
Ann Arbor,Vancouver,9,9
Athens,Cambridge,9,9
Geneva,Hangzhou,9,9
Hangzhou,Kyoto,9,9
Ankara,Hong Kong,9,9
Austin,Jakarta,9,9
Prague,Waterloo,9,9
Boulder,Madrid,9,9
Miami,Pittsburgh,9,9
Istanbul,Palo Alto,9,9
Lisbon,Rome,9,9
Brisbane,Cambridge,9,9
Daejeon,San Francisco,9,9
Abu Dhabi,Boston,9,9
Hefei,Taipei,9,9
Delhi,Tel Aviv,9,9
Hefei,Xi'an,9,9
Kolkata,Rome,9,9
Istanbul,Pittsburgh,9,9
Hong Kong,Kyoto,9,9
Bengaluru,Hefei,9,9
Rome,Sunnyvale,9,9
Barcelona,Edinburgh,9,9
Cairo,Hyderabad,9,9
Madrid,Xi'an,9,9
Nanjing,Ottawa,9,9
Hanoi,Toronto,9,9
Amsterdam,Cupertino,9,9
Hamburg,Suzhou,9,9
Denver,Helsinki,9,9
Denver,Istanbul,9,9
Istanbul,Milan,9,9
Dallas,Prague,9,9
Ho Chi Minh City,Kolkata,9,9
Mountain View,Oxford,9,9
Ho Chi Minh City,Palo Alto,9,9
Hyderabad,Xi'an,9,9
Cairo,Prague,9,9
Ann Arbor,Guangzhou,9,9
Dallas,Dubai,9,9
Delhi,Istanbul,9,9
Jakarta,San Jose,9,9
Abu Dhabi,Pune,9,9
Amsterdam,Hanoi,9,9
Amsterdam,Ann Arbor,9,9
San Diego,Xi'an,9,9
Phoenix,Taipei,9,9
Copenhagen,Denver,9,9
Chennai,Phoenix,9,9
Geneva,Munich,9,9
Hefei,Suzhou,9,9
Chicago,Cupertino,9,9
Chengdu,Houston,9,9
Edinburgh,Vancouver,9,9
Washington,Waterloo,9,9
Dalian,Wuhan,9,9
Delft,Dublin,9,9
Abu Dhabi,Melbourne,9,9
Suzhou,Taipei,9,9
Vienna,Xi'an,9,9
Edinburgh,Moscow,9,9
Copenhagen,Moscow,9,9
Hangzhou,Jakarta,9,9
Barcelona,Delft,9,9
Moscow,Suzhou,9,9
Copenhagen,Dubai,9,9
Milan,Palo Alto,9,9
Ottawa,Warsaw,9,9
Ho Chi Minh City,Wuhan,9,9
Helsinki,Mumbai,9,9
Delft,Melbourne,9,9
San Diego,Wuhan,9,9
Delft,Sydney,9,9
Ottawa,Sao Paulo,9,9
Boulder,Dubai,9,9
Jakarta,Toronto,8,8
Edinburgh,Sunnyvale,8,8
Kolkata,Tel Aviv,8,8
Barcelona,Hefei,8,8
Bangkok,Cambridge,8,8
Pittsburgh,Xi'an,8,8
Hanoi,Pune,8,8
Barcelona,Lausanne,8,8
San Diego,Tel Aviv,8,8
Suzhou,Vienna,8,8
Hefei,Los Angeles,8,8
Ho Chi Minh City,Tel Aviv,8,8
Delhi,Ho Chi Minh City,8,8
Boston,Hefei,8,8
Hamburg,Ho Chi Minh City,8,8
Guangzhou,Hanoi,8,8
Tianjin,Xi'an,8,8
Hanoi,Zurich,8,8
Athens,Denver,8,8
Dubai,Palo Alto,8,8
Ann Arbor,Barcelona,8,8
Chengdu,Ottawa,8,8
Bangkok,Nanjing,8,8
Bangkok,Pune,8,8
Dalian,Singapore,8,8
Bangkok,Mountain View,8,8
Dublin,Helsinki,8,8
Milan,Suzhou,8,8
Ottawa,Suzhou,8,8
Amsterdam,Hsinchu,8,8
Helsinki,Houston,8,8
Cairo,Dublin,8,8
Cairo,Montreal,8,8
Cairo,Munich,8,8
Chennai,Tel Aviv,8,8
Delhi,Lausanne,8,8
Brisbane,Prague,8,8
Cairo,San Jose,8,8
Cairo,Vienna,8,8
Dublin,Wuhan,8,8
Dubai,Wuhan,8,8
Chennai,Dubai,8,8
Cairo,Washington,8,8
Dalian,London,8,8
Bangkok,Hyderabad,8,8
Brisbane,Rome,8,8
Atlanta,Lausanne,8,8
Houston,Rome,8,8
Jakarta,Singapore,8,8
Cupertino,Nanjing,8,8
Cairo,New Delhi,8,8
Suzhou,Tianjin,8,8
Brisbane,Moscow,8,8
Madrid,Suzhou,8,8
Geneva,Los Angeles,8,8
Rome,Warsaw,8,8
Kyoto,San Francisco,8,8
Phoenix,Pune,8,8
Abu Dhabi,Dubai,8,8
Athens,Hong Kong,8,8
Ann Arbor,Nanjing,8,8
Ann Arbor,Pune,8,8
Mountain View,Nanjing,8,8
Hsinchu,Montreal,8,8
Cairo,Los Angeles,8,8
Nanjing,Waterloo,8,8
Kolkata,Phoenix,8,8
Chennai,Taipei,8,8
Cambridge,Edmonton,8,8
Hsinchu,Miami,8,8
Bangkok,Madrid,8,8
Ankara,Mumbai,8,8
Dubai,Waterloo,8,8
Cupertino,Dallas,8,8
Lisbon,Miami,8,8
Ho Chi Minh City,Pittsburgh,8,8
Bangkok,Vienna,8,8
Bangkok,Warsaw,8,8
Copenhagen,Kolkata,8,8
Chengdu,Hanoi,8,8
Ankara,Palo Alto,8,8
New Delhi,Xi'an,8,8
Copenhagen,Pittsburgh,8,8
Kolkata,Philadelphia,8,8
Chengdu,Milan,8,8
Delhi,Milan,8,8
Denver,Edinburgh,8,8
Ankara,Pune,8,8
Lausanne,Prague,8,8
Chicago,Delft,8,8
Barcelona,Boulder,8,8
Ottawa,Prague,8,8
Budapest,Nanjing,8,8
Budapest,Milan,8,8
Philadelphia,Sunnyvale,8,8
Milan,Moscow,8,8
Hanoi,Vancouver,8,8
Budapest,Mountain View,8,8
Budapest,Dubai,8,8
Brisbane,Denver,8,8
Chennai,Moscow,8,8
Bangkok,Chengdu,8,8
Boulder,Palo Alto,8,8
Brisbane,Wuhan,8,8
Ankara,Boston,8,8
Guangzhou,Lisbon,8,8
Dallas,Tel Aviv,8,8
Edinburgh,Sydney,8,8
Beijing,Daejeon,8,8
Budapest,Chengdu,8,8
Budapest,Chennai,8,8
Chicago,Hanoi,8,8
Budapest,Philadelphia,8,8
Palo Alto,Xi'an,8,8
Hamburg,Helsinki,8,8
Delhi,Rome,8,8
Ankara,Milan,8,8
Ankara,San Diego,8,8
Delft,San Jose,8,8
Jakarta,Seoul,8,8
Miami,Waterloo,8,8
Houston,Kolkata,8,8
Brisbane,Stockholm,8,8
Pittsburgh,Waterloo,8,8
Ottawa,Stockholm,8,8
Delft,Vancouver,8,8
Budapest,Taipei,8,8
Budapest,Copenhagen,8,8
Boulder,Guangzhou,8,8
Moscow,Xi'an,8,8
Budapest,Kolkata,8,8
Moscow,Rome,8,8
Dalian,New York,8,8
Boston,Kuala Lumpur,8,8
Delft,Hong Kong,8,8
Geneva,Hong Kong,8,8
Ann Arbor,San Jose,8,8
Tel Aviv,Wuhan,8,8
Kuala Lumpur,Prague,8,8
Miami,Wuhan,8,8
Stockholm,Xi'an,8,8
Oxford,Pune,8,8
Cupertino,Wuhan,8,8
Austin,Geneva,8,8
Abu Dhabi,Vienna,8,8
Dubai,Tel Aviv,8,8
Barcelona,Cairo,8,8
Dubai,Sao Paulo,8,8
Hamburg,Waterloo,8,8
Abu Dhabi,Toronto,8,8
Chengdu,Miami,8,8
Abu Dhabi,Montreal,8,8
Jakarta,Vancouver,8,8
Chengdu,Copenhagen,8,8
Copenhagen,Edinburgh,8,8
Bangkok,Guangzhou,8,8
Philadelphia,Stockholm,8,8
Vienna,Waterloo,8,8
Milan,Prague,8,8
Prague,Rome,8,8
Delft,Palo Alto,8,8
Edinburgh,Pittsburgh,8,8
Guangzhou,Helsinki,8,8
Ankara,Cambridge,8,8
Oxford,Palo Alto,8,8
Delhi,Waterloo,8,8
Budapest,Cairo,8,8
Hamburg,Wuhan,8,8
Kyoto,Sydney,8,8
Kyoto,Toronto,8,8
Ottawa,San Diego,8,8
Phoenix,Zurich,8,8
Kyoto,New York,8,8
Atlanta,Suzhou,8,8
Atlanta,Ottawa,8,8
Oxford,Wuhan,8,8
Hsinchu,Los Angeles,8,8
Sao Paulo,Waterloo,7,7
Athens,Istanbul,7,7
Hong Kong,Kuala Lumpur,7,7
Hanoi,Sydney,7,7
Moscow,Oxford,7,7
Istanbul,Wuhan,7,7
Budapest,Suzhou,7,7
Oxford,Tel Aviv,7,7
Brisbane,Milan,7,7
Edinburgh,Hyderabad,7,7
Hamburg,Istanbul,7,7
Copenhagen,Hamburg,7,7
Lisbon,Wuhan,7,7
New Delhi,Phoenix,7,7
Cairo,Dallas,7,7
Montreal,Phoenix,7,7
Austin,Kuala Lumpur,7,7
Lisbon,Phoenix,7,7
Geneva,Washington,7,7
Cambridge,Delft,7,7
Ankara,Kolkata,7,7
Kyoto,Shenzhen,7,7
Kolkata,Redmond,7,7
Berlin,Tianjin,7,7
Cambridge,Suzhou,7,7
Kuala Lumpur,Warsaw,7,7
Oxford,Philadelphia,7,7
Phoenix,Stockholm,7,7
Cairo,Hamburg,7,7
Budapest,Delhi,7,7
Delft,Taipei,7,7
Denver,Xi'an,7,7
Jakarta,Montreal,7,7
Boulder,New Delhi,7,7
Guangzhou,Ho Chi Minh City,7,7
Guangzhou,Hsinchu,7,7
Lisbon,Redmond,7,7
Bengaluru,Tianjin,7,7
Ho Chi Minh City,San Jose,7,7
Oxford,Prague,7,7
Boulder,Waterloo,7,7
Cupertino,Xi'an,7,7
Rome,Wuhan,7,7
Edmonton,Pune,7,7
Cairo,San Diego,7,7
Hanoi,Moscow,7,7
Jakarta,New Delhi,7,7
Athens,Houston,7,7
Moscow,Ottawa,7,7
Hyderabad,Wuhan,7,7
Hyderabad,Ottawa,7,7
Guangzhou,Rome,7,7
Edmonton,Sydney,7,7
Ho Chi Minh City,Miami,7,7
Moscow,Prague,7,7
Abu Dhabi,Sunnyvale,7,7
Hefei,Toronto,7,7
Hefei,Sydney,7,7
San Diego,Waterloo,7,7
Denver,Dubai,7,7
Istanbul,San Diego,7,7
Budapest,Helsinki,7,7
Daejeon,New York,7,7
Dublin,Waterloo,7,7
Geneva,Shenzhen,7,7
Edmonton,Singapore,7,7
Geneva,Melbourne,7,7
Hefei,Munich,7,7
Bangkok,Denver,7,7
Denver,Phoenix,7,7
Boulder,Prague,7,7
Oxford,Washington,7,7
Miami,Palo Alto,7,7
Mountain View,Rome,7,7
Chennai,Guangzhou,7,7
Budapest,Dallas,7,7
Ho Chi Minh City,Sunnyvale,7,7
Ottawa,Philadelphia,7,7
Athens,Boulder,7,7
Philadelphia,Tel Aviv,7,7
Chennai,Wuhan,7,7
Kolkata,Taipei,7,7
Hyderabad,Lausanne,7,7
Cairo,Stockholm,7,7
Edinburgh,Taipei,7,7
Cambridge,Hanoi,7,7
Cambridge,Ho Chi Minh City,7,7
Budapest,Miami,7,7
Ottawa,Sunnyvale,7,7
Ho Chi Minh City,Sao Paulo,7,7
Athens,Chengdu,7,7
Melbourne,Tianjin,7,7
Istanbul,Sao Paulo,7,7
Brisbane,Pittsburgh,7,7
Cupertino,Ottawa,7,7
Delhi,Warsaw,7,7
Budapest,Ottawa,7,7
Edmonton,Shenzhen,7,7
Athens,Hamburg,7,7
Edmonton,Hamburg,7,7
Delhi,Helsinki,7,7
Ottawa,Palo Alto,7,7
Edmonton,Hong Kong,7,7
Ann Arbor,Hyderabad,7,7
Rome,San Jose,7,7
Ann Arbor,Mountain View,7,7
Cupertino,Pittsburgh,7,7
Edmonton,Paris,7,7
Ann Arbor,Sao Paulo,7,7
Ann Arbor,Stockholm,7,7
Ann Arbor,Washington,7,7
Hsinchu,Taipei,7,7
Bengaluru,Hsinchu,7,7
Guangzhou,Lausanne,7,7
Bangkok,Chennai,7,7
Bangkok,San Jose,7,7
Milan,Philadelphia,7,7
Daejeon,Tokyo,7,7
Bangkok,Delhi,7,7
Bangkok,Mumbai,7,7
Brisbane,Helsinki,7,7
Kolkata,Milan,7,7
Dallas,Xi'an,7,7
Miami,Oxford,7,7
Philadelphia,Xi'an,7,7
Miami,Rome,7,7
Stockholm,Wuhan,7,7
Barcelona,Geneva,7,7
Dublin,Ho Chi Minh City,7,7
Boulder,Moscow,7,7
Seattle,Tianjin,7,7
Delft,Pune,7,7
Kuala Lumpur,Madrid,7,7
Madrid,Oxford,7,7
Abu Dhabi,Barcelona,7,7
Kolkata,Moscow,7,7
Bangkok,Budapest,7,7
Miami,Moscow,7,7
Miami,Sao Paulo,7,7
Sao Paulo,Wuhan,7,7
Cairo,Pittsburgh,7,7
Phoenix,Shenzhen,7,7
Barcelona,Edmonton,7,7
Dallas,San Diego,7,7
Cupertino,Guangzhou,7,7
Pune,Suzhou,7,7
Rome,Taipei,7,7
Dallas,Delft,7,7
Chicago,Kuala Lumpur,7,7
Phoenix,Washington,7,7
Phoenix,Vienna,7,7
Houston,Xi'an,7,7
Dubai,Xi'an,7,7
Geneva,Sydney,7,7
Brisbane,Redmond,7,7
Hanoi,Stockholm,7,7
Atlanta,Edinburgh,7,7
Dallas,Guangzhou,7,7
Jakarta,Los Angeles,7,7
Hanoi,Istanbul,7,7
Cairo,Philadelphia,7,7
Ankara,Hyderabad,7,7
Geneva,Zurich,7,7
Bangkok,Waterloo,7,7
Dallas,Kolkata,7,7
Cairo,Chengdu,7,7
Ottawa,Wuhan,7,7
Guangzhou,Oxford,7,7
Copenhagen,Rome,7,7
Dallas,Phoenix,7,7
Abu Dhabi,Kolkata,7,7
Dublin,Rome,7,7
Athens,Pittsburgh,7,7
Dublin,Oxford,7,7
Dallas,Hsinchu,7,7
Abu Dhabi,Mumbai,7,7
Lausanne,Sydney,7,7
Delft,Vienna,7,7
Istanbul,Rome,7,7
Helsinki,New Delhi,7,7
Dalian,Nanjing,7,7
Lisbon,Sunnyvale,7,7
Cupertino,Vienna,7,7
Hyderabad,Phoenix,7,7
Ottawa,Tel Aviv,7,7
Cupertino,Warsaw,7,7
Copenhagen,Philadelphia,7,7
Edmonton,Melbourne,7,7
Chengdu,Philadelphia,7,7
Ann Arbor,Houston,7,7
Boulder,Delhi,7,7
Melbourne,Phoenix,7,7
Dubai,Pittsburgh,7,7
Atlanta,Xi'an,7,7
Edmonton,Moscow,7,7
Ankara,Guangzhou,7,7
Ann Arbor,Moscow,7,7
Brisbane,Madrid,7,7
Dallas,Helsinki,7,7
Ankara,Rome,7,7
Milan,Xi'an,7,7
Brisbane,Pune,7,7
Brisbane,Mountain View,7,7
Helsinki,Pittsburgh,7,7
Jakarta,Melbourne,7,7
Edinburgh,Vienna,7,7
Madrid,Wuhan,7,7
Ho Chi Minh City,Redmond,6,6
Rome,Xi'an,6,6
Helsinki,Lisbon,6,6
Hanoi,Prague,6,6
Delft,Mountain View,6,6
Geneva,Milan,6,6
Cupertino,Moscow,6,6
Budapest,Waterloo,6,6
Cairo,Moscow,6,6
Ann Arbor,Sunnyvale,6,6
San Diego,Suzhou,6,6
Abu Dhabi,San Jose,6,6
Dubai,Lausanne,6,6
Cairo,Denver,6,6
Sunnyvale,Suzhou,6,6
Helsinki,Ottawa,6,6
Edmonton,Warsaw,6,6
Delft,Mumbai,6,6
Ottawa,Oxford,6,6
Athens,Palo Alto,6,6
Brisbane,Philadelphia,6,6
Athens,Philadelphia,6,6
Hanoi,San Jose,6,6
Miami,Ottawa,6,6
Athens,Moscow,6,6
Mumbai,Suzhou,6,6
Denver,Waterloo,6,6
Ankara,Boulder,6,6
Delft,Madrid,6,6
Cairo,Chennai,6,6
Cairo,Helsinki,6,6
Ankara,Prague,6,6
Ann Arbor,Kolkata,6,6
Kyoto,Stockholm,6,6
Ottawa,Xi'an,6,6
Copenhagen,Milan,6,6
New Delhi,Ottawa,6,6
Phoenix,San Diego,6,6
Cupertino,Washington,6,6
Boston,Geneva,6,6
Houston,Lausanne,6,6
Boulder,Cupertino,6,6
Chengdu,Cupertino,6,6
Edinburgh,Oxford,6,6
Edinburgh,Sao Paulo,6,6
Redmond,Warsaw,6,6
Delft,Montreal,6,6
Cupertino,Dublin,6,6
Bangkok,Moscow,6,6
Kolkata,Palo Alto,6,6
Copenhagen,Lausanne,6,6
Copenhagen,Wuhan,6,6
Cupertino,Miami,6,6
Hefei,Paris,6,6
Ho Chi Minh City,Rome,6,6
Berlin,Hefei,6,6
Oxford,San Diego,6,6
Bangkok,Boulder,6,6
Delft,Lisbon,6,6
Helsinki,Nanjing,6,6
Ankara,Chengdu,6,6
Bengaluru,Geneva,6,6
Atlanta,Bangkok,6,6
Budapest,Palo Alto,6,6
Budapest,Dublin,6,6
Dallas,Rome,6,6
Kyoto,Miami,6,6
Kolkata,Suzhou,6,6
Edmonton,Munich,6,6
Phoenix,San Jose,6,6
Milan,Redmond,6,6
Brisbane,Xi'an,6,6
Dubai,Helsinki,6,6
Delhi,Phoenix,6,6
Boulder,Dublin,6,6
Copenhagen,Phoenix,6,6
Copenhagen,Helsinki,6,6
Budapest,San Diego,6,6
Chengdu,Delhi,6,6
Palo Alto,Suzhou,6,6
Stockholm,Suzhou,6,6
Abu Dhabi,Helsinki,6,6
Brisbane,Dallas,6,6
Brisbane,Edinburgh,6,6
Atlanta,Delft,6,6
Palo Alto,Rome,6,6
Delhi,Oxford,6,6
Athens,Warsaw,6,6
Ankara,Ho Chi Minh City,6,6
Daejeon,London,6,6
Lisbon,Tel Aviv,6,6
Seoul,Tianjin,6,6
Chengdu,Waterloo,6,6
Dublin,Jakarta,6,6
Brisbane,Taipei,6,6
Daejeon,Seoul,6,6
Daejeon,Shanghai,6,6
Daejeon,Shenzhen,6,6
Hyderabad,Oxford,6,6
Jakarta,Kolkata,6,6
Jakarta,Mumbai,6,6
Nanjing,Rome,6,6
Kuala Lumpur,Sydney,6,6
Hsinchu,Xi'an,6,6
Istanbul,Tianjin,6,6
Kuala Lumpur,Montreal,6,6
Hyderabad,Suzhou,6,6
Guangzhou,Ottawa,6,6
Lisbon,Waterloo,6,6
Boulder,Chennai,6,6
Hsinchu,Vancouver,6,6
Ho Chi Minh City,Nanjing,6,6
Houston,Istanbul,6,6
Hanoi,Wuhan,6,6
Abu Dhabi,Miami,6,6
Hefei,Palo Alto,6,6
Cairo,Lausanne,6,6
Copenhagen,Nanjing,6,6
Brisbane,Guangzhou,6,6
Hanoi,Mumbai,6,6
Hanoi,Montreal,6,6
Abu Dhabi,Mountain View,6,6
Cupertino,Hamburg,6,6
Chennai,Suzhou,6,6
Helsinki,Kolkata,6,6
Bengaluru,Dalian,6,6
Ankara,Washington,6,6
Ankara,Lisbon,6,6
Boulder,Ho Chi Minh City,6,6
Budapest,Guangzhou,6,6
Dubai,Ho Chi Minh City,6,6
Amsterdam,Jakarta,6,6
Chennai,Ottawa,6,6
Cairo,Milan,6,6
Hangzhou,Phoenix,6,6
Dallas,Delhi,6,6
Waterloo,Wuhan,6,6
Kyoto,Melbourne,6,6
Abu Dhabi,Palo Alto,6,6
Brisbane,Palo Alto,6,6
Edinburgh,Madrid,6,6
Edinburgh,Washington,6,6
Edmonton,Mountain View,6,6
Melbourne,Xi'an,6,6
Mumbai,Xi'an,6,6
Pune,Xi'an,6,6
Istanbul,Redmond,6,6
Atlanta,Cupertino,6,6
Waterloo,Xi'an,6,6
Mountain View,Suzhou,6,6
Abu Dhabi,Suzhou,6,6
Atlanta,Cairo,6,6
Hong Kong,Phoenix,6,6
Helsinki,Istanbul,6,6
Helsinki,Hyderabad,6,6
Nanjing,Tel Aviv,6,6
Nanjing,Oxford,6,6
Budapest,Cupertino,6,6
New Delhi,Oxford,6,6
Chennai,Helsinki,6,6
Boston,Kyoto,6,6
Abu Dhabi,Warsaw,6,6
Ho Chi Minh City,Vienna,6,6
Dublin,Xi'an,6,6
Austin,Hefei,6,6
Hanoi,Mountain View,6,6
Dublin,Edmonton,6,6
Suzhou,Washington,6,6
Edmonton,Hangzhou,6,6
Hanoi,Ho Chi Minh City,6,6
Hanoi,New Delhi,6,6
Houston,Philadelphia,6,6
Edinburgh,Melbourne,6,6
Austin,Hsinchu,6,6
Edinburgh,Warsaw,6,6
Abu Dhabi,Moscow,6,6
Ho Chi Minh City,Taipei,6,6
Delhi,Houston,6,6
Denver,Jakarta,6,6
Hefei,Tianjin,6,6
Lausanne,New Delhi,6,6
Dubai,Philadelphia,6,6
Brisbane,Istanbul,6,6
Brisbane,Phoenix,6,6
Hyderabad,Kuala Lumpur,6,6
Cambridge,Phoenix,6,6
Hsinchu,Zurich,6,6
Athens,Dublin,6,6
Miami,Nanjing,6,6
Edmonton,Guangzhou,6,6
Redmond,Xi'an,6,6
Kuala Lumpur,Philadelphia,6,6
Delhi,Redmond,6,6
Athens,Mountain View,6,6
Ann Arbor,Chennai,6,6
Athens,Guangzhou,6,6
Kuala Lumpur,Washington,6,6
Amsterdam,Tianjin,6,6
Edinburgh,Philadelphia,6,6
Delft,Stockholm,6,6
Prague,Xi'an,6,6
Dubai,Moscow,6,6
Madrid,Waterloo,6,6
Cupertino,Philadelphia,6,6
Stockholm,Waterloo,6,6
Bangkok,Kolkata,6,6
Dallas,Edmonton,6,6
Abu Dhabi,Atlanta,6,6
Ann Arbor,Redmond,6,6
Ann Arbor,New Delhi,6,6
Bangkok,Sunnyvale,6,6
Hsinchu,Mountain View,6,6
Edmonton,Mumbai,6,6
Houston,Ottawa,6,6
Boulder,Copenhagen,6,6
Denver,Edmonton,6,6
Bangkok,Sao Paulo,6,6
Ho Chi Minh City,San Diego,5,5
Ho Chi Minh City,Jakarta,5,5
Delft,Sao Paulo,5,5
Delhi,Ottawa,5,5
Copenhagen,Ho Chi Minh City,5,5
Edinburgh,Houston,5,5
Copenhagen,Cupertino,5,5
Delft,Warsaw,5,5
Jakarta,Washington,5,5
Bangkok,Milan,5,5
Cupertino,Pune,5,5
Abu Dhabi,Ankara,5,5
Hsinchu,Milan,5,5
Milan,Sunnyvale,5,5
Geneva,Moscow,5,5
Athens,Budapest,5,5
Chengdu,Oxford,5,5
Abu Dhabi,Dublin,5,5
Los Angeles,Tianjin,5,5
Ho Chi Minh City,Xi'an,5,5
Edmonton,San Jose,5,5
Budapest,Tel Aviv,5,5
Cambridge,Hefei,5,5
Hefei,Vancouver,5,5
Istanbul,Suzhou,5,5
Boulder,Rome,5,5
Budapest,Oxford,5,5
Istanbul,Xi'an,5,5
Edinburgh,Miami,5,5
Cairo,Warsaw,5,5
Boulder,Budapest,5,5
Philadelphia,Waterloo,5,5
Kolkata,Wuhan,5,5
Atlanta,Jakarta,5,5
Barcelona,Cupertino,5,5
Helsinki,Tel Aviv,5,5
Ankara,Houston,5,5
Hefei,Moscow,5,5
Jakarta,Pune,5,5
Geneva,Madrid,5,5
Kuala Lumpur,Pune,5,5
Tel Aviv,Warsaw,5,5
Cambridge,Tianjin,5,5
Kuala Lumpur,Moscow,5,5
Kuala Lumpur,Stockholm,5,5
Kuala Lumpur,Wuhan,5,5
Dalian,Xi'an,5,5
Cairo,Rome,5,5
Cairo,Mountain View,5,5
Kyoto,Redmond,5,5
Phoenix,Warsaw,5,5
Edmonton,Miami,5,5
Mumbai,Oxford,5,5
Delft,Pittsburgh,5,5
Dubai,Phoenix,5,5
Chengdu,Phoenix,5,5
Chengdu,Helsinki,5,5
Rome,Waterloo,5,5
Barcelona,Phoenix,5,5
Bangkok,Washington,5,5
Bangkok,Helsinki,5,5
Bangkok,Dubai,5,5
Brisbane,Oxford,5,5
Hsinchu,Istanbul,5,5
Kuala Lumpur,Miami,5,5
Boulder,Houston,5,5
Hyderabad,Jakarta,5,5
Brisbane,Dublin,5,5
Delft,Helsinki,5,5
Bangkok,San Diego,5,5
Bangkok,Dublin,5,5
Ann Arbor,Tel Aviv,5,5
Edmonton,Philadelphia,5,5
Ann Arbor,Helsinki,5,5
Ann Arbor,Dublin,5,5
Ann Arbor,Dallas,5,5
Ann Arbor,Chengdu,5,5
Ann Arbor,Brisbane,5,5
Edmonton,Zurich,5,5
Brisbane,Dubai,5,5
Brisbane,Houston,5,5
Chicago,Tianjin,5,5
Istanbul,Nanjing,5,5
Ankara,Nanjing,5,5
Chicago,Hefei,5,5
Sydney,Tianjin,5,5
Ann Arbor,Vienna,5,5
Redmond,Suzhou,5,5
Chengdu,Hsinchu,5,5
Hsinchu,Sydney,5,5
Ankara,Vienna,5,5
Ankara,Helsinki,5,5
Washington,Xi'an,5,5
Jakarta,Munich,5,5
Lausanne,Lisbon,5,5
Atlanta,Kuala Lumpur,5,5
Atlanta,Hanoi,5,5
Phoenix,Pittsburgh,5,5
Boulder,Phoenix,5,5
Boulder,Xi'an,5,5
Athens,Kolkata,5,5
Lisbon,Xi'an,5,5
Budapest,Kuala Lumpur,5,5
Budapest,Warsaw,5,5
Budapest,Wuhan,5,5
Chennai,Dalian,5,5
Chennai,Kuala Lumpur,5,5
Bangkok,Lisbon,5,5
Daejeon,Hong Kong,5,5
Cairo,Cambridge,5,5
Rome,Tel Aviv,5,5
Hefei,Mountain View,5,5
Hefei,San Jose,5,5
Budapest,Ho Chi Minh City,5,5
Bangkok,Wuhan,5,5
Boulder,Philadelphia,5,5
Hefei,Zurich,5,5
Amsterdam,Geneva,5,5
Hamburg,Kuala Lumpur,5,5
Ankara,Delhi,5,5
Copenhagen,Tel Aviv,5,5
Ankara,Bangkok,5,5
Abu Dhabi,Delhi,5,5
Dubai,Hamburg,5,5
Edinburgh,Hamburg,5,5
Edinburgh,Tel Aviv,5,5
Ankara,New Delhi,5,5
Chennai,Tianjin,5,5
Tianjin,Vienna,5,5
Hanoi,Jakarta,5,5
Dubai,Lisbon,5,5
Jakarta,Pittsburgh,5,5
Jakarta,Prague,5,5
Guangzhou,Kuala Lumpur,5,5
Daejeon,Toronto,5,5
Athens,Redmond,5,5
Jakarta,Miami,5,5
Oxford,Redmond,5,5
Athens,Rome,5,5
Boulder,Istanbul,5,5
Hanoi,Washington,5,5
Hanoi,Warsaw,5,5
Kuala Lumpur,Nanjing,5,5
Ann Arbor,Wuhan,5,5
Ann Arbor,Denver,5,5
Dalian,Hong Kong,5,5
Dalian,Suzhou,5,5
Lausanne,Moscow,5,5
Kyoto,Mountain View,5,5
Brisbane,Budapest,5,5
Kyoto,Los Angeles,5,5
Geneva,Taipei,5,5
Ann Arbor,Madrid,5,5
Geneva,Miami,5,5
Helsinki,Rome,5,5
Abu Dhabi,Edinburgh,5,5
Lausanne,Tel Aviv,5,5
Pittsburgh,Rome,5,5
Cairo,Guangzhou,5,5
Hsinchu,Munich,5,5
Hsinchu,Madrid,5,5
Ho Chi Minh City,Moscow,5,5
Austin,Tianjin,5,5
Amsterdam,Hefei,5,5
Taipei,Tianjin,5,5
Ho Chi Minh City,Hsinchu,5,5
Amsterdam,Kyoto,5,5
Hanoi,Vienna,5,5
Denver,Hsinchu,5,5
Delft,Denver,5,5
Lausanne,Philadelphia,5,5
Hsinchu,Redmond,5,5
Hanoi,Suzhou,5,5
Kolkata,Lausanne,5,5
Lausanne,San Diego,5,5
Brisbane,Miami,5,5
Helsinki,Moscow,5,5
Denver,Suzhou,5,5
Delft,Guangzhou,5,5
Abu Dhabi,Sao Paulo,5,5
Delft,Dubai,5,5
Abu Dhabi,Hyderabad,5,5
Geneva,San Jose,5,5
Geneva,San Diego,5,5
Cairo,Kolkata,5,5
Prague,Suzhou,5,5
Delhi,Lisbon,5,5
Philadelphia,Rome,5,5
Boulder,Delft,5,5
Hanoi,Hyderabad,5,5
Budapest,Istanbul,5,5
Athens,San Jose,5,5
Boston,Tianjin,5,5
Delft,San Diego,5,5
Lausanne,Washington,5,5
Hefei,Warsaw,5,5
Hefei,Sunnyvale,5,5
Bangkok,Philadelphia,5,5
Dublin,Lausanne,5,5
Phoenix,Sao Paulo,5,5
Edinburgh,San Diego,5,5
Kyoto,Taipei,5,5
Nanjing,Prague,5,5
Jakarta,Taipei,5,5
Jakarta,Sunnyvale,5,5
Lausanne,Palo Alto,5,5
Edinburgh,Xi'an,5,5
Chicago,Jakarta,5,5
Lausanne,Sunnyvale,5,5
Delhi,Jakarta,5,5
Mountain View,Phoenix,5,5
Budapest,Houston,5,5
Edmonton,New Delhi,5,5
Edmonton,Stockholm,5,5
Edmonton,Taipei,5,5
Delhi,Hanoi,5,5
Jakarta,Madrid,5,5
Edinburgh,Pune,5,5
Denver,Hanoi,4,4
Athens,Hanoi,4,4
Philadelphia,Phoenix,4,4
Ho Chi Minh City,Warsaw,4,4
Ankara,Redmond,4,4
Delft,Moscow,4,4
Edmonton,Hyderabad,4,4
Cairo,Hanoi,4,4
Istanbul,Philadelphia,4,4
Geneva,Warsaw,4,4
Miami,Xi'an,4,4
Athens,Dallas,4,4
Abu Dhabi,Oxford,4,4
Kuala Lumpur,Waterloo,4,4
Cairo,Istanbul,4,4
Boulder,Denver,4,4
Barcelona,Tianjin,4,4
Tianjin,Vancouver,4,4
Chennai,Xi'an,4,4
Cupertino,Oxford,4,4
Dallas,Waterloo,4,4
Ann Arbor,Rome,4,4
Ankara,Oxford,4,4
Lausanne,Sao Paulo,4,4
Ho Chi Minh City,Oxford,4,4
Ankara,Denver,4,4
Copenhagen,Xi'an,4,4
Redmond,Waterloo,4,4
Copenhagen,Waterloo,4,4
Edmonton,Lausanne,4,4
Copenhagen,Oxford,4,4
Chengdu,Kyoto,4,4
Kyoto,Montreal,4,4
Athens,Suzhou,4,4
Denver,Tianjin,4,4
Helsinki,Waterloo,4,4
Tianjin,Toronto,4,4
Palo Alto,Phoenix,4,4
Bangkok,Oxford,4,4
Copenhagen,Istanbul,4,4
Edmonton,Lisbon,4,4
Edmonton,Sunnyvale,4,4
Edinburgh,Prague,4,4
Phoenix,Sunnyvale,4,4
Hamburg,Jakarta,4,4
Cairo,Houston,4,4
Cupertino,San Diego,4,4
Edinburgh,New Delhi,4,4
Abu Dhabi,New Delhi,4,4
Dubai,Edmonton,4,4
Dublin,Hanoi,4,4
Edmonton,Suzhou,4,4
Boston,Jakarta,4,4
Hsinchu,Wuhan,4,4
Dubai,Milan,4,4
Budapest,Jakarta,4,4
Kolkata,Xi'an,4,4
Budapest,Redmond,4,4
Boston,Hsinchu,4,4
Chennai,Philadelphia,4,4
Jakarta,Sao Paulo,4,4
Ann Arbor,Atlanta,4,4
Bangkok,Jakarta,4,4
Miami,Phoenix,4,4
Geneva,Hsinchu,4,4
Ann Arbor,Ottawa,4,4
Dallas,Moscow,4,4
Edmonton,Milan,4,4
Ann Arbor,Warsaw,4,4
Ann Arbor,Philadelphia,4,4
Ann Arbor,Milan,4,4
Tel Aviv,Xi'an,4,4
Boulder,Ottawa,4,4
Dubai,Rome,4,4
Athens,Delft,4,4
Dallas,Lausanne,4,4
Athens,Cupertino,4,4
Istanbul,Moscow,4,4
Cupertino,Lisbon,4,4
Moscow,Waterloo,4,4
Denver,Kuala Lumpur,4,4
Phoenix,Rome,4,4
Oxford,Xi'an,4,4
Delft,Washington,4,4
Delft,Oxford,4,4
Geneva,New Delhi,4,4
Jakarta,Wuhan,4,4
Jakarta,Stockholm,4,4
Cupertino,Helsinki,4,4
Cupertino,New Delhi,4,4
Houston,Wuhan,4,4
Athens,Tel Aviv,4,4
Denver,Ottawa,4,4
Chennai,Jakarta,4,4
Ankara,Brisbane,4,4
Ankara,Geneva,4,4
Milan,Phoenix,4,4
Athens,Phoenix,4,4
Geneva,Istanbul,4,4
Abu Dhabi,Lisbon,4,4
Geneva,Hyderabad,4,4
Dallas,Wuhan,4,4
Ann Arbor,Suzhou,4,4
Philadelphia,Redmond,4,4
Athens,Brisbane,4,4
Dalian,Madrid,4,4
Cairo,Delhi,4,4
Dalian,Vancouver,4,4
Lausanne,Wuhan,4,4
Lausanne,Nanjing,4,4
Edinburgh,Redmond,4,4
Edinburgh,Lausanne,4,4
Dubai,Edinburgh,4,4
Hyderabad,Tianjin,4,4
Geneva,Pune,4,4
Helsinki,Wuhan,4,4
Dallas,Oxford,4,4
Delft,Prague,4,4
Delft,Suzhou,4,4
Dubai,Suzhou,4,4
Brisbane,Tel Aviv,4,4
Abu Dhabi,Chengdu,4,4
Athens,Cairo,4,4
Bangkok,Copenhagen,4,4
Helsinki,Phoenix,4,4
Kyoto,Zurich,4,4
Abu Dhabi,Chennai,4,4
Kyoto,Washington,4,4
Abu Dhabi,Athens,4,4
Kyoto,Milan,4,4
Boulder,Lausanne,4,4
Hanoi,Milan,4,4
Munich,Tianjin,4,4
Ankara,Dubai,4,4
Ankara,Wuhan,4,4
Abu Dhabi,Ann Arbor,4,4
Abu Dhabi,Boulder,4,4
Moscow,Phoenix,4,4
Barcelona,Dalian,4,4
Cairo,Copenhagen,4,4
Ann Arbor,Copenhagen,4,4
Abu Dhabi,Delft,4,4
Ho Chi Minh City,Houston,4,4
Istanbul,Oxford,4,4
Hanoi,Lisbon,4,4
Bangkok,Miami,4,4
Pune,Tianjin,4,4
Kolkata,Ottawa,4,4
Copenhagen,Dallas,4,4
Hanoi,Sao Paulo,4,4
Athens,Miami,4,4
Hamburg,Xi'an,4,4
Chengdu,Delft,4,4
Dalian,Hamburg,4,4
Copenhagen,Dublin,4,4
Ann Arbor,Edinburgh,4,4
Jakarta,Milan,4,4
Ann Arbor,Prague,4,4
Delft,Hamburg,4,4
Houston,Suzhou,4,4
Ankara,Sao Paulo,4,4
Kuala Lumpur,Tel Aviv,4,4
Hsinchu,Prague,4,4
Barcelona,Kyoto,4,4
Hamburg,Hsinchu,4,4
Ann Arbor,Phoenix,4,4
Bangkok,Dallas,4,4
Bangkok,Redmond,4,4
Bangkok,Hsinchu,4,4
Bangkok,Tel Aviv,4,4
Chicago,Hsinchu,4,4
Delft,Houston,4,4
Brisbane,Chengdu,4,4
Brisbane,Chennai,4,4
Brisbane,Kolkata,4,4
Brisbane,Nanjing,4,4
Cairo,Wuhan,4,4
Cairo,Palo Alto,4,4
Cairo,Dubai,4,4
Dubai,Istanbul,4,4
Ankara,Dallas,4,4
Istanbul,Tel Aviv,4,4
Hefei,Melbourne,4,4
Hefei,Pune,4,4
Kyoto,Wuhan,4,4
Cupertino,Denver,4,4
Chennai,Cupertino,4,4
Hsinchu,San Diego,4,4
Hanoi,Madrid,4,4
Austin,Kyoto,4,4
Kuala Lumpur,San Diego,4,4
Kuala Lumpur,San Jose,4,4
Chengdu,Kuala Lumpur,4,4
Geneva,Stockholm,4,4
Geneva,Mountain View,4,4
Geneva,Kyoto,4,4
Ankara,Mountain View,4,4
Boulder,Wuhan,4,4
Cupertino,Madrid,4,4
Delhi,Edinburgh,4,4
Boulder,Tel Aviv,4,4
Lausanne,Vienna,4,4
Hsinchu,Moscow,4,4
Abu Dhabi,Cupertino,4,4
Hsinchu,Melbourne,4,4
Kuala Lumpur,New Delhi,4,4
Abu Dhabi,Taipei,4,4
Ho Chi Minh City,Philadelphia,4,4
Atlanta,Geneva,4,4
Budapest,Pittsburgh,4,4
Abu Dhabi,Wuhan,4,4
Delhi,Kuala Lumpur,4,4
Copenhagen,Miami,4,4
San Diego,Tianjin,4,4
Hanoi,Tel Aviv,4,4
Bangkok,Ho Chi Minh City,4,4
Copenhagen,Delft,4,4
New Delhi,Suzhou,4,4
Geneva,Houston,4,4
Miami,Suzhou,4,4
Dallas,Kuala Lumpur,4,4
Delft,Philadelphia,4,4
Dalian,Paris,4,4
Hsinchu,Pune,4,4
Dublin,Hsinchu,4,4
Daejeon,Zurich,4,4
Dalian,Hefei,4,4
Suzhou,Warsaw,4,4
Ottawa,Rome,4,4
Cupertino,Prague,4,4
Dallas,Geneva,4,4
Dublin,Geneva,4,4
Hefei,Istanbul,4,4
Athens,Taipei,4,4
Dalian,Vienna,4,4
Dalian,Warsaw,4,4
Lisbon,Suzhou,4,4
Ankara,Dublin,4,4
Kuala Lumpur,Vienna,4,4
Chengdu,Jakarta,4,4
Houston,Jakarta,4,4
Houston,Waterloo,4,4
Istanbul,Ottawa,4,4
Jakarta,Lisbon,4,4
Jakarta,Palo Alto,4,4
Hefei,Montreal,4,4
Hefei,Vienna,4,4
Milan,Oxford,4,4
Kyoto,Munich,4,4
Cupertino,Houston,4,4
Philadelphia,Suzhou,4,4
Cambridge,Daejeon,4,4
Ankara,Hanoi,4,4
Geneva,Prague,4,4
Kyoto,Paris,4,4
Suzhou,Tel Aviv,4,4
Milan,Tel Aviv,4,4
Chennai,Oxford,4,4
Lausanne,Miami,4,4
Paris,Tianjin,3,3
Chengdu,Lausanne,3,3
Budapest,Xi'an,3,3
Hsinchu,Palo Alto,3,3
Athens,Kuala Lumpur,3,3
Edmonton,Sao Paulo,3,3
Ann Arbor,Miami,3,3
Barcelona,Hsinchu,3,3
Lisbon,Oxford,3,3
Amsterdam,Dalian,3,3
Bangkok,Brisbane,3,3
Denver,Lausanne,3,3
Bangkok,Istanbul,3,3
Boston,Daejeon,3,3
Boston,Dalian,3,3
Ho Chi Minh City,Tianjin,3,3
San Jose,Tianjin,3,3
Dallas,Hanoi,3,3
Hamburg,Kyoto,3,3
Brisbane,Ho Chi Minh City,3,3
Hsinchu,Warsaw,3,3
Lausanne,Milan,3,3
Dalian,Tianjin,3,3
Ann Arbor,Delhi,3,3
Hamburg,Hanoi,3,3
Montreal,Tianjin,3,3
Ann Arbor,Ho Chi Minh City,3,3
Atlanta,Tianjin,3,3
Boulder,Nanjing,3,3
Copenhagen,Kuala Lumpur,3,3
Dalian,Toronto,3,3
Geneva,Redmond,3,3
Atlanta,Hsinchu,3,3
Helsinki,Redmond,3,3
Hsinchu,Stockholm,3,3
Brisbane,Cairo,3,3
Hsinchu,Kyoto,3,3
Kyoto,Xi'an,3,3
Ann Arbor,Taipei,3,3
Dallas,Jakarta,3,3
Nanjing,Phoenix,3,3
Edinburgh,Suzhou,3,3
Phoenix,Redmond,3,3
Daejeon,San Diego,3,3
Daejeon,Palo Alto,3,3
Daejeon,Los Angeles,3,3
Brisbane,Ottawa,3,3
Hefei,Rome,3,3
Denver,Hefei,3,3
Austin,Daejeon,3,3
Ann Arbor,Xi'an,3,3
Lausanne,Xi'an,3,3
Ankara,Kuala Lumpur,3,3
Chicago,Dalian,3,3
Cairo,Ottawa,3,3
Denver,Kyoto,3,3
Delft,Redmond,3,3
Bangkok,Rome,3,3
Bengaluru,Daejeon,3,3
Ankara,Tel Aviv,3,3
Kuala Lumpur,Ottawa,3,3
Tel Aviv,Waterloo,3,3
Dalian,Los Angeles,3,3
Hefei,Hyderabad,3,3
Dallas,Nanjing,3,3
Athens,Bangkok,3,3
Dubai,Ottawa,3,3
Dublin,Phoenix,3,3
Dalian,Ottawa,3,3
Kuala Lumpur,Redmond,3,3
Dalian,Seoul,3,3
Boulder,Kuala Lumpur,3,3
Geneva,Vienna,3,3
Chennai,Hanoi,3,3
Hsinchu,Washington,3,3
Ankara,Pittsburgh,3,3
Daejeon,Hangzhou,3,3
Chennai,Edinburgh,3,3
Edmonton,Madrid,3,3
Ankara,Waterloo,3,3
Hanoi,Pittsburgh,3,3
Phoenix,Xi'an,3,3
Daejeon,Montreal,3,3
Geneva,Mumbai,3,3
Athens,Nanjing,3,3
Lausanne,Warsaw,3,3
Daejeon,Moscow,3,3
Boulder,Helsinki,3,3
Boulder,Oxford,3,3
Daejeon,Guangzhou,3,3
Hsinchu,Suzhou,3,3
Bangkok,Hanoi,3,3
Budapest,Lausanne,3,3
Jakarta,Warsaw,3,3
Hamburg,Phoenix,3,3
Kuala Lumpur,Lisbon,3,3
Abu Dhabi,Pittsburgh,3,3
Cupertino,Redmond,3,3
Ottawa,Redmond,3,3
Hanoi,Sunnyvale,3,3
Hefei,Sao Paulo,3,3
Hanoi,Houston,3,3
Edmonton,Palo Alto,3,3
Daejeon,Dublin,3,3
Tianjin,Zurich,3,3
Chengdu,Rome,3,3
Copenhagen,Hanoi,3,3
Chennai,Hefei,3,3
Hsinchu,San Jose,3,3
Lausanne,Redmond,3,3
Dallas,Edinburgh,3,3
Dallas,Kyoto,3,3
Athens,Ho Chi Minh City,3,3
Chicago,Edmonton,3,3
Ann Arbor,Tianjin,3,3
Budapest,Dalian,3,3
Dubai,Kuala Lumpur,3,3
Moscow,Tianjin,3,3
Ho Chi Minh City,Milan,3,3
Dalian,Montreal,3,3
Edinburgh,Istanbul,3,3
Edinburgh,Rome,3,3
Prague,Tianjin,3,3
Philadelphia,Tianjin,3,3
Boulder,Milan,3,3
Helsinki,Lausanne,3,3
Jakarta,Nanjing,3,3
Cairo,Miami,3,3
Ann Arbor,Hefei,3,3
Mountain View,Tianjin,3,3
Ann Arbor,Hamburg,3,3
Kuala Lumpur,Sunnyvale,3,3
Abu Dhabi,Copenhagen,3,3
Ankara,Copenhagen,3,3
Hsinchu,Philadelphia,3,3
Ankara,Sunnyvale,3,3
Cairo,Nanjing,3,3
Hefei,Pittsburgh,3,3
Redmond,Rome,3,3
Daejeon,Sydney,3,3
Delft,Nanjing,3,3
Ho Chi Minh City,Phoenix,3,3
Ankara,Edmonton,3,3
Edmonton,Waterloo,3,3
Ann Arbor,Oxford,3,3
Ann Arbor,Athens,3,3
Boulder,Brisbane,3,3
Abu Dhabi,Philadelphia,3,3
Hefei,Oxford,3,3
Hanoi,Kolkata,3,3
Kyoto,San Jose,3,3
Lausanne,Oxford,3,3
Brisbane,Lausanne,3,3
Brisbane,Delhi,3,3
Cupertino,Rome,3,3
Athens,Lausanne,3,3
Athens,Delhi,3,3
Delhi,Geneva,3,3
Delft,Sunnyvale,3,3
Abu Dhabi,Cairo,3,3
Dublin,Kuala Lumpur,3,3
Berlin,Dalian,3,3
Geneva,Hamburg,3,3
Geneva,Kuala Lumpur,3,3
Ankara,Cairo,3,3
Dubai,Hanoi,3,3
Cambridge,Geneva,3,3
Hsinchu,Vienna,3,3
Hefei,San Diego,3,3
Hanoi,Lausanne,3,3
Cupertino,Istanbul,3,3
Cupertino,Hefei,3,3
Bangkok,Ottawa,3,3
Ho Chi Minh City,Lausanne,3,3
Palo Alto,Tianjin,3,3
Abu Dhabi,Xi'an,3,3
Helsinki,Suzhou,3,3
Dublin,Tianjin,3,3
Cupertino,Geneva,3,3
Chicago,Geneva,3,3
Chengdu,Geneva,3,3
Hsinchu,Tel Aviv,3,3
Oxford,Rome,3,3
Kuala Lumpur,Taipei,3,3
Cupertino,Suzhou,3,3
Ankara,Chennai,3,3
Athens,Wuhan,3,3
Athens,Helsinki,3,3
Cupertino,Edinburgh,3,3
Ann Arbor,Dubai,3,3
Geneva,Helsinki,3,3
Istanbul,Sunnyvale,3,3
Abu Dhabi,Stockholm,3,3
Ann Arbor,Boulder,3,3
Athens,San Diego,3,3
Cairo,Phoenix,3,3
Athens,Oxford,3,3
Kuala Lumpur,Mountain View,3,3
Athens,Waterloo,3,3
Pittsburgh,Tianjin,3,3
Ankara,Ann Arbor,3,3
Cupertino,Hyderabad,3,3
Ann Arbor,Lausanne,3,3
Austin,Dalian,3,3
Delft,Milan,3,3
Dalian,Stockholm,3,3
Athens,Milan,3,3
Cairo,Kuala Lumpur,3,3
Chennai,Delft,3,3
Delft,Lausanne,3,3
Dalian,Seattle,3,3
Geneva,Xi'an,3,3
Edmonton,Pittsburgh,3,3
Delhi,Nanjing,3,3
Delhi,Wuhan,3,3
Edinburgh,Kolkata,3,3
Delft,Kuala Lumpur,3,3
Hanoi,Palo Alto,3,3
Dublin,Edinburgh,3,3
Cupertino,Stockholm,3,3
Atlanta,Hefei,3,3
Abu Dhabi,Prague,3,3
Abu Dhabi,Washington,3,3
Ankara,Budapest,3,3
Kyoto,Oxford,3,3
Cairo,Jakarta,3,3
Jakarta,Waterloo,3,3
Geneva,Montreal,3,3
Denver,Kolkata,3,3
Daejeon,Seattle,3,3
Guangzhou,Jakarta,3,3
Jakarta,Moscow,3,3
Cupertino,Kolkata,3,3
Delft,Edinburgh,3,3
Jakarta,Rome,3,3
Hefei,Waterloo,3,3
Ankara,Jakarta,3,3
Ankara,Ottawa,3,3
Cambridge,Hsinchu,3,3
Oxford,Waterloo,3,3
Bangkok,Geneva,3,3
Edinburgh,Hefei,3,3
Helsinki,Philadelphia,3,3
Brisbane,Sunnyvale,3,3
Abu Dhabi,Tel Aviv,3,3
Copenhagen,Hefei,2,2
Delft,Ottawa,2,2
Kuala Lumpur,Rome,2,2
Edinburgh,Tianjin,2,2
Cupertino,Tel Aviv,2,2
Budapest,Delft,2,2
Geneva,Suzhou,2,2
Amsterdam,Daejeon,2,2
Cambridge,Kuala Lumpur,2,2
Edmonton,Washington,2,2
Ho Chi Minh City,Suzhou,2,2
Hsinchu,Nanjing,2,2
Istanbul,Jakarta,2,2
Hsinchu,Pittsburgh,2,2
Cupertino,Waterloo,2,2
Delft,Istanbul,2,2
Ho Chi Minh City,Ottawa,2,2
Abu Dhabi,Dallas,2,2
Hsinchu,Hyderabad,2,2
Ankara,Edinburgh,2,2
Hsinchu,Lisbon,2,2
Abu Dhabi,Houston,2,2
Milan,Waterloo,2,2
Phoenix,Wuhan,2,2
Hanoi,Ottawa,2,2
Geneva,Guangzhou,2,2
Cupertino,Ho Chi Minh City,2,2
Budapest,Phoenix,2,2
Delhi,Xi'an,2,2
Copenhagen,Edmonton,2,2
Edinburgh,Milan,2,2
Delhi,Suzhou,2,2
Lisbon,Ottawa,2,2
Houston,Phoenix,2,2
Berlin,Daejeon,2,2
Cupertino,Hanoi,2,2
Kolkata,Tianjin,2,2
Chennai,Lausanne,2,2
Jakarta,San Diego,2,2
Hefei,Kuala Lumpur,2,2
Dublin,Kyoto,2,2
Jakarta,Ottawa,2,2
Hanoi,Xi'an,2,2
Edmonton,Prague,2,2
Edmonton,Tel Aviv,2,2
Oxford,Suzhou,2,2
Jakarta,Mountain View,2,2
Bangkok,Houston,2,2
Kyoto,Philadelphia,2,2
Athens,Tianjin,2,2
Dalian,Sunnyvale,2,2
Brisbane,Delft,2,2
Bengaluru,Kyoto,2,2
Boulder,Redmond,2,2
Edmonton,Ho Chi Minh City,2,2
Daejeon,Wuhan,2,2
Budapest,Geneva,2,2
Dalian,Istanbul,2,2
Cupertino,Phoenix,2,2
Abu Dhabi,San Diego,2,2
Ann Arbor,Waterloo,2,2
Dallas,Hefei,2,2
Kyoto,San Diego,2,2
Dalian,Hyderabad,2,2
Budapest,Edinburgh,2,2
Hefei,Ho Chi Minh City,2,2
Dalian,Moscow,2,2
Kyoto,Moscow,2,2
Hanoi,Tianjin,2,2
Budapest,Edmonton,2,2
Ho Chi Minh City,Kyoto,2,2
Bangkok,Cupertino,2,2
Dalian,Denver,2,2
Dalian,Munich,2,2
Dalian,Pittsburgh,2,2
Chennai,Kyoto,2,2
Helsinki,Jakarta,2,2
Helsinki,Palo Alto,2,2
Helsinki,Sunnyvale,2,2
Bangkok,Kuala Lumpur,2,2
Delft,Delhi,2,2
Helsinki,Ho Chi Minh City,2,2
Ann Arbor,Lisbon,2,2
Hefei,Houston,2,2
Oxford,Sunnyvale,2,2
Hefei,Washington,2,2
Cupertino,Dubai,2,2
Dalian,Zurich,2,2
Stockholm,Tianjin,2,2
Geneva,Ottawa,2,2
Berlin,Kyoto,2,2
Jakarta,Kuala Lumpur,2,2
Oxford,Tianjin,2,2
Chennai,Hsinchu,2,2
Miami,Tianjin,2,2
Daejeon,Ottawa,2,2
Bangkok,Dalian,2,2
Phoenix,Waterloo,2,2
Hefei,Prague,2,2
Abu Dhabi,Budapest,2,2
Daejeon,Singapore,2,2
Jakarta,Tel Aviv,2,2
Kuala Lumpur,Pittsburgh,2,2
Daejeon,Suzhou,2,2
Hefei,Madrid,2,2
Daejeon,Warsaw,2,2
Brisbane,Edmonton,2,2
Cupertino,Kuala Lumpur,2,2
Cupertino,Mumbai,2,2
Kolkata,Oxford,2,2
Daejeon,Nanjing,2,2
Kyoto,Mumbai,2,2
Delft,Waterloo,2,2
Hanoi,Miami,2,2
Chicago,Kyoto,2,2
Cairo,Edmonton,2,2
Abu Dhabi,Istanbul,2,2
Hsinchu,Rome,2,2
Abu Dhabi,Rome,2,2
Hsinchu,Sunnyvale,2,2
Hanoi,Hsinchu,2,2
Sao Paulo,Tianjin,2,2
Edmonton,Redmond,2,2
Ann Arbor,Istanbul,2,2
Edmonton,Wuhan,2,2
Edmonton,Houston,2,2
Hanoi,Redmond,2,2
Abu Dhabi,Ottawa,2,2
Cairo,Oxford,2,2
Abu Dhabi,Waterloo,2,2
Abu Dhabi,Ho Chi Minh City,2,2
Tianjin,Washington,2,2
Geneva,Rome,2,2
Kyoto,Vienna,2,2
Edinburgh,Kuala Lumpur,2,2
Ottawa,Phoenix,2,2
Delft,Tel Aviv,2,2
Hefei,Philadelphia,2,2
Helsinki,Xi'an,2,2
Athens,Sunnyvale,2,2
Ankara,Miami,2,2
Cupertino,Tianjin,2,2
Boulder,Chengdu,2,2
Hsinchu,New Delhi,2,2
Hsinchu,Kolkata,2,2
Geneva,Palo Alto,2,2
Delhi,Hsinchu,2,2
Cairo,Sunnyvale,2,2
Ankara,Athens,2,2
Geneva,Philadelphia,2,2
Edinburgh,Ottawa,2,2
Kyoto,Pune,2,2
Hefei,Helsinki,2,2
Daejeon,Pittsburgh,2,2
Daejeon,Paris,2,2
Daejeon,Madrid,2,2
Daejeon,Kolkata,2,2
Denver,Geneva,2,2
Phoenix,Tel Aviv,2,2
Hsinchu,Jakarta,2,2
Brisbane,Daejeon,2,2
Jakarta,Philadelphia,2,2
Abu Dhabi,Brisbane,2,2
Cupertino,Delft,2,2
Delft,Rome,2,2
Kyoto,Warsaw,2,2
Abu Dhabi,Hanoi,2,2
Chicago,Daejeon,2,2
Bangkok,Edinburgh,2,2
Ottawa,Waterloo,2,2
Guangzhou,Kyoto,2,2
Daejeon,Taipei,2,2
Edinburgh,Hanoi,2,2
Brisbane,Geneva,2,2
Istanbul,Phoenix,2,2
Cambridge,Jakarta,2,2
Ankara,Daejeon,2,2
Hefei,Kyoto,2,2
Hefei,Mumbai,2,2
Cupertino,Dalian,2,2
Kyoto,Waterloo,2,2
Lausanne,Ottawa,2,2
Edmonton,San Diego,2,2
Hanoi,Nanjing,2,2
Delft,Miami,2,2
Jakarta,Lausanne,2,2
Ankara,Suzhou,2,2
Lausanne,Suzhou,2,2
Abu Dhabi,Bangkok,2,2
Kuala Lumpur,Milan,2,2
Lausanne,Rome,2,2
Ann Arbor,Delft,2,2
Edinburgh,Helsinki,2,2
Hanoi,Helsinki,2,2
Chennai,Geneva,2,2
Boulder,Jakarta,2,2
Geneva,Nanjing,2,2
Kyoto,Prague,2,2
Istanbul,Kuala Lumpur,2,2
Brisbane,Copenhagen,2,2
Delft,Kolkata,2,2
Geneva,Tianjin,2,2
Dubai,Hefei,2,2
Kyoto,Madrid,2,2
Cairo,Suzhou,2,2
Mumbai,Tianjin,2,2
Cupertino,Lausanne,2,2
Daejeon,Redmond,2,2
Brisbane,Suzhou,2,2
Copenhagen,Jakarta,2,2
Ankara,Phoenix,2,2
Budapest,Hanoi,2,2
Kolkata,Kuala Lumpur,2,2
Kuala Lumpur,Oxford,2,2
Kyoto,Suzhou,2,2
Brisbane,Waterloo,2,2
Hsinchu,Sao Paulo,2,2
Bangkok,Phoenix,2,2
Ankara,Xi'an,2,2
Cambridge,Dalian,2,2
Cairo,Waterloo,2,2
Dalian,Melbourne,2,2
Ankara,Lausanne,2,2
Copenhagen,Ottawa,2,2
Ann Arbor,Daejeon,2,2
Daejeon,Pune,1,1
Daejeon,Philadelphia,1,1
Kyoto,Palo Alto,1,1
Cupertino,Jakarta,1,1
Geneva,Phoenix,1,1
Dalian,San Jose,1,1
Ann Arbor,Cupertino,1,1
New Delhi,Tianjin,1,1
Cupertino,Kyoto,1,1
Ann Arbor,Budapest,1,1
Atlanta,Dalian,1,1
Oxford,Phoenix,1,1
Daejeon,Vancouver,1,1
Hefei,Phoenix,1,1
Cupertino,Edmonton,1,1
Geneva,Hanoi,1,1
Ann Arbor,Hanoi,1,1
Dalian,Washington,1,1
Boulder,Dalian,1,1
Chennai,Edmonton,1,1
Chengdu,Edmonton,1,1
Delft,Hefei,1,1
Bangkok,Edmonton,1,1
Houston,Kyoto,1,1
Cairo,Hefei,1,1
Dalian,Ho Chi Minh City,1,1
Tianjin,Warsaw,1,1
Daejeon,Munich,1,1
Daejeon,Oxford,1,1
Delft,Ho Chi Minh City,1,1
Daejeon,Melbourne,1,1
Houston,Hsinchu,1,1
Edmonton,Kolkata,1,1
Dalian,Sao Paulo,1,1
Redmond,Tianjin,1,1
Kuala Lumpur,Phoenix,1,1
Hefei,Hsinchu,1,1
Ottawa,Tianjin,1,1
Kyoto,Ottawa,1,1
Daejeon,Prague,1,1
Delft,Xi'an,1,1
Edmonton,Nanjing,1,1
Daejeon,New Delhi,1,1
Athens,Kyoto,1,1
Dallas,Suzhou,1,1
Kyoto,Sao Paulo,1,1
Hanoi,Oxford,1,1
Ankara,Philadelphia,1,1
Lisbon,Tianjin,1,1
Istanbul,Kyoto,1,1
Copenhagen,Suzhou,1,1
Brisbane,Tianjin,1,1
Dalian,Kolkata,1,1
Edmonton,Rome,1,1
Daejeon,Hamburg,1,1
Edmonton,Phoenix,1,1
Hyderabad,Kyoto,1,1
Dalian,Lisbon,1,1
Geneva,Lausanne,1,1
Jakarta,Phoenix,1,1
Abu Dhabi,Jakarta,1,1
Dalian,Miami,1,1
Dalian,Hsinchu,1,1
Dalian,Dallas,1,1
Delft,Tianjin,1,1
Ann Arbor,Jakarta,1,1
Edinburgh,Lisbon,1,1
Daejeon,Houston,1,1
Cairo,Hsinchu,1,1
Athens,Geneva,1,1
Athens,Ottawa,1,1
Hsinchu,Tianjin,1,1
Jakarta,Oxford,1,1
Bangkok,Xi'an,1,1
Brisbane,Cupertino,1,1
Edmonton,Helsinki,1,1
Madrid,Tianjin,1,1
Boulder,Hsinchu,1,1
Kyoto,Tianjin,1,1
Dalian,Mountain View,1,1
Hsinchu,Mumbai,1,1
Hsinchu,Waterloo,1,1
Jakarta,Suzhou,1,1
Daejeon,Lisbon,1,1
Delft,Hanoi,1,1
Cairo,Ho Chi Minh City,1,1
Brisbane,Dalian,1,1
Hefei,New Delhi,1,1
Hanoi,Philadelphia,1,1
Bangkok,Suzhou,1,1
Dalian,Delft,1,1
Dalian,Pune,1,1
Bangkok,Lausanne,1,1
Athens,Edinburgh,1,1
Hefei,Ottawa,1,1
Ankara,Delft,1,1
Hamburg,Hefei,1,1
Dubai,Jakarta,1,1
Boulder,Suzhou,1,1
Abu Dhabi,Redmond,1,1
Abu Dhabi,Kuala Lumpur,1,1
Ankara,Kyoto,1,1
Abu Dhabi,Hefei,1,1
Abu Dhabi,Kyoto,1,1
Dalian,Dublin,1,1
Dalian,Mumbai,1,1
Dalian,New Delhi,1,1
Suzhou,Waterloo,1,1
Hefei,Lisbon,1,1
Geneva,Sunnyvale,1,1
Hanoi,San Diego,1,1
Brisbane,Hanoi,1,1
Kuala Lumpur,Palo Alto,1,1
Hefei,Kolkata,1,1
Cupertino,Delhi,1,1
Dalian,Palo Alto,1,1
Boulder,Geneva,1,1
Ankara,Cupertino,1,1
Houston,Oxford,1,1
Hefei,Miami,1,1
Geneva,Hefei,1,1
Dublin,Hefei,1,1
Hsinchu,Lausanne,1,1
Edinburgh,Kyoto,1,1
Dubai,Tianjin,1,1
Edinburgh,Waterloo,1,1
Budapest,Hefei,1,1
Chengdu,Daejeon,1,1
Chennai,Daejeon,1,1
Daejeon,Dalian,1,1
Daejeon,Hefei,1,1
Daejeon,Hyderabad,1,1
Daejeon,Kuala Lumpur,1,1
Daejeon,Rome,1,1
Hsinchu,Ottawa,1,1
Daejeon,Vienna,1,1
Dalian,Kuala Lumpur,1,1
Rome,Suzhou,1,1
Dalian,Rome,1,1
Dalian,Sydney,1,1
Kuala Lumpur,Suzhou,1,1
Budapest,Daejeon,1,1
Barcelona,Daejeon,1,1
Hanoi,Kuala Lumpur,1,1
Kyoto,Sunnyvale,1,1
Abu Dhabi,Hsinchu,1,1
Abu Dhabi,Hamburg,1,1
Daejeon,Stockholm,1,1
Daejeon,Ho Chi Minh City,1,1
Daejeon,Dallas,1,1
Kyoto,Nanjing,1,1
Ann Arbor,Bangkok,1,1
Daejeon,Waterloo,1,1
Copenhagen,Geneva,1,1
Atlanta,Kyoto,1,1
Cairo,Kyoto,1,1
Kyoto,Rome,1,1
Abu Dhabi,Phoenix,1,1
Hefei,Redmond,1,1
Cupertino,Milan,1,1
Edmonton,Hanoi,1,1
Hefei,Milan,1,1
Ankara,Hefei,1,1
Kolkata,Kyoto,1,1
Brisbane,Kyoto,1,1
Bangkok,Kyoto,1,1
Dalian,San Diego,1,1
Dalian,Prague,1,1
Cairo,Dalian,1,1
Bangkok,Cairo,1,1
Ankara,Dalian,1,1
Sunnyvale,Tianjin,1,1
Edmonton,Istanbul,1,1
Hefei,Tel Aviv,1,1
Hefei,Lausanne,1,1
Ho Chi Minh City,Kuala Lumpur,1,1
Geneva,Pittsburgh,1,1
Hefei,Jakarta,1,1
Kyoto,Lisbon,1,1
Kyoto,New Delhi,1,1
Kyoto,Pittsburgh,1,1
Phoenix,Suzhou,1,1
Edinburgh,Phoenix,1,1
Brisbane,Hefei,1,1
Geneva,Sao Paulo,1,1
Delft,Phoenix,1,1
Cairo,Delft,1,1
Lausanne,Phoenix,1,1
Abu Dhabi,Denver,1,1
Copenhagen,Tianjin,1,1
Ankara,Hsinchu,1,1
Tianjin,Waterloo,1,1
Rome,Tianjin,1,1
Phoenix,Tianjin,1,1
Helsinki,Tianjin,1,1
Delhi,Tianjin,1,1
Hanoi,Hefei,1,1
Houston,Kuala Lumpur,1,1
Jakarta,Redmond,1,1
Kolkata,Warsaw,1,1
Edmonton,Xi'an,1,1
Edmonton,Ottawa,1,1
Ann Arbor,Edmonton,1,1
Daejeon,Xi'an,1,1
Daejeon,Washington,1,1
Daejeon,Tel Aviv,1,1
Daejeon,Sunnyvale,1,1
Daejeon,San Jose,1,1
Daejeon,Mumbai,1,1
Daejeon,Mountain View,1,1
Daejeon,Lausanne,1,1
Daejeon,Edinburgh,1,1
Abu Dhabi,Daejeon,1,1
Geneva,Jakarta,1,1
Budapest,Hsinchu,1,1
Cairo,Tel Aviv,1,1
Delhi,Edmonton,1,1
Edinburgh,Edmonton,1,1
Daejeon,Edmonton,1,1
Boulder,Edinburgh,1,1
Helsinki,Kuala Lumpur,1,1
Athens,Xi'an,1,1
Athens,Dubai,1,1
Daejeon,Delft,1,1
Istanbul,Lausanne,1,1
Ann Arbor,Dalian,1,1
Edmonton,Kuala Lumpur,1,1
Guangzhou,Phoenix,1,1
Hanoi,Rome,1,1
Sao Paulo,Suzhou,1,1
Brisbane,Kuala Lumpur,1,1
Bangkok,Delft,1,1
Edmonton,Oxford,1,1
Cairo,Xi'an,1,1
